sentence_id,sentence_text,target_span,entity_type,source,dep,dep_gloss,governing_verb
s00154,"the Spirits Whose presence I command, and be the slave Of those who served me--Never! _",Spirits,NATURE,gold,ROOT,Root of the sentence,spirit
s00432,"I replied, however, that we were on a voyage of discovery towards the northern pole.",pole,LANDSCAPE,gold,pobj,Object of Preposition,towards
s00185,I remembered the effect that the view of the tremendous and ever-moving glacier had produced upon my mind when I first saw it.,glacier,LANDSCAPE,gold,pobj,Object of Preposition,of
s00101,I am all feebleness--the mountains whirl Spinning around me----I grow blind----What art thou?,mountains,LANDSCAPE,gold,nsubj,Active Subject (doing the action),whirl
s00382,"I have often attributed my attachment to, my passionate enthusiasm for, the dangerous mysteries of ocean to that production of the most imaginative of modern poets.",ocean,LANDSCAPE,gold,pobj,Object of Preposition,of
s00766,"All stood together on the deck, For a charnel-dungeon fitter: All fixed on me their stony eyes, That in the Moon did glitter.",Moon,WEATHER,gold,pobj,Object of Preposition,in
s00761,"The air is cut away before, And closes from behind.",air,WEATHER,gold,nsubjpass,Passive Subject (action done to it),cut
s00728,"The loud wind never reached the ship, Yet now the ship moved on!",wind,WEATHER,gold,nsubj,Active Subject (doing the action),reach
s00258,"I have wandered here many days; the caves of ice, which I only do not fear, are a dwelling to me, and the only one which man does not grudge.",caves,LANDSCAPE,gold,nsubj,Active Subject (doing the action),be
s00258,"I have wandered here many days; the caves of ice, which I only do not fear, are a dwelling to me, and the only one which man does not grudge.",ice,WEATHER,gold,pobj,Object of Preposition,of
s00090,"The mists begin to rise from up the valley; I'll warn him to descend, or he may chance To lose at once his way and life together.",valley,LANDSCAPE,gold,pobj,Object of Preposition,up
s00090,"The mists begin to rise from up the valley; I'll warn him to descend, or he may chance To lose at once his way and life together.",mists,WEATHER,gold,nsubj,Active Subject (doing the action),begin
s00300,I try in vain to be persuaded that the pole is the seat of frost and desolation; it ever presents itself to my imagination as the region of beauty and delight.,frost,WEATHER,gold,pobj,Object of Preposition,of
s00300,I try in vain to be persuaded that the pole is the seat of frost and desolation; it ever presents itself to my imagination as the region of beauty and delight.,pole,LANDSCAPE,gold,nsubj,Active Subject (doing the action),be
s00376,"The winter has been dreadfully severe, but the spring promises well, and it is considered as a remarkably early season, so that perhaps I may sail sooner than I expected.",spring,WEATHER,gold,nsubj,Active Subject (doing the action),promise
s00376,"The winter has been dreadfully severe, but the spring promises well, and it is considered as a remarkably early season, so that perhaps I may sail sooner than I expected.",winter,WEATHER,gold,nsubj,Active Subject (doing the action),be
s00867,"The birds around me hopp’d and play’d: Their thoughts I cannot measure, But the least motion which they made, It seem’d a thrill of pleasure.",birds,FAUNA,gold,nsubj,Active Subject (doing the action),hopp’d
s00301,"There, Margaret, the sun is for ever visible, its broad disk just skirting the horizon and diffusing a perpetual splendour.",sun,WEATHER,gold,nsubj,Active Subject (doing the action),be
s00142,Daughter of Air!,Daughter of Air,NATURE,gold,ROOT,Root of the sentence,Daughter
s00505,"You seek for knowledge and wisdom, as I once did; and I ardently hope that the gratification of your wishes may not be a serpent to sting you, as mine has been.",serpent,FAUNA,gold,attr,Attribute (X is a Y),be
s00620,"With sloping masts and dipping prow, As who pursued with yell and blow Still treads the shadow of his foe And forward bends his head, The ship drove fast, loud roared the blast, And southward aye we fled.",blast,WEATHER,gold,nsubj,Active Subject (doing the action),roar
s00465,"I said in one of my letters, my dear Margaret, that I should find no friend on the wide ocean; yet I have found a man who, before his spirit had been broken by misery, I should have been happy to have possessed as the brother of my heart.",ocean,LANDSCAPE,gold,pobj,Object of Preposition,on
s00096,"Such would have been for me a fitting tomb; My bones had then been quiet in their depth; They had not then been strewn upon the rocks For the wind's pastime--as thus--thus they shall be-- In this one plunge.--Farewell, ye opening Heavens!",wind,WEATHER,gold,poss,Other (poss),pastime
s00096,"Such would have been for me a fitting tomb; My bones had then been quiet in their depth; They had not then been strewn upon the rocks For the wind's pastime--as thus--thus they shall be-- In this one plunge.--Farewell, ye opening Heavens!",rocks,LANDSCAPE,gold,pobj,Object of Preposition,upon
s00096,"Such would have been for me a fitting tomb; My bones had then been quiet in their depth; They had not then been strewn upon the rocks For the wind's pastime--as thus--thus they shall be-- In this one plunge.--Farewell, ye opening Heavens!",Heavens,WEATHER,gold,dobj,Direct Object (action done to it),open
s00703,"I looked upon the rotting sea, And drew my eyes away; I looked upon the rotting deck, And there the dead men lay.",sea,LANDSCAPE,gold,pobj,Object of Preposition,upon
s00622,And through the drifts the snowy clifts Did send a dismal sheen: Nor shapes of men nor beasts we ken--,beasts,FAUNA,gold,conj,Conjoined Element (shares role with another entity),shape
s00622,And through the drifts the snowy clifts Did send a dismal sheen: Nor shapes of men nor beasts we ken--,drifts,WEATHER,gold,pobj,Object of Preposition,through
s00622,And through the drifts the snowy clifts Did send a dismal sheen: Nor shapes of men nor beasts we ken--,clifts,LANDSCAPE,gold,nsubj,Active Subject (doing the action),send
s00775,Is this the hill?,hill,LANDSCAPE,gold,attr,Attribute (X is a Y),be
s00719,"The silly buckets on the deck, That had so long remained, I dreamt that they were filled with dew; And when I awoke, it rained.",dew,WEATHER,gold,pobj,Object of Preposition,with
s00298,"This breeze, which has travelled from the regions towards which I am advancing, gives me a foretaste of those icy climes.",breeze,WEATHER,gold,nsubj,Active Subject (doing the action),give
s00424,"In the morning, however, as soon as it was light, I went upon deck and found all the sailors busy on one side of the vessel, apparently talking to someone in the sea.",sea,LANDSCAPE,gold,pobj,Object of Preposition,in
s00796,"He'll shrieve my soul, he'll wash away The Albatross's blood.",Albatross,FAUNA,gold,poss,Other (poss),blood
s00024,"But where of ye, O tempests! is the goal?",tempests,WEATHER,gold,npadvmod,Other (npadvmod),where
s00411,"we were nearly surrounded by ice, which closed in the ship on all sides, scarcely leaving her the sea-room in which she floated.",ice,WEATHER,gold,pobj,Object of Preposition,by
s00534,"Power dwells apart in its tranquillity, Remote, serene, and inaccessible: And THIS, the naked countenance of earth, On which I gaze, even these primaeval mountains Teach the adverting mind.",mountains,LANDSCAPE,gold,appos,Appositive,this
s00534,"Power dwells apart in its tranquillity, Remote, serene, and inaccessible: And THIS, the naked countenance of earth, On which I gaze, even these primaeval mountains Teach the adverting mind.",Power,NATURE,gold,nsubj,Active Subject (doing the action),dwell
s00534,"Power dwells apart in its tranquillity, Remote, serene, and inaccessible: And THIS, the naked countenance of earth, On which I gaze, even these primaeval mountains Teach the adverting mind.",earth,LANDSCAPE,gold,pobj,Object of Preposition,of
s00750,"By him who died on cross, With his cruel bow he laid full low, The harmless Albatross.",Albatross,FAUNA,gold,dep,Other (dep),lay
s00087,Which I outlive!--Ye toppling crags of ice!,crags,LANDSCAPE,gold,dobj,Direct Object (action done to it),topple
s00087,Which I outlive!--Ye toppling crags of ice!,ice,WEATHER,gold,pobj,Object of Preposition,of
s00714,"no tongue Their beauty might declare: A spring of love gushed from my heart, And I blessed them unaware: Sure my kind saint took pity on me, And I blessed them unaware.",spring,WEATHER,gold,nsubj,Active Subject (doing the action),gush
s00743,"Under the keel nine fathom deep, From the land of mist and snow, The spirit slid: and it was he That made the ship to go.",snow,WEATHER,gold,conj,Conjoined Element (shares role with another entity),mist
s00743,"Under the keel nine fathom deep, From the land of mist and snow, The spirit slid: and it was he That made the ship to go.",spirit,NATURE,gold,nsubj,Active Subject (doing the action),slide
s00743,"Under the keel nine fathom deep, From the land of mist and snow, The spirit slid: and it was he That made the ship to go.",mist,WEATHER,gold,pobj,Object of Preposition,of
s00667,"Hither to work us weal; Without a breeze, without a tide, She steadies with upright keel!",breeze,WEATHER,gold,pobj,Object of Preposition,without
s00532,"The wilderness has a mysterious tongue Which teaches awful doubt, or faith so mild, So solemn, so serene, that man may be, But for such faith, with nature reconciled; Thou hast a voice, great Mountain, to repeal Large codes of fraud and woe; not understood By all, but which the wise, and great, and good Interpret, or make felt, or deeply feel.",Mountain,LANDSCAPE,gold,npadvmod,Other (npadvmod),hast
s00532,"The wilderness has a mysterious tongue Which teaches awful doubt, or faith so mild, So solemn, so serene, that man may be, But for such faith, with nature reconciled; Thou hast a voice, great Mountain, to repeal Large codes of fraud and woe; not understood By all, but which the wise, and great, and good Interpret, or make felt, or deeply feel.",wilderness,LANDSCAPE,gold,nsubj,Active Subject (doing the action),have
s00621,"And now there came both mist and snow, And it grew wondrous cold: And ice, mast-high, came floating by, As green as emerald.",snow,WEATHER,gold,conj,Conjoined Element (shares role with another entity),mist
s00621,"And now there came both mist and snow, And it grew wondrous cold: And ice, mast-high, came floating by, As green as emerald.",ice,WEATHER,gold,nsubj,Active Subject (doing the action),came
s00621,"And now there came both mist and snow, And it grew wondrous cold: And ice, mast-high, came floating by, As green as emerald.",mist,WEATHER,gold,nsubj,Active Subject (doing the action),come
s00203,A mist covered both that and the surrounding mountains.,mountains,LANDSCAPE,gold,conj,Conjoined Element (shares role with another entity),that
s00203,A mist covered both that and the surrounding mountains.,mist,WEATHER,gold,nsubj,Active Subject (doing the action),cover
s00202,For some time I sat upon the rock that overlooks the sea of ice.,sea of ice,LANDSCAPE,gold,dobj,Direct Object (action done to it),overlook
s00202,For some time I sat upon the rock that overlooks the sea of ice.,rock,LANDSCAPE,gold,pobj,Object of Preposition,upon
s00496,"The starry sky, the sea, and every sight afforded by these wonderful regions seem still to have the power of elevating his soul from earth.",sea,LANDSCAPE,gold,conj,Conjoined Element (shares role with another entity),sky
s00496,"The starry sky, the sea, and every sight afforded by these wonderful regions seem still to have the power of elevating his soul from earth.",sky,WEATHER,gold,nsubj,Active Subject (doing the action),seem
s00771,"It raised my hair, it fanned my cheek Like a meadow-gale of spring-- It mingled strangely with my fears, Yet it felt like a welcoming.",gale,WEATHER,gold,pobj,Object of Preposition,like
s00196,"If our impulses were confined to hunger, thirst, and desire, we might be nearly free; but now we are moved by every wind that blows and a chance word or scene that that word may convey to us.",wind,WEATHER,gold,pobj,Object of Preposition,by
s00661,"As if it dodged a water-sprite, It plunged and tacked and veered.",water-sprite,NATURE,gold,dobj,Direct Object (action done to it),dodge
s00795,He singeth loud his godly hymns That he makes in the wood.,wood,FLORA,gold,pobj,Object of Preposition,in
s00695,"And thou art long, and lank, and brown, As is the ribbed sea-sand.",sea-sand,LANDSCAPE,gold,nsubj,Active Subject (doing the action),be
s00615,"And he shone bright, and on the right Went down into the sea.",sea,LANDSCAPE,gold,pobj,Object of Preposition,into
s00642,"Day after day, day after day, We stuck, nor breath nor motion; As idle as a painted ship Upon a painted ocean.",ocean,LANDSCAPE,gold,pobj,Object of Preposition,upon
s00642,"Day after day, day after day, We stuck, nor breath nor motion; As idle as a painted ship Upon a painted ocean.",breath,WEATHER,gold,conj,Conjoined Element (shares role with another entity),stick
s00169,"Yet in this hour I dread the thing I dare: Until this hour I never shrunk to gaze 200 On spirit, good or evil--now I tremble, And feel a strange cold thaw upon my heart.",thaw,WEATHER,gold,dobj,Direct Object (action done to it),feel
s00814,"Stunned by that loud and dreadful sound, Which sky and ocean smote, Like one that hath been seven days drowned My body lay afloat; But swift as dreams, myself I found Within the Pilot's boat.",ocean,LANDSCAPE,gold,conj,Conjoined Element (shares role with another entity),sky
s00814,"Stunned by that loud and dreadful sound, Which sky and ocean smote, Like one that hath been seven days drowned My body lay afloat; But swift as dreams, myself I found Within the Pilot's boat.",sky,WEATHER,gold,nsubj,Active Subject (doing the action),smite
s00332,"The cold is not excessive, if you are wrapped in furs—a dress which I have already adopted, for there is a great difference between walking the deck and remaining seated motionless for hours, when no exercise prevents the blood from actually freezing in your veins.",cold,WEATHER,gold,nsubj,Active Subject (doing the action),be
s00800,He kneels at morn and noon and eve-- He hath a cushion plump: It is the moss that wholly hides The rotted old oak-stump.,oak-stump,FLORA,gold,dobj,Direct Object (action done to it),hide
s00800,He kneels at morn and noon and eve-- He hath a cushion plump: It is the moss that wholly hides The rotted old oak-stump.,moss,FLORA,gold,attr,Attribute (X is a Y),be
s00868,"The budding twigs spread out their fan, To catch the breezy air; And I must think, do all I can, That there was pleasure there.",air,WEATHER,gold,dobj,Direct Object (action done to it),catch
s00868,"The budding twigs spread out their fan, To catch the breezy air; And I must think, do all I can, That there was pleasure there.",twigs,FLORA,gold,nsubj,Active Subject (doing the action),spread
s00014,"Far along, From peak to peak, the rattling crags among, Leaps the live thunder!",crags,LANDSCAPE,gold,dep,Other (dep),leap
s00014,"Far along, From peak to peak, the rattling crags among, Leaps the live thunder!",thunder,WEATHER,gold,nsubj,Active Subject (doing the action),leap
s00014,"Far along, From peak to peak, the rattling crags among, Leaps the live thunder!",peak,LANDSCAPE,gold,pobj,Object of Preposition,from
s00722,"And soon I heard a roaring wind: It did not come anear; But with its sound it shook the sails, That were so thin and sere.",wind,WEATHER,gold,dobj,Direct Object (action done to it),hear
s00699,"Alone, alone, all, all alone, Alone on a wide wide sea!",sea,LANDSCAPE,gold,pobj,Object of Preposition,on
s00783,"And the bay was white with silent light, Till rising from the same, Full many shapes, that shadows were, In crimson colours came.",bay,LANDSCAPE,gold,nsubj,Active Subject (doing the action),be
s00680,"Her lips were red, her looks were free, Her locks were yellow as gold: Her skin was as white as leprosy, The Night-Mare LIFE-IN-DEATH was she, Who thicks man's blood with cold.",cold,WEATHER,gold,pobj,Object of Preposition,with
s00450,"“Then I fancy we have seen him, for the day before we picked you up we saw some dogs drawing a sledge, with a man in it, across the ice.”",dogs,FAUNA,gold,nsubj,Active Subject (doing the action),draw
s00632,"From the fiends, that plague thee thus!-- Why look'st thou so?""--With my cross-bow I shot the ALBATROSS.",ALBATROSS,FAUNA,gold,dobj,Direct Object (action done to it),shoot
s00384,"I am practically industrious—painstaking, a workman to execute with perseverance and labour—but besides this there is a love for the marvellous, a belief in the marvellous, intertwined in all my projects, which hurries me out of the common pathways of men, even to the wild sea and unvisited regions I am about to explore.",sea,LANDSCAPE,gold,pobj,Object of Preposition,to
s00815,"Upon the whirl, where sank the ship, The boat spun round and round; And all was still, save that the hill Was telling of the sound.",hill,LANDSCAPE,gold,nsubj,Active Subject (doing the action),tell
s00815,"Upon the whirl, where sank the ship, The boat spun round and round; And all was still, save that the hill Was telling of the sound.",whirl,LANDSCAPE,gold,pobj,Object of Preposition,upon
s00580,"Hail to thee, blithe Spirit!",Spirit,NATURE,gold,npadvmod,Other (npadvmod),hail
s00674,"Are those her sails that glance in the Sun, Like restless gossameres!",Sun,WEATHER,gold,pobj,Object of Preposition,in
s00004,"It is the hush of night, and all between Thy margin and the mountains, dusk, yet clear, Mellowed and mingling, yet distinctly seen.",mountains,LANDSCAPE,gold,conj,Conjoined Element (shares role with another entity),margin
s00004,"It is the hush of night, and all between Thy margin and the mountains, dusk, yet clear, Mellowed and mingling, yet distinctly seen.",night,WEATHER,gold,pobj,Object of Preposition,of
s00004,"It is the hush of night, and all between Thy margin and the mountains, dusk, yet clear, Mellowed and mingling, yet distinctly seen.",margin,LANDSCAPE,gold,pobj,Object of Preposition,between
s00571,"With wings folded I rest, on mine aery nest, As still as a brooding dove.",dove,FAUNA,gold,pobj,Object of Preposition,as
s00592,What objects are the fountains Of thy happy strain?,fountains,LANDSCAPE,gold,nsubj,Active Subject (doing the action),be
s00649,And some in dreams assured were Of the spirit that plagued us so: Nine fathom deep he had followed us From the land of mist and snow.,spirit,NATURE,gold,pobj,Object of Preposition,of
s00649,And some in dreams assured were Of the spirit that plagued us so: Nine fathom deep he had followed us From the land of mist and snow.,snow,WEATHER,gold,conj,Conjoined Element (shares role with another entity),mist
s00649,And some in dreams assured were Of the spirit that plagued us so: Nine fathom deep he had followed us From the land of mist and snow.,mist,WEATHER,gold,pobj,Object of Preposition,of
s00201,It was nearly noon when I arrived at the top of the ascent.,ascent,LANDSCAPE,gold,pobj,Object of Preposition,of
s00421,"About two hours after this occurrence we heard the ground sea, and before night the ice broke and freed our ship.",sea,LANDSCAPE,gold,dobj,Direct Object (action done to it),hear
s00421,"About two hours after this occurrence we heard the ground sea, and before night the ice broke and freed our ship.",ice,WEATHER,gold,nsubj,Active Subject (doing the action),break
s00746,"Then like a pawing horse let go, She made a sudden bound: It flung the blood into my head, And I fell down in a swound.",horse,FAUNA,gold,nsubj,Active Subject (doing the action),let
s00756,What is the OCEAN doing?,OCEAN,LANDSCAPE,gold,nsubj,Active Subject (doing the action),do
s00207,The opposite mountain is a bare perpendicular rock.,mountain,LANDSCAPE,gold,nsubj,Active Subject (doing the action),be
s00207,The opposite mountain is a bare perpendicular rock.,rock,LANDSCAPE,gold,attr,Attribute (X is a Y),be
s00296,"I am already far north of London, and as I walk in the streets of Petersburgh, I feel a cold northern breeze play upon my cheeks, which braces my nerves and fills me with delight.",breeze,WEATHER,gold,nsubj,Active Subject (doing the action),play
s00581,"Bird thou never wert, That from Heaven, or near it, Pourest thy full heart In profuse strains of unpremeditated art.",Bird,FAUNA,gold,dep,Other (dep),pourest
s00581,"Bird thou never wert, That from Heaven, or near it, Pourest thy full heart In profuse strains of unpremeditated art.",Heaven,WEATHER,gold,pobj,Object of Preposition,from
s00725,"And to and fro, and in and out, The wan stars danced between.",stars,WEATHER,gold,nsubj,Active Subject (doing the action),dance
s00003,"This quiet sail is as a noiseless wing To waft me from distraction; once I loved Torn ocean's roar, but thy soft murmuring Sounds sweet as if a sister's voice reproved, That I with stern delights should e'er have been so moved.",ocean,LANDSCAPE,gold,poss,Other (poss),roar
s00648,"The water, like a witch's oils, Burnt green, and blue and white.",water,LANDSCAPE,gold,nsubj,Active Subject (doing the action),burnt
s00331,"They fly quickly over the snow in their sledges; the motion is pleasant, and, in my opinion, far more agreeable than that of an English stagecoach.",snow,WEATHER,gold,pobj,Object of Preposition,over
s00356,"Well, these are useless complaints; I shall certainly find no friend on the wide ocean, nor even here in Archangel, among merchants and seamen.",ocean,LANDSCAPE,gold,pobj,Object of Preposition,on
s00765,"I woke, and we were sailing on As in a gentle weather: 'Twas night, calm night, the Moon was high; The dead men stood together.",weather,WEATHER,gold,pobj,Object of Preposition,in
s00765,"I woke, and we were sailing on As in a gentle weather: 'Twas night, calm night, the Moon was high; The dead men stood together.",Moon,WEATHER,gold,nsubj,Active Subject (doing the action),be
s00765,"I woke, and we were sailing on As in a gentle weather: 'Twas night, calm night, the Moon was high; The dead men stood together.",night,WEATHER,gold,pobj,Object of Preposition,twa
s00189,"The ascent is precipitous, but the path is cut into continual and short windings, which enable you to surmount the perpendicularity of the mountain.",ascent,LANDSCAPE,gold,nsubj,Active Subject (doing the action),be
s00189,"The ascent is precipitous, but the path is cut into continual and short windings, which enable you to surmount the perpendicularity of the mountain.",mountain,LANDSCAPE,gold,pobj,Object of Preposition,of
s00565,"I wield the flail of the lashing hail, And whiten the green plains under, And then again I dissolve it in rain, And laugh as I pass in thunder.",hail,WEATHER,gold,pobj,Object of Preposition,of
s00565,"I wield the flail of the lashing hail, And whiten the green plains under, And then again I dissolve it in rain, And laugh as I pass in thunder.",plains,LANDSCAPE,gold,dobj,Direct Object (action done to it),whiten
s00565,"I wield the flail of the lashing hail, And whiten the green plains under, And then again I dissolve it in rain, And laugh as I pass in thunder.",rain,WEATHER,gold,pobj,Object of Preposition,in
s00565,"I wield the flail of the lashing hail, And whiten the green plains under, And then again I dissolve it in rain, And laugh as I pass in thunder.",thunder,WEATHER,gold,pobj,Object of Preposition,in
s00872,"The sun above the mountain’s head, A freshening lustre mellow, Through all the long green fields has spread, His first sweet evening yellow.",sun,WEATHER,gold,nsubj,Active Subject (doing the action),spread
s00872,"The sun above the mountain’s head, A freshening lustre mellow, Through all the long green fields has spread, His first sweet evening yellow.",mountain’s head,LANDSCAPE,gold,pobj,Object of Preposition,above
s00872,"The sun above the mountain’s head, A freshening lustre mellow, Through all the long green fields has spread, His first sweet evening yellow.",fields,LANDSCAPE,gold,pobj,Object of Preposition,through
s00872,"The sun above the mountain’s head, A freshening lustre mellow, Through all the long green fields has spread, His first sweet evening yellow.",evening,WEATHER,gold,nsubj,Active Subject (doing the action),yellow
s00402,"Thus far I have gone, tracing a secure way over the pathless seas, the very stars themselves being witnesses and testimonies of my triumph.",seas,LANDSCAPE,gold,pobj,Object of Preposition,over
s00402,"Thus far I have gone, tracing a secure way over the pathless seas, the very stars themselves being witnesses and testimonies of my triumph.",stars,WEATHER,gold,nsubj,Active Subject (doing the action),be
s00307,"These are my enticements, and they are sufficient to conquer all fear of danger or death and to induce me to commence this laborious voyage with the joy a child feels when he embarks in a little boat, with his holiday mates, on an expedition of discovery up his native river.",river,LANDSCAPE,gold,pobj,Object of Preposition,up
s00630,"Whiles all the night, through fog-smoke white, Glimmered the white Moon-shine.",night,WEATHER,gold,npadvmod,Other (npadvmod),glimmer
s00630,"Whiles all the night, through fog-smoke white, Glimmered the white Moon-shine.",fog-smoke,WEATHER,gold,pobj,Object of Preposition,through
s00630,"Whiles all the night, through fog-smoke white, Glimmered the white Moon-shine.",Moon-shine,WEATHER,gold,dobj,Direct Object (action done to it),glimmer
s00311,I have read with ardour the accounts of the various voyages which have been made in the prospect of arriving at the North Pacific Ocean through the seas which surround the pole.,seas,LANDSCAPE,gold,pobj,Object of Preposition,through
s00311,I have read with ardour the accounts of the various voyages which have been made in the prospect of arriving at the North Pacific Ocean through the seas which surround the pole.,pole,LANDSCAPE,gold,dobj,Direct Object (action done to it),surround
s00311,I have read with ardour the accounts of the various voyages which have been made in the prospect of arriving at the North Pacific Ocean through the seas which surround the pole.,North Pacific Ocean,LANDSCAPE,gold,pobj,Object of Preposition,at
s00797,This Hermit good lives in that wood Which slopes down to the sea.,wood,FLORA,gold,pobj,Object of Preposition,in
s00797,This Hermit good lives in that wood Which slopes down to the sea.,sea,LANDSCAPE,gold,pobj,Object of Preposition,to
s00015,"Not from one lone cloud, But every mountain now hath found a tongue; And Jura answers, through her misty shroud, Back to the joyous Alps, who call to her aloud!",cloud,WEATHER,gold,pobj,Object of Preposition,from
s00015,"Not from one lone cloud, But every mountain now hath found a tongue; And Jura answers, through her misty shroud, Back to the joyous Alps, who call to her aloud!",mountain,LANDSCAPE,gold,nsubj,Active Subject (doing the action),find
s00015,"Not from one lone cloud, But every mountain now hath found a tongue; And Jura answers, through her misty shroud, Back to the joyous Alps, who call to her aloud!",Jura,LANDSCAPE,gold,nsubj,Active Subject (doing the action),answer
s00015,"Not from one lone cloud, But every mountain now hath found a tongue; And Jura answers, through her misty shroud, Back to the joyous Alps, who call to her aloud!",Alps,LANDSCAPE,gold,pobj,Object of Preposition,to
s00573,"The stars peep behind her and peer; And I laugh to see them whirl and flee, Like a swarm of golden bees.",stars,WEATHER,gold,nsubj,Active Subject (doing the action),peep
s00573,"The stars peep behind her and peer; And I laugh to see them whirl and flee, Like a swarm of golden bees.",bees,FAUNA,gold,pobj,Object of Preposition,of
s00751,"""The spirit who bideth by himself In the land of mist and snow, He loved the bird that loved the man Who shot him with his bow.""",spirit,NATURE,gold,dep,Other (dep),love
s00751,"""The spirit who bideth by himself In the land of mist and snow, He loved the bird that loved the man Who shot him with his bow.""",mist,WEATHER,gold,pobj,Object of Preposition,of
s00751,"""The spirit who bideth by himself In the land of mist and snow, He loved the bird that loved the man Who shot him with his bow.""",snow,WEATHER,gold,conj,Conjoined Element (shares role with another entity),mist
s00751,"""The spirit who bideth by himself In the land of mist and snow, He loved the bird that loved the man Who shot him with his bow.""",bird,FAUNA,gold,dobj,Direct Object (action done to it),love
s00028,"The morn is up again, the dewy morn, With breath all incense, and with cheek all bloom, Laughing the clouds away with playful scorn, And living as if earth contained no tomb,-- And glowing into day: we may resume The march of our existence: and thus I, Still on thy shores, fair Leman! may find room And food for meditation, nor pass by Much, that may give us pause, if pondered fittingly.",morn,WEATHER,gold,nsubj,Active Subject (doing the action),be
s00028,"The morn is up again, the dewy morn, With breath all incense, and with cheek all bloom, Laughing the clouds away with playful scorn, And living as if earth contained no tomb,-- And glowing into day: we may resume The march of our existence: and thus I, Still on thy shores, fair Leman! may find room And food for meditation, nor pass by Much, that may give us pause, if pondered fittingly.",clouds,WEATHER,gold,dobj,Direct Object (action done to it),laugh
s00028,"The morn is up again, the dewy morn, With breath all incense, and with cheek all bloom, Laughing the clouds away with playful scorn, And living as if earth contained no tomb,-- And glowing into day: we may resume The march of our existence: and thus I, Still on thy shores, fair Leman! may find room And food for meditation, nor pass by Much, that may give us pause, if pondered fittingly.",earth,LANDSCAPE,gold,nsubj,Active Subject (doing the action),contain
s00028,"The morn is up again, the dewy morn, With breath all incense, and with cheek all bloom, Laughing the clouds away with playful scorn, And living as if earth contained no tomb,-- And glowing into day: we may resume The march of our existence: and thus I, Still on thy shores, fair Leman! may find room And food for meditation, nor pass by Much, that may give us pause, if pondered fittingly.",shores,LANDSCAPE,gold,pobj,Object of Preposition,on
s00028,"The morn is up again, the dewy morn, With breath all incense, and with cheek all bloom, Laughing the clouds away with playful scorn, And living as if earth contained no tomb,-- And glowing into day: we may resume The march of our existence: and thus I, Still on thy shores, fair Leman! may find room And food for meditation, nor pass by Much, that may give us pause, if pondered fittingly.",day,WEATHER,gold,pobj,Object of Preposition,into
s00028,"The morn is up again, the dewy morn, With breath all incense, and with cheek all bloom, Laughing the clouds away with playful scorn, And living as if earth contained no tomb,-- And glowing into day: we may resume The march of our existence: and thus I, Still on thy shores, fair Leman! may find room And food for meditation, nor pass by Much, that may give us pause, if pondered fittingly.",Leman,LANDSCAPE,gold,parataxis,Other (parataxis),I
s00729,Beneath the lightning and the Moon The dead men gave a groan.,lightning,WEATHER,gold,pobj,Object of Preposition,beneath
s00729,Beneath the lightning and the Moon The dead men gave a groan.,Moon,WEATHER,gold,conj,Conjoined Element (shares role with another entity),lightning
s00380,"I am going to unexplored regions, to “the land of mist and snow,” but I shall kill no albatross; therefore do not be alarmed for my safety or if I should come back to you as worn and woeful as the “Ancient Mariner.”",mist,WEATHER,gold,pobj,Object of Preposition,of
s00380,"I am going to unexplored regions, to “the land of mist and snow,” but I shall kill no albatross; therefore do not be alarmed for my safety or if I should come back to you as worn and woeful as the “Ancient Mariner.”",albatross,FAUNA,gold,dobj,Direct Object (action done to it),kill
s00380,"I am going to unexplored regions, to “the land of mist and snow,” but I shall kill no albatross; therefore do not be alarmed for my safety or if I should come back to you as worn and woeful as the “Ancient Mariner.”",snow,WEATHER,gold,conj,Conjoined Element (shares role with another entity),mist
s00709,"The moving Moon went up the sky, And no where did abide: Softly she was going up, And a star or two beside.",Moon,WEATHER,gold,nsubj,Active Subject (doing the action),go
s00709,"The moving Moon went up the sky, And no where did abide: Softly she was going up, And a star or two beside.",sky,WEATHER,gold,pobj,Object of Preposition,up
s00709,"The moving Moon went up the sky, And no where did abide: Softly she was going up, And a star or two beside.",star,WEATHER,gold,conj,Conjoined Element (shares role with another entity),go
s00670,"And straight the Sun was flecked with bars, (Heaven's Mother send us grace!)",Sun,WEATHER,gold,nsubjpass,Passive Subject (action done to it),fleck
s00639,"The fair breeze blew, the white foam flew, The furrow followed free: We were the first that ever burst Into that silent sea.",breeze,WEATHER,gold,nsubj,Active Subject (doing the action),blow
s00639,"The fair breeze blew, the white foam flew, The furrow followed free: We were the first that ever burst Into that silent sea.",foam,LANDSCAPE,gold,nsubj,Active Subject (doing the action),fly
s00639,"The fair breeze blew, the white foam flew, The furrow followed free: We were the first that ever burst Into that silent sea.",furrow,LANDSCAPE,gold,nsubj,Active Subject (doing the action),follow
s00639,"The fair breeze blew, the white foam flew, The furrow followed free: We were the first that ever burst Into that silent sea.",sea,LANDSCAPE,gold,pobj,Object of Preposition,into
s00840,"The day is come when I again repose Here, under this dark sycamore, and view These plots of cottage-ground, these orchard-tufts, Which, at this season, with their unripe fruits, Among the woods and copses lose themselves, Nor, with their green and simple hue, disturb The wild green landscape.",sycamore,FLORA,gold,pobj,Object of Preposition,under
s00840,"The day is come when I again repose Here, under this dark sycamore, and view These plots of cottage-ground, these orchard-tufts, Which, at this season, with their unripe fruits, Among the woods and copses lose themselves, Nor, with their green and simple hue, disturb The wild green landscape.",orchard-tufts,FLORA,gold,appos,Appositive,plot
s00840,"The day is come when I again repose Here, under this dark sycamore, and view These plots of cottage-ground, these orchard-tufts, Which, at this season, with their unripe fruits, Among the woods and copses lose themselves, Nor, with their green and simple hue, disturb The wild green landscape.",fruits,FLORA,gold,pobj,Object of Preposition,with
s00840,"The day is come when I again repose Here, under this dark sycamore, and view These plots of cottage-ground, these orchard-tufts, Which, at this season, with their unripe fruits, Among the woods and copses lose themselves, Nor, with their green and simple hue, disturb The wild green landscape.",woods,FLORA,gold,pobj,Object of Preposition,among
s00840,"The day is come when I again repose Here, under this dark sycamore, and view These plots of cottage-ground, these orchard-tufts, Which, at this season, with their unripe fruits, Among the woods and copses lose themselves, Nor, with their green and simple hue, disturb The wild green landscape.",copses,FLORA,gold,conj,Conjoined Element (shares role with another entity),wood
s00205,"The surface is very uneven, rising like the waves of a troubled sea, descending low, and interspersed by rifts that sink deep.",waves,LANDSCAPE,gold,pobj,Object of Preposition,like
s00205,"The surface is very uneven, rising like the waves of a troubled sea, descending low, and interspersed by rifts that sink deep.",sea,LANDSCAPE,gold,pobj,Object of Preposition,of
s00205,"The surface is very uneven, rising like the waves of a troubled sea, descending low, and interspersed by rifts that sink deep.",rifts,LANDSCAPE,gold,pobj,Object of Preposition,by
s00039,"The one was fire and fickleness, a child Most mutable in wishes, but in mind A wit as various,--gay, grave, sage, or wild,-- Historian, bard, philosopher combined: He multiplied himself among mankind, The Proteus of their talents: But his own Breathed most in ridicule,--which, as the wind, Blew where it listed, laying all things prone,-- Now to o'erthrow a fool, and now to shake a throne.",wind,WEATHER,gold,pobj,Object of Preposition,as
s00705,"I closed my lids, and kept them close, And the balls like pulses beat; For the sky and the sea, and the sea and the sky Lay like a load on my weary eye, And the dead were at my feet.",sky,WEATHER,gold,nsubj,Active Subject (doing the action),lie
s00705,"I closed my lids, and kept them close, And the balls like pulses beat; For the sky and the sea, and the sea and the sky Lay like a load on my weary eye, And the dead were at my feet.",sea,LANDSCAPE,gold,conj,Conjoined Element (shares role with another entity),sky
s00562,"O, Wind, If Winter comes, can Spring be far behind?",Wind,WEATHER,gold,npadvmod,Other (npadvmod),be
s00562,"O, Wind, If Winter comes, can Spring be far behind?",Winter,WEATHER,gold,nsubj,Active Subject (doing the action),come
s00562,"O, Wind, If Winter comes, can Spring be far behind?",Spring,WEATHER,gold,nsubj,Active Subject (doing the action),be
s00066,"O'er the sea, And from the mountains where I now respire, Fain would I waft such blessing upon thee, As, with a sigh, I deem thou mightst have been to me!",sea,LANDSCAPE,gold,pobj,Object of Preposition,o'er
s00066,"O'er the sea, And from the mountains where I now respire, Fain would I waft such blessing upon thee, As, with a sigh, I deem thou mightst have been to me!",mountains,LANDSCAPE,gold,pobj,Object of Preposition,from
s00710,"Her beams bemocked the sultry main, Like April hoar-frost spread; But where the ship's huge shadow lay, The charmed water burnt alway A still and awful red.",beams,WEATHER,gold,nsubj,Active Subject (doing the action),bemock
s00710,"Her beams bemocked the sultry main, Like April hoar-frost spread; But where the ship's huge shadow lay, The charmed water burnt alway A still and awful red.",hoar-frost,WEATHER,gold,nsubj,Active Subject (doing the action),spread
s00710,"Her beams bemocked the sultry main, Like April hoar-frost spread; But where the ship's huge shadow lay, The charmed water burnt alway A still and awful red.",water,LANDSCAPE,gold,nsubj,Active Subject (doing the action),burn
s00710,"Her beams bemocked the sultry main, Like April hoar-frost spread; But where the ship's huge shadow lay, The charmed water burnt alway A still and awful red.",main,LANDSCAPE,gold,dobj,Direct Object (action done to it),bemock
s00625,"At length did cross an Albatross: Thorough the fog it came; As if it had been a Christian soul, We hailed it in God's name.",Albatross,FAUNA,gold,dobj,Direct Object (action done to it),cross
s00625,"At length did cross an Albatross: Thorough the fog it came; As if it had been a Christian soul, We hailed it in God's name.",fog,WEATHER,gold,dobj,Direct Object (action done to it),come
s00536,"Yet not a city, but a flood of ruin Is there, that from the boundaries of the sky Rolls its perpetual stream; vast pines are strewing Its destined path, or in the mangled soil Branchless and shattered stand; the rocks, drawn down From yon remotest waste, have overthrown The limits of the dead and living world, Never to be reclaimed.",flood,LANDSCAPE,gold,conj,Conjoined Element (shares role with another entity),city
s00536,"Yet not a city, but a flood of ruin Is there, that from the boundaries of the sky Rolls its perpetual stream; vast pines are strewing Its destined path, or in the mangled soil Branchless and shattered stand; the rocks, drawn down From yon remotest waste, have overthrown The limits of the dead and living world, Never to be reclaimed.",sky,WEATHER,gold,pobj,Object of Preposition,of
s00536,"Yet not a city, but a flood of ruin Is there, that from the boundaries of the sky Rolls its perpetual stream; vast pines are strewing Its destined path, or in the mangled soil Branchless and shattered stand; the rocks, drawn down From yon remotest waste, have overthrown The limits of the dead and living world, Never to be reclaimed.",pines,FLORA,gold,nsubj,Active Subject (doing the action),strew
s00536,"Yet not a city, but a flood of ruin Is there, that from the boundaries of the sky Rolls its perpetual stream; vast pines are strewing Its destined path, or in the mangled soil Branchless and shattered stand; the rocks, drawn down From yon remotest waste, have overthrown The limits of the dead and living world, Never to be reclaimed.",soil,LANDSCAPE,gold,pobj,Object of Preposition,in
s00536,"Yet not a city, but a flood of ruin Is there, that from the boundaries of the sky Rolls its perpetual stream; vast pines are strewing Its destined path, or in the mangled soil Branchless and shattered stand; the rocks, drawn down From yon remotest waste, have overthrown The limits of the dead and living world, Never to be reclaimed.",rocks,LANDSCAPE,gold,nsubj,Active Subject (doing the action),overthrow
s00043,"The clouds above me to the white Alps tend, And I must pierce them, and survey whate'er May be permitted, as my steps I bend To their most great and growing region, where The earth to her embrace compels the powers of air.",clouds,WEATHER,gold,nsubj,Active Subject (doing the action),tend
s00043,"The clouds above me to the white Alps tend, And I must pierce them, and survey whate'er May be permitted, as my steps I bend To their most great and growing region, where The earth to her embrace compels the powers of air.",Alps,LANDSCAPE,gold,pobj,Object of Preposition,to
s00043,"The clouds above me to the white Alps tend, And I must pierce them, and survey whate'er May be permitted, as my steps I bend To their most great and growing region, where The earth to her embrace compels the powers of air.",earth,LANDSCAPE,gold,nsubj,Active Subject (doing the action),compel
s00043,"The clouds above me to the white Alps tend, And I must pierce them, and survey whate'er May be permitted, as my steps I bend To their most great and growing region, where The earth to her embrace compels the powers of air.",air,WEATHER,gold,pobj,Object of Preposition,of
s00544,"And what were thou, and earth, and stars, and sea, If to the human mind’s imaginings Silence and solitude were vacancy?",earth,LANDSCAPE,gold,conj,Conjoined Element (shares role with another entity),be
s00544,"And what were thou, and earth, and stars, and sea, If to the human mind’s imaginings Silence and solitude were vacancy?",stars,WEATHER,gold,conj,Conjoined Element (shares role with another entity),earth
s00544,"And what were thou, and earth, and stars, and sea, If to the human mind’s imaginings Silence and solitude were vacancy?",sea,LANDSCAPE,gold,conj,Conjoined Element (shares role with another entity),star
s00085,"To be thus-- Grey-haired with anguish, like these blasted pines, Wrecks of a single winter, barkless, branchless,A blighted trunk upon a curséd root, Which but supplies a feeling to Decay-- And to be thus, eternally but thus, 70 Having been otherwise!",pines,FLORA,gold,pobj,Object of Preposition,like
s00085,"To be thus-- Grey-haired with anguish, like these blasted pines, Wrecks of a single winter, barkless, branchless,A blighted trunk upon a curséd root, Which but supplies a feeling to Decay-- And to be thus, eternally but thus, 70 Having been otherwise!",winter,WEATHER,gold,pobj,Object of Preposition,of
s00085,"To be thus-- Grey-haired with anguish, like these blasted pines, Wrecks of a single winter, barkless, branchless,A blighted trunk upon a curséd root, Which but supplies a feeling to Decay-- And to be thus, eternally but thus, 70 Having been otherwise!",trunk,FLORA,gold,appos,Appositive,wreck
s00085,"To be thus-- Grey-haired with anguish, like these blasted pines, Wrecks of a single winter, barkless, branchless,A blighted trunk upon a curséd root, Which but supplies a feeling to Decay-- And to be thus, eternally but thus, 70 Having been otherwise!",root,FLORA,gold,pobj,Object of Preposition,upon
s00619,"And now the STORM-BLAST came, and he Was tyrannous and strong: He struck with his o'ertaking wings, And chased south along.",STORM-BLAST,WEATHER,gold,nsubj,Active Subject (doing the action),come
s00576,"From cape to cape, with a bridge-like shape, Over a torrent sea, Sunbeam-proof, I hand like a roof,— The mountains its columns be.",cape,LANDSCAPE,gold,pobj,Object of Preposition,from
s00576,"From cape to cape, with a bridge-like shape, Over a torrent sea, Sunbeam-proof, I hand like a roof,— The mountains its columns be.",sea,LANDSCAPE,gold,pobj,Object of Preposition,over
s00576,"From cape to cape, with a bridge-like shape, Over a torrent sea, Sunbeam-proof, I hand like a roof,— The mountains its columns be.",mountains,LANDSCAPE,gold,attr,Attribute (X is a Y),be
s00530,or did a sea Of fire envelope once this silent snow?,sea Of fire,LANDSCAPE,gold,nsubj,Active Subject (doing the action),envelope
s00530,or did a sea Of fire envelope once this silent snow?,snow,WEATHER,gold,dobj,Direct Object (action done to it),envelope
s00552,"Oh, lift me as a wave, a leaf, a cloud!",wave,LANDSCAPE,gold,pobj,Object of Preposition,as
s00552,"Oh, lift me as a wave, a leaf, a cloud!",leaf,FLORA,gold,appos,Appositive,wave
s00552,"Oh, lift me as a wave, a leaf, a cloud!",cloud,WEATHER,gold,appos,Appositive,wave
s00147,"In Fantasy, Imagination, all 140 The affluence of my soul--which one day was A Croesus in creation--I plunged deep, But, like an ebbing wave, it dashed me back Into the gulf of my unfathomed thought.",wave,LANDSCAPE,gold,pobj,Object of Preposition,like
s00147,"In Fantasy, Imagination, all 140 The affluence of my soul--which one day was A Croesus in creation--I plunged deep, But, like an ebbing wave, it dashed me back Into the gulf of my unfathomed thought.",gulf,LANDSCAPE,gold,pobj,Object of Preposition,into
s00215,"I was troubled; a mist came over my eyes, and I felt a faintness seize me, but I was quickly restored by the cold gale of the mountains.",gale,WEATHER,gold,pobj,Object of Preposition,by
s00215,"I was troubled; a mist came over my eyes, and I felt a faintness seize me, but I was quickly restored by the cold gale of the mountains.",mountains,LANDSCAPE,gold,pobj,Object of Preposition,of
s00542,"Its home The voiceless lightning in these solitudes Keeps innocently, and like vapour broods Over the snow.",lightning,WEATHER,gold,nsubj,Active Subject (doing the action),keep
s00542,"Its home The voiceless lightning in these solitudes Keeps innocently, and like vapour broods Over the snow.",vapour,WEATHER,gold,compound,Other (compound),brood
s00542,"Its home The voiceless lightning in these solitudes Keeps innocently, and like vapour broods Over the snow.",snow,WEATHER,gold,pobj,Object of Preposition,over
s00416,"We perceived a low carriage, fixed on a sledge and drawn by dogs, pass on towards the north, at the distance of half a mile; a being which had the shape of a man, but apparently of gigantic stature, sat in the sledge and guided the dogs.",dogs,FAUNA,gold,pobj,Object of Preposition,by
s00416,"We perceived a low carriage, fixed on a sledge and drawn by dogs, pass on towards the north, at the distance of half a mile; a being which had the shape of a man, but apparently of gigantic stature, sat in the sledge and guided the dogs.",dogs,FAUNA,gold,dobj,Direct Object (action done to it),guide
s00863,"Nor wilt thou then forget, That after many wanderings, many years Of absence, these steep woods and lofty cliffs, And this green pastoral landscape, were to me More dear, both for themselves, and for thy sake.",woods,FLORA,gold,nsubj,Active Subject (doing the action),be
s00863,"Nor wilt thou then forget, That after many wanderings, many years Of absence, these steep woods and lofty cliffs, And this green pastoral landscape, were to me More dear, both for themselves, and for thy sake.",cliffs,LANDSCAPE,gold,conj,Conjoined Element (shares role with another entity),wood
s00636,"Ah wretch! said they, the bird to slay That made the breeze to blow!",bird,FAUNA,gold,appos,Appositive,they
s00636,"Ah wretch! said they, the bird to slay That made the breeze to blow!",breeze,WEATHER,gold,nsubj,Active Subject (doing the action),blow
s00183,What were rain and storm to me?,rain,WEATHER,gold,nsubj,Active Subject (doing the action),be
s00183,What were rain and storm to me?,storm,WEATHER,gold,conj,Conjoined Element (shares role with another entity),rain
s00745,"The Sun, right up above the mast, Had fixed her to the ocean: But in a minute she 'gan stir, With a short uneasy motion-- Backwards and forwards half her length With a short uneasy motion.",Sun,WEATHER,gold,nsubj,Active Subject (doing the action),fix
s00745,"The Sun, right up above the mast, Had fixed her to the ocean: But in a minute she 'gan stir, With a short uneasy motion-- Backwards and forwards half her length With a short uneasy motion.",ocean,LANDSCAPE,gold,pobj,Object of Preposition,to
s00855,"Therefore am I still A lover of the meadows and the woods, And mountains; and of all that we behold From this green earth; of all the mighty world Of eye and ear, both what they half-create,And what perceive; well pleased to recognize In nature and the language of the sense, The anchor of my purest thoughts, the nurse, The guide, the guardian of my heart, and soul Of all my moral being.",meadows,LANDSCAPE,gold,pobj,Object of Preposition,of
s00855,"Therefore am I still A lover of the meadows and the woods, And mountains; and of all that we behold From this green earth; of all the mighty world Of eye and ear, both what they half-create,And what perceive; well pleased to recognize In nature and the language of the sense, The anchor of my purest thoughts, the nurse, The guide, the guardian of my heart, and soul Of all my moral being.",woods,FLORA,gold,conj,Conjoined Element (shares role with another entity),meadow
s00855,"Therefore am I still A lover of the meadows and the woods, And mountains; and of all that we behold From this green earth; of all the mighty world Of eye and ear, both what they half-create,And what perceive; well pleased to recognize In nature and the language of the sense, The anchor of my purest thoughts, the nurse, The guide, the guardian of my heart, and soul Of all my moral being.",mountains,LANDSCAPE,gold,conj,Conjoined Element (shares role with another entity),wood
s00855,"Therefore am I still A lover of the meadows and the woods, And mountains; and of all that we behold From this green earth; of all the mighty world Of eye and ear, both what they half-create,And what perceive; well pleased to recognize In nature and the language of the sense, The anchor of my purest thoughts, the nurse, The guide, the guardian of my heart, and soul Of all my moral being.",earth,LANDSCAPE,gold,pobj,Object of Preposition,from
s00855,"Therefore am I still A lover of the meadows and the woods, And mountains; and of all that we behold From this green earth; of all the mighty world Of eye and ear, both what they half-create,And what perceive; well pleased to recognize In nature and the language of the sense, The anchor of my purest thoughts, the nurse, The guide, the guardian of my heart, and soul Of all my moral being.",nature,NATURE,gold,pobj,Object of Preposition,in
s00741,"It ceased; yet still the sails made on A pleasant noise till noon, A noise like of a hidden brook In the leafy month of June, That to the sleeping woods all night Singeth a quiet tune.",brook,LANDSCAPE,gold,pobj,Object of Preposition,of
s00741,"It ceased; yet still the sails made on A pleasant noise till noon, A noise like of a hidden brook In the leafy month of June, That to the sleeping woods all night Singeth a quiet tune.",woods,FLORA,gold,pobj,Object of Preposition,to
s00193,"The pines are not tall or luxuriant, but they are sombre and add an air of severity to the scene.",pines,FLORA,gold,nsubj,Active Subject (doing the action),be
s00426,Only one dog remained alive; but there was a human being within it whom the sailors were persuading to enter the vessel.,dog,FAUNA,gold,nsubj,Active Subject (doing the action),remain
s00570,"And when Sunset may breathe, from the lit sea beneath, Its ardours of rest and of love, And the crimson pall of eve may fall From the depth of Heaven above.",Sunset,WEATHER,gold,nsubj,Active Subject (doing the action),breathe
s00570,"And when Sunset may breathe, from the lit sea beneath, Its ardours of rest and of love, And the crimson pall of eve may fall From the depth of Heaven above.",Heaven,WEATHER,gold,pobj,Object of Preposition,of
s00570,"And when Sunset may breathe, from the lit sea beneath, Its ardours of rest and of love, And the crimson pall of eve may fall From the depth of Heaven above.",eve,WEATHER,gold,pobj,Object of Preposition,of
s00570,"And when Sunset may breathe, from the lit sea beneath, Its ardours of rest and of love, And the crimson pall of eve may fall From the depth of Heaven above.",sea,LANDSCAPE,gold,pobj,Object of Preposition,from
s00593,"What fields, or waves, or mountains?",fields,LANDSCAPE,gold,ROOT,Root of the sentence,field
s00593,"What fields, or waves, or mountains?",waves,LANDSCAPE,gold,conj,Conjoined Element (shares role with another entity),field
s00593,"What fields, or waves, or mountains?",mountains,LANDSCAPE,gold,conj,Conjoined Element (shares role with another entity),wave
s00688,"One after one, by the star-dogged Moon Too quick for groan or sigh, Each turned his face with a ghastly pang, And cursed me with his eye.",Moon,WEATHER,gold,pobj,Object of Preposition,by
s00856,"Nor, perchance, If I were not thus taught, should I the more Suffer my genial spirits to decay: For thou art with me, here, upon the banks Of this fair river; thou, my dearest Friend, My dear, dear Friend, and in thy voice I catch The language of my former heart, and read My former pleasures in the shooting lights Of thy wild eyes.",banks,LANDSCAPE,gold,pobj,Object of Preposition,upon
s00856,"Nor, perchance, If I were not thus taught, should I the more Suffer my genial spirits to decay: For thou art with me, here, upon the banks Of this fair river; thou, my dearest Friend, My dear, dear Friend, and in thy voice I catch The language of my former heart, and read My former pleasures in the shooting lights Of thy wild eyes.",river,LANDSCAPE,gold,pobj,Object of Preposition,of
s00538,"The race Of man flies far in dread; his work and dwelling Vanish, like smoke before the tempest’s stream, And their place is not known.",tempest,WEATHER,gold,poss,Other (poss),stream
s00760,"But why drives on that ship so fast, Without or wave or wind?",wave,LANDSCAPE,gold,pobj,Object of Preposition,without
s00760,"But why drives on that ship so fast, Without or wave or wind?",wind,WEATHER,gold,conj,Conjoined Element (shares role with another entity),wave
s00572,"That orbed maiden with white fire laden, Whom mortals call the Moon, Glides glimmering o’er my fleece-like floor, By the midnight breezes strewn; And wherever the beat of her unseen feet, Which only the angels hear, May have broken the woof of my tent’s thin roof.",Moon,WEATHER,gold,oprd,Other (oprd),call
s00572,"That orbed maiden with white fire laden, Whom mortals call the Moon, Glides glimmering o’er my fleece-like floor, By the midnight breezes strewn; And wherever the beat of her unseen feet, Which only the angels hear, May have broken the woof of my tent’s thin roof.",breezes,WEATHER,gold,pobj,Object of Preposition,by
s00781,"And on the bay the moonlight lay, And the shadow of the moon.",bay,LANDSCAPE,gold,pobj,Object of Preposition,on
s00781,"And on the bay the moonlight lay, And the shadow of the moon.",moonlight,WEATHER,gold,nsubj,Active Subject (doing the action),lie
s00781,"And on the bay the moonlight lay, And the shadow of the moon.",moon,WEATHER,gold,pobj,Object of Preposition,of
s00283,"The sun is yet high in the heavens; before it descends to hide itself behind your snowy precipices and illuminate another world, you will have heard my story and can decide.",sun,WEATHER,gold,nsubj,Active Subject (doing the action),be
s00283,"The sun is yet high in the heavens; before it descends to hide itself behind your snowy precipices and illuminate another world, you will have heard my story and can decide.",heavens,WEATHER,gold,pobj,Object of Preposition,in
s00283,"The sun is yet high in the heavens; before it descends to hide itself behind your snowy precipices and illuminate another world, you will have heard my story and can decide.",precipices,LANDSCAPE,gold,pobj,Object of Preposition,behind
s00257,The desert mountains and dreary glaciers are my refuge.,mountains,LANDSCAPE,gold,nsubj,Active Subject (doing the action),be
s00257,The desert mountains and dreary glaciers are my refuge.,glaciers,LANDSCAPE,gold,conj,Conjoined Element (shares role with another entity),mountain
s00395,"We have already reached a very high latitude; but it is the height of summer, and although not so warm as in England, the southern gales, which blow us speedily towards those shores which I so ardently desire to attain, breathe a degree of renovating warmth which I had not expected.",gales,WEATHER,gold,nsubj,Active Subject (doing the action),breathe
s00395,"We have already reached a very high latitude; but it is the height of summer, and although not so warm as in England, the southern gales, which blow us speedily towards those shores which I so ardently desire to attain, breathe a degree of renovating warmth which I had not expected.",shores,LANDSCAPE,gold,pobj,Object of Preposition,towards
s00395,"We have already reached a very high latitude; but it is the height of summer, and although not so warm as in England, the southern gales, which blow us speedily towards those shores which I so ardently desire to attain, breathe a degree of renovating warmth which I had not expected.",summer,WEATHER,gold,pobj,Object of Preposition,of
s00813,"Under the water it rumbled on, Still louder and more dread: It reached the ship, it split the bay; The ship went down like lead.",water,LANDSCAPE,gold,pobj,Object of Preposition,under
s00813,"Under the water it rumbled on, Still louder and more dread: It reached the ship, it split the bay; The ship went down like lead.",bay,LANDSCAPE,gold,dobj,Direct Object (action done to it),split
s00635,"And I had done an hellish thing, And it would work 'em woe: For all averred, I had killed the bird That made the breeze to blow.",bird,FAUNA,gold,dobj,Direct Object (action done to it),kill
s00635,"And I had done an hellish thing, And it would work 'em woe: For all averred, I had killed the bird That made the breeze to blow.",breeze,WEATHER,gold,nsubj,Active Subject (doing the action),blow
s00877,"One impulse from a vernal wood May teach you more of man; Of moral evil and of good, Than all the sages can.",wood,FLORA,gold,pobj,Object of Preposition,from
s00527,"For the very spirit fails, Driven like a homeless cloud from steep to steep That vanishes among the viewless gales!",cloud,WEATHER,gold,pobj,Object of Preposition,like
s00527,"For the very spirit fails, Driven like a homeless cloud from steep to steep That vanishes among the viewless gales!",steep,LANDSCAPE,gold,amod,Other (amod),from
s00527,"For the very spirit fails, Driven like a homeless cloud from steep to steep That vanishes among the viewless gales!",gales,WEATHER,gold,pobj,Object of Preposition,among
s00413,"We accordingly lay to, hoping that some change would take place in the atmosphere and weather.",weather,WEATHER,gold,conj,Conjoined Element (shares role with another entity),atmosphere
s00413,"We accordingly lay to, hoping that some change would take place in the atmosphere and weather.",atmosphere,WEATHER,gold,pobj,Object of Preposition,in
s00020,"And now again 'tis black,--and now, the glee Of the loud hills shakes with its mountain-mirth, As if they did rejoice o'er a young earthquake's birth.",hills,LANDSCAPE,gold,pobj,Object of Preposition,of
s00020,"And now again 'tis black,--and now, the glee Of the loud hills shakes with its mountain-mirth, As if they did rejoice o'er a young earthquake's birth.",earthquake,LANDSCAPE,gold,poss,Other (poss),birth
s00770,"But soon there breathed a wind on me, Nor sound nor motion made: Its path was not upon the sea, In ripple or in shade.",wind,WEATHER,gold,dobj,Direct Object (action done to it),breathe
s00770,"But soon there breathed a wind on me, Nor sound nor motion made: Its path was not upon the sea, In ripple or in shade.",ripple,LANDSCAPE,gold,pobj,Object of Preposition,in
s00770,"But soon there breathed a wind on me, Nor sound nor motion made: Its path was not upon the sea, In ripple or in shade.",sea,LANDSCAPE,gold,pobj,Object of Preposition,upon
s00638,"'Twas right, said they, such birds to slay, That bring the fog and mist.",birds,FAUNA,gold,nsubj,Active Subject (doing the action),say
s00638,"'Twas right, said they, such birds to slay, That bring the fog and mist.",fog,WEATHER,gold,dobj,Direct Object (action done to it),bring
s00638,"'Twas right, said they, such birds to slay, That bring the fog and mist.",mist,WEATHER,gold,conj,Conjoined Element (shares role with another entity),fog
s00640,"Down dropt the breeze, the sails dropt down, 'Twas sad as sad could be; And we did speak only to break The silence of the sea!",breeze,WEATHER,gold,nsubj,Active Subject (doing the action),dropt
s00640,"Down dropt the breeze, the sails dropt down, 'Twas sad as sad could be; And we did speak only to break The silence of the sea!",sea,LANDSCAPE,gold,pobj,Object of Preposition,of
s00833,"He prayeth well, who loveth well Both man and bird and beast.",bird,FAUNA,gold,conj,Conjoined Element (shares role with another entity),man
s00833,"He prayeth well, who loveth well Both man and bird and beast.",beast,FAUNA,gold,conj,Conjoined Element (shares role with another entity),bird
s00861,"Nor, perchance, If I should be, where I no more can hear Thy voice, nor catch from thy wild eyes these gleams Of past existence, wilt thou then forget That on the banks of this delightful stream We stood together; and that I, so long A worshipper of Nature, hither came, Unwearied in that service: rather say With warmer love, oh!",banks,LANDSCAPE,gold,pobj,Object of Preposition,on
s00861,"Nor, perchance, If I should be, where I no more can hear Thy voice, nor catch from thy wild eyes these gleams Of past existence, wilt thou then forget That on the banks of this delightful stream We stood together; and that I, so long A worshipper of Nature, hither came, Unwearied in that service: rather say With warmer love, oh!",stream,LANDSCAPE,gold,pobj,Object of Preposition,of
s00861,"Nor, perchance, If I should be, where I no more can hear Thy voice, nor catch from thy wild eyes these gleams Of past existence, wilt thou then forget That on the banks of this delightful stream We stood together; and that I, so long A worshipper of Nature, hither came, Unwearied in that service: rather say With warmer love, oh!",Nature,NATURE,gold,pobj,Object of Preposition,of
s00715,"The self same moment I could pray; And from my neck so free The Albatross fell off, and sank Like lead into the sea.",Albatross,FAUNA,gold,nsubj,Active Subject (doing the action),fall
s00715,"The self same moment I could pray; And from my neck so free The Albatross fell off, and sank Like lead into the sea.",sea,LANDSCAPE,gold,pobj,Object of Preposition,into
s00564,"From my wings are shaken the dews that waken The sweet buds every one, When rocked to rest on their mother’s breast, As she dances about the sun.",dews,WEATHER,gold,nsubj,Active Subject (doing the action),shake
s00564,"From my wings are shaken the dews that waken The sweet buds every one, When rocked to rest on their mother’s breast, As she dances about the sun.",sun,WEATHER,gold,pobj,Object of Preposition,about
s00564,"From my wings are shaken the dews that waken The sweet buds every one, When rocked to rest on their mother’s breast, As she dances about the sun.",buds,FLORA,gold,dobj,Direct Object (action done to it),waken
s00564,"From my wings are shaken the dews that waken The sweet buds every one, When rocked to rest on their mother’s breast, As she dances about the sun.",mother,NATURE,gold,poss,Other (poss),breast
s00103,"The clouds grow thicker----there--now lean on me-- Place your foot here--here, take this staff, and cling A moment to that shrub--now give me your hand, And hold fast by my girdle--softly--well-- 120",clouds,WEATHER,gold,nsubj,Active Subject (doing the action),grow
s00103,"The clouds grow thicker----there--now lean on me-- Place your foot here--here, take this staff, and cling A moment to that shrub--now give me your hand, And hold fast by my girdle--softly--well-- 120",shrub,FLORA,gold,pobj,Object of Preposition,to
s00079,"the note, The natural music of the mountain reed-- For here the patriarchal days are not A pastoral fable--pipes in the liberal air, 50 Mixed with the sweet bells of the sauntering herd;My soul would drink those echoes.",air,WEATHER,gold,pobj,Object of Preposition,in
s00079,"the note, The natural music of the mountain reed-- For here the patriarchal days are not A pastoral fable--pipes in the liberal air, 50 Mixed with the sweet bells of the sauntering herd;My soul would drink those echoes.",herd,FAUNA,gold,appos,Appositive,note
s00079,"the note, The natural music of the mountain reed-- For here the patriarchal days are not A pastoral fable--pipes in the liberal air, 50 Mixed with the sweet bells of the sauntering herd;My soul would drink those echoes.",reed,FLORA,gold,pobj,Object of Preposition,of
s00614,"The Sun came up upon the left, Out of the sea came he!",Sun,WEATHER,gold,nsubj,Active Subject (doing the action),come
s00614,"The Sun came up upon the left, Out of the sea came he!",sea,LANDSCAPE,gold,pobj,Object of Preposition,of
s00322,"I accompanied the whale-fishers on several expeditions to the North Sea; I voluntarily endured cold, famine, thirst, and want of sleep; I often worked harder than the common sailors during the day and devoted my nights to the study of mathematics, the theory of medicine, and those branches of physical science from which a naval adventurer might derive the greatest practical advantage.",North Sea,LANDSCAPE,gold,pobj,Object of Preposition,to
s00589,"Like a Poet hidden In the light of thought, Singing hymns unbidden, Till the world is wrought To sympathy with hopes and fears it heeded not: Like a high-born maiden In a palace-tower, Soothing her love-laden Soul in secret hour With music sweet as love, which overflows her bower: Like a glow-worm golden In a dell of dew, Scattering unbeholden Its aereal hue Among the flowers and grass, which screen it from the view!",glow-worm,FAUNA,gold,pobj,Object of Preposition,like
s00589,"Like a Poet hidden In the light of thought, Singing hymns unbidden, Till the world is wrought To sympathy with hopes and fears it heeded not: Like a high-born maiden In a palace-tower, Soothing her love-laden Soul in secret hour With music sweet as love, which overflows her bower: Like a glow-worm golden In a dell of dew, Scattering unbeholden Its aereal hue Among the flowers and grass, which screen it from the view!",dell,LANDSCAPE,gold,pobj,Object of Preposition,in
s00589,"Like a Poet hidden In the light of thought, Singing hymns unbidden, Till the world is wrought To sympathy with hopes and fears it heeded not: Like a high-born maiden In a palace-tower, Soothing her love-laden Soul in secret hour With music sweet as love, which overflows her bower: Like a glow-worm golden In a dell of dew, Scattering unbeholden Its aereal hue Among the flowers and grass, which screen it from the view!",dew,WEATHER,gold,pobj,Object of Preposition,of
s00589,"Like a Poet hidden In the light of thought, Singing hymns unbidden, Till the world is wrought To sympathy with hopes and fears it heeded not: Like a high-born maiden In a palace-tower, Soothing her love-laden Soul in secret hour With music sweet as love, which overflows her bower: Like a glow-worm golden In a dell of dew, Scattering unbeholden Its aereal hue Among the flowers and grass, which screen it from the view!",flowers,FLORA,gold,pobj,Object of Preposition,among
s00589,"Like a Poet hidden In the light of thought, Singing hymns unbidden, Till the world is wrought To sympathy with hopes and fears it heeded not: Like a high-born maiden In a palace-tower, Soothing her love-laden Soul in secret hour With music sweet as love, which overflows her bower: Like a glow-worm golden In a dell of dew, Scattering unbeholden Its aereal hue Among the flowers and grass, which screen it from the view!",grass,FLORA,gold,conj,Conjoined Element (shares role with another entity),flower
s00574,"When I widen the rent in my wind-built tent, Till the calm rivers, lakes, and seas, Like strips of the sky fallen through me on high, Are each paved with the moon and these.",rivers,LANDSCAPE,gold,pobj,Object of Preposition,till
s00574,"When I widen the rent in my wind-built tent, Till the calm rivers, lakes, and seas, Like strips of the sky fallen through me on high, Are each paved with the moon and these.",lakes,LANDSCAPE,gold,conj,Conjoined Element (shares role with another entity),river
s00574,"When I widen the rent in my wind-built tent, Till the calm rivers, lakes, and seas, Like strips of the sky fallen through me on high, Are each paved with the moon and these.",seas,LANDSCAPE,gold,conj,Conjoined Element (shares role with another entity),lake
s00574,"When I widen the rent in my wind-built tent, Till the calm rivers, lakes, and seas, Like strips of the sky fallen through me on high, Are each paved with the moon and these.",sky,WEATHER,gold,pobj,Object of Preposition,of
s00574,"When I widen the rent in my wind-built tent, Till the calm rivers, lakes, and seas, Like strips of the sky fallen through me on high, Are each paved with the moon and these.",moon,WEATHER,gold,pobj,Object of Preposition,with
s00191,"In a thousand spots the traces of the winter avalanche may be perceived, where trees lie broken and strewed on the ground, some entirely destroyed, others bent, leaning upon the jutting rocks of the mountain or transversely upon other trees.",avalanche,LANDSCAPE,gold,pobj,Object of Preposition,of
s00191,"In a thousand spots the traces of the winter avalanche may be perceived, where trees lie broken and strewed on the ground, some entirely destroyed, others bent, leaning upon the jutting rocks of the mountain or transversely upon other trees.",trees,FLORA,gold,nsubj,Active Subject (doing the action),lie
s00191,"In a thousand spots the traces of the winter avalanche may be perceived, where trees lie broken and strewed on the ground, some entirely destroyed, others bent, leaning upon the jutting rocks of the mountain or transversely upon other trees.",ground,LANDSCAPE,gold,pobj,Object of Preposition,on
s00191,"In a thousand spots the traces of the winter avalanche may be perceived, where trees lie broken and strewed on the ground, some entirely destroyed, others bent, leaning upon the jutting rocks of the mountain or transversely upon other trees.",rocks,LANDSCAPE,gold,pobj,Object of Preposition,upon
s00191,"In a thousand spots the traces of the winter avalanche may be perceived, where trees lie broken and strewed on the ground, some entirely destroyed, others bent, leaning upon the jutting rocks of the mountain or transversely upon other trees.",mountain,LANDSCAPE,gold,pobj,Object of Preposition,of
s00191,"In a thousand spots the traces of the winter avalanche may be perceived, where trees lie broken and strewed on the ground, some entirely destroyed, others bent, leaning upon the jutting rocks of the mountain or transversely upon other trees.",trees,FLORA,gold,pobj,Object of Preposition,upon
s00072,"And you, ye crags, upon whose extreme edge I stand, and on the torrent's brink beneath Behold the tall pines dwindled as to shrubs In dizziness of distance; when a leap, A stir, a motion, even a breath, would bring My breast upon its rocky bosom's bed To rest for ever--wherefore do I pause?",crags,LANDSCAPE,gold,appos,Appositive,you
s00072,"And you, ye crags, upon whose extreme edge I stand, and on the torrent's brink beneath Behold the tall pines dwindled as to shrubs In dizziness of distance; when a leap, A stir, a motion, even a breath, would bring My breast upon its rocky bosom's bed To rest for ever--wherefore do I pause?",torrent's brink,LANDSCAPE,gold,pobj,Object of Preposition,on
s00072,"And you, ye crags, upon whose extreme edge I stand, and on the torrent's brink beneath Behold the tall pines dwindled as to shrubs In dizziness of distance; when a leap, A stir, a motion, even a breath, would bring My breast upon its rocky bosom's bed To rest for ever--wherefore do I pause?",pines,FLORA,gold,nsubj,Active Subject (doing the action),bring
s00072,"And you, ye crags, upon whose extreme edge I stand, and on the torrent's brink beneath Behold the tall pines dwindled as to shrubs In dizziness of distance; when a leap, A stir, a motion, even a breath, would bring My breast upon its rocky bosom's bed To rest for ever--wherefore do I pause?",shrubs,FLORA,gold,pobj,Object of Preposition,to
s00848,"And so I dare to hope Though changed, no doubt, from what I was, when first I came among these hills; when like a roe I bounded o’er the mountains, by the sides Of the deep rivers, and the lonely streams, Wherever nature led; more like a man Flying from something that he dreads, than one Who sought the thing he loved.",hills,LANDSCAPE,gold,pobj,Object of Preposition,among
s00848,"And so I dare to hope Though changed, no doubt, from what I was, when first I came among these hills; when like a roe I bounded o’er the mountains, by the sides Of the deep rivers, and the lonely streams, Wherever nature led; more like a man Flying from something that he dreads, than one Who sought the thing he loved.",roe,FAUNA,gold,pobj,Object of Preposition,like
s00848,"And so I dare to hope Though changed, no doubt, from what I was, when first I came among these hills; when like a roe I bounded o’er the mountains, by the sides Of the deep rivers, and the lonely streams, Wherever nature led; more like a man Flying from something that he dreads, than one Who sought the thing he loved.",mountains,LANDSCAPE,gold,pobj,Object of Preposition,o’er
s00848,"And so I dare to hope Though changed, no doubt, from what I was, when first I came among these hills; when like a roe I bounded o’er the mountains, by the sides Of the deep rivers, and the lonely streams, Wherever nature led; more like a man Flying from something that he dreads, than one Who sought the thing he loved.",rivers,LANDSCAPE,gold,pobj,Object of Preposition,of
s00848,"And so I dare to hope Though changed, no doubt, from what I was, when first I came among these hills; when like a roe I bounded o’er the mountains, by the sides Of the deep rivers, and the lonely streams, Wherever nature led; more like a man Flying from something that he dreads, than one Who sought the thing he loved.",streams,LANDSCAPE,gold,conj,Conjoined Element (shares role with another entity),side
s00848,"And so I dare to hope Though changed, no doubt, from what I was, when first I came among these hills; when like a roe I bounded o’er the mountains, by the sides Of the deep rivers, and the lonely streams, Wherever nature led; more like a man Flying from something that he dreads, than one Who sought the thing he loved.",nature,NATURE,gold,nsubj,Active Subject (doing the action),lead
s00578,"I am the daughter of Earth and Water, And the nursling of the Sky; I pass through the pores of the ocean and shores; I change, but I cannot die.",daughter of Earth and Water,NATURE,gold,attr,Attribute (X is a Y),be
s00578,"I am the daughter of Earth and Water, And the nursling of the Sky; I pass through the pores of the ocean and shores; I change, but I cannot die.",ocean,LANDSCAPE,gold,pobj,Object of Preposition,of
s00578,"I am the daughter of Earth and Water, And the nursling of the Sky; I pass through the pores of the ocean and shores; I change, but I cannot die.",shores,LANDSCAPE,gold,conj,Conjoined Element (shares role with another entity),ocean
s00578,"I am the daughter of Earth and Water, And the nursling of the Sky; I pass through the pores of the ocean and shores; I change, but I cannot die.",nursling of the Sky,NATURE,gold,conj,Conjoined Element (shares role with another entity),Earth
s00549,"Thou For whose path the Atlantic’s level powers Cleave themselves into chasms, while far below The sea-blooms and the oozy woods which wear The sapless foliage of the ocean, know Thy voice, and suddenly grow gray with fear, And tremble and despoil themselves:",Atlantic,LANDSCAPE,gold,poss,Other (poss),power
s00549,"Thou For whose path the Atlantic’s level powers Cleave themselves into chasms, while far below The sea-blooms and the oozy woods which wear The sapless foliage of the ocean, know Thy voice, and suddenly grow gray with fear, And tremble and despoil themselves:",chasms,LANDSCAPE,gold,pobj,Object of Preposition,into
s00549,"Thou For whose path the Atlantic’s level powers Cleave themselves into chasms, while far below The sea-blooms and the oozy woods which wear The sapless foliage of the ocean, know Thy voice, and suddenly grow gray with fear, And tremble and despoil themselves:",sea-blooms,FLORA,gold,dobj,Direct Object (action done to it),cleave
s00549,"Thou For whose path the Atlantic’s level powers Cleave themselves into chasms, while far below The sea-blooms and the oozy woods which wear The sapless foliage of the ocean, know Thy voice, and suddenly grow gray with fear, And tremble and despoil themselves:",woods,FLORA,gold,conj,Conjoined Element (shares role with another entity),bloom
s00549,"Thou For whose path the Atlantic’s level powers Cleave themselves into chasms, while far below The sea-blooms and the oozy woods which wear The sapless foliage of the ocean, know Thy voice, and suddenly grow gray with fear, And tremble and despoil themselves:",foliage,FLORA,gold,dobj,Direct Object (action done to it),wear
s00549,"Thou For whose path the Atlantic’s level powers Cleave themselves into chasms, while far below The sea-blooms and the oozy woods which wear The sapless foliage of the ocean, know Thy voice, and suddenly grow gray with fear, And tremble and despoil themselves:",ocean,LANDSCAPE,gold,pobj,Object of Preposition,of
s00577,"The triumphal arch through which I march With hurricane, fire, and snow, When the Powers of the air are chained to my chair, Is the million-coloured bow; The sphere-fire above its soft colours wove, While the moist Earth was laughing below.",hurricane,WEATHER,gold,pobj,Object of Preposition,with
s00577,"The triumphal arch through which I march With hurricane, fire, and snow, When the Powers of the air are chained to my chair, Is the million-coloured bow; The sphere-fire above its soft colours wove, While the moist Earth was laughing below.",fire,WEATHER,gold,conj,Conjoined Element (shares role with another entity),hurricane
s00577,"The triumphal arch through which I march With hurricane, fire, and snow, When the Powers of the air are chained to my chair, Is the million-coloured bow; The sphere-fire above its soft colours wove, While the moist Earth was laughing below.",snow,WEATHER,gold,conj,Conjoined Element (shares role with another entity),fire
s00577,"The triumphal arch through which I march With hurricane, fire, and snow, When the Powers of the air are chained to my chair, Is the million-coloured bow; The sphere-fire above its soft colours wove, While the moist Earth was laughing below.",Powers of the air,NATURE,gold,nsubjpass,Passive Subject (action done to it),chain
s00577,"The triumphal arch through which I march With hurricane, fire, and snow, When the Powers of the air are chained to my chair, Is the million-coloured bow; The sphere-fire above its soft colours wove, While the moist Earth was laughing below.",sphere-fire,WEATHER,gold,nsubj,Active Subject (doing the action),wove
s00577,"The triumphal arch through which I march With hurricane, fire, and snow, When the Powers of the air are chained to my chair, Is the million-coloured bow; The sphere-fire above its soft colours wove, While the moist Earth was laughing below.",Earth,LANDSCAPE,gold,nsubj,Active Subject (doing the action),laugh
s00577,"The triumphal arch through which I march With hurricane, fire, and snow, When the Powers of the air are chained to my chair, Is the million-coloured bow; The sphere-fire above its soft colours wove, While the moist Earth was laughing below.",bow,WEATHER,gold,attr,Attribute (X is a Y),be
s00854,"And I have felt A presence that disturbs me with the joy Of elevated thoughts; a sense sublime Of something far more deeply interfused, Whose dwelling is the light of setting suns, And the round ocean, and the living air, And the blue sky, and in the mind of man, A motion and a spirit, that impels All thinking things, all objects of all thought, And rolls through all things.",suns,WEATHER,gold,pobj,Object of Preposition,of
s00854,"And I have felt A presence that disturbs me with the joy Of elevated thoughts; a sense sublime Of something far more deeply interfused, Whose dwelling is the light of setting suns, And the round ocean, and the living air, And the blue sky, and in the mind of man, A motion and a spirit, that impels All thinking things, all objects of all thought, And rolls through all things.",presence,NATURE,gold,dobj,Direct Object (action done to it),feel
s00854,"And I have felt A presence that disturbs me with the joy Of elevated thoughts; a sense sublime Of something far more deeply interfused, Whose dwelling is the light of setting suns, And the round ocean, and the living air, And the blue sky, and in the mind of man, A motion and a spirit, that impels All thinking things, all objects of all thought, And rolls through all things.",ocean,LANDSCAPE,gold,conj,Conjoined Element (shares role with another entity),light
s00854,"And I have felt A presence that disturbs me with the joy Of elevated thoughts; a sense sublime Of something far more deeply interfused, Whose dwelling is the light of setting suns, And the round ocean, and the living air, And the blue sky, and in the mind of man, A motion and a spirit, that impels All thinking things, all objects of all thought, And rolls through all things.",air,WEATHER,gold,conj,Conjoined Element (shares role with another entity),ocean
s00854,"And I have felt A presence that disturbs me with the joy Of elevated thoughts; a sense sublime Of something far more deeply interfused, Whose dwelling is the light of setting suns, And the round ocean, and the living air, And the blue sky, and in the mind of man, A motion and a spirit, that impels All thinking things, all objects of all thought, And rolls through all things.",sky,WEATHER,gold,conj,Conjoined Element (shares role with another entity),air
s00854,"And I have felt A presence that disturbs me with the joy Of elevated thoughts; a sense sublime Of something far more deeply interfused, Whose dwelling is the light of setting suns, And the round ocean, and the living air, And the blue sky, and in the mind of man, A motion and a spirit, that impels All thinking things, all objects of all thought, And rolls through all things.",spirit,NATURE,gold,conj,Conjoined Element (shares role with another entity),motion
s00854,"And I have felt A presence that disturbs me with the joy Of elevated thoughts; a sense sublime Of something far more deeply interfused, Whose dwelling is the light of setting suns, And the round ocean, and the living air, And the blue sky, and in the mind of man, A motion and a spirit, that impels All thinking things, all objects of all thought, And rolls through all things.",light,WEATHER,gold,attr,Attribute (X is a Y),be
s00588,From rainbow clouds there flow not Drops so bright to see As from thy presence showers a rain of melody.,clouds,WEATHER,gold,pobj,Object of Preposition,from
s00588,From rainbow clouds there flow not Drops so bright to see As from thy presence showers a rain of melody.,Drops,WEATHER,gold,nsubj,Active Subject (doing the action),flow
s00588,From rainbow clouds there flow not Drops so bright to see As from thy presence showers a rain of melody.,rain,WEATHER,gold,nsubj,Active Subject (doing the action),shower
s00023,"Sky, mountains, river, winds, lake, lightnings! ye, With night, and clouds, and thunder, and a soul To make these felt and feeling, well may be Things that have made me watchful; the far roll Of your departing voices, is the knoll Of what in me is sleepless,--if I rest.",Sky,WEATHER,gold,dep,Other (dep),lightning
s00023,"Sky, mountains, river, winds, lake, lightnings! ye, With night, and clouds, and thunder, and a soul To make these felt and feeling, well may be Things that have made me watchful; the far roll Of your departing voices, is the knoll Of what in me is sleepless,--if I rest.",mountains,LANDSCAPE,gold,appos,Appositive,sky
s00023,"Sky, mountains, river, winds, lake, lightnings! ye, With night, and clouds, and thunder, and a soul To make these felt and feeling, well may be Things that have made me watchful; the far roll Of your departing voices, is the knoll Of what in me is sleepless,--if I rest.",river,LANDSCAPE,gold,appos,Appositive,sky
s00023,"Sky, mountains, river, winds, lake, lightnings! ye, With night, and clouds, and thunder, and a soul To make these felt and feeling, well may be Things that have made me watchful; the far roll Of your departing voices, is the knoll Of what in me is sleepless,--if I rest.",winds,WEATHER,gold,appos,Appositive,sky
s00023,"Sky, mountains, river, winds, lake, lightnings! ye, With night, and clouds, and thunder, and a soul To make these felt and feeling, well may be Things that have made me watchful; the far roll Of your departing voices, is the knoll Of what in me is sleepless,--if I rest.",lake,LANDSCAPE,gold,appos,Appositive,sky
s00023,"Sky, mountains, river, winds, lake, lightnings! ye, With night, and clouds, and thunder, and a soul To make these felt and feeling, well may be Things that have made me watchful; the far roll Of your departing voices, is the knoll Of what in me is sleepless,--if I rest.",lightnings,WEATHER,gold,ROOT,Root of the sentence,lightning
s00023,"Sky, mountains, river, winds, lake, lightnings! ye, With night, and clouds, and thunder, and a soul To make these felt and feeling, well may be Things that have made me watchful; the far roll Of your departing voices, is the knoll Of what in me is sleepless,--if I rest.",night,WEATHER,gold,pobj,Object of Preposition,with
s00023,"Sky, mountains, river, winds, lake, lightnings! ye, With night, and clouds, and thunder, and a soul To make these felt and feeling, well may be Things that have made me watchful; the far roll Of your departing voices, is the knoll Of what in me is sleepless,--if I rest.",clouds,WEATHER,gold,conj,Conjoined Element (shares role with another entity),night
s00023,"Sky, mountains, river, winds, lake, lightnings! ye, With night, and clouds, and thunder, and a soul To make these felt and feeling, well may be Things that have made me watchful; the far roll Of your departing voices, is the knoll Of what in me is sleepless,--if I rest.",thunder,WEATHER,gold,conj,Conjoined Element (shares role with another entity),cloud
s00023,"Sky, mountains, river, winds, lake, lightnings! ye, With night, and clouds, and thunder, and a soul To make these felt and feeling, well may be Things that have made me watchful; the far roll Of your departing voices, is the knoll Of what in me is sleepless,--if I rest.",soul,NATURE,gold,conj,Conjoined Element (shares role with another entity),thunder
s00841,"Once again I see These hedge-rows, hardly hedge-rows, little lines Of sportive wood run wild; these pastoral farms Green to the very door; and wreathes of smoke Sent up, in silence, from among the trees, With some uncertain notice, as might seem, Of vagrant dwellers in the houseless woods, Or of some hermit’s cave, where by his fire The hermit sits alone.",hedge-rows,FLORA,gold,dobj,Direct Object (action done to it),see
s00841,"Once again I see These hedge-rows, hardly hedge-rows, little lines Of sportive wood run wild; these pastoral farms Green to the very door; and wreathes of smoke Sent up, in silence, from among the trees, With some uncertain notice, as might seem, Of vagrant dwellers in the houseless woods, Or of some hermit’s cave, where by his fire The hermit sits alone.",wood,FLORA,gold,pobj,Object of Preposition,of
s00841,"Once again I see These hedge-rows, hardly hedge-rows, little lines Of sportive wood run wild; these pastoral farms Green to the very door; and wreathes of smoke Sent up, in silence, from among the trees, With some uncertain notice, as might seem, Of vagrant dwellers in the houseless woods, Or of some hermit’s cave, where by his fire The hermit sits alone.",smoke,WEATHER,gold,pobj,Object of Preposition,of
s00841,"Once again I see These hedge-rows, hardly hedge-rows, little lines Of sportive wood run wild; these pastoral farms Green to the very door; and wreathes of smoke Sent up, in silence, from among the trees, With some uncertain notice, as might seem, Of vagrant dwellers in the houseless woods, Or of some hermit’s cave, where by his fire The hermit sits alone.",trees,FLORA,gold,pobj,Object of Preposition,among
s00841,"Once again I see These hedge-rows, hardly hedge-rows, little lines Of sportive wood run wild; these pastoral farms Green to the very door; and wreathes of smoke Sent up, in silence, from among the trees, With some uncertain notice, as might seem, Of vagrant dwellers in the houseless woods, Or of some hermit’s cave, where by his fire The hermit sits alone.",woods,FLORA,gold,pobj,Object of Preposition,in
s00841,"Once again I see These hedge-rows, hardly hedge-rows, little lines Of sportive wood run wild; these pastoral farms Green to the very door; and wreathes of smoke Sent up, in silence, from among the trees, With some uncertain notice, as might seem, Of vagrant dwellers in the houseless woods, Or of some hermit’s cave, where by his fire The hermit sits alone.",cave,LANDSCAPE,gold,pobj,Object of Preposition,of
s00030,"Thine air is the young breath of passionate thought; Thy trees take root in love; the snows above The very glaciers have his colours caught, And sunset into rose-hues sees them wrought By rays which sleep there lovingly: the rocks, The permanent crags, tell here of Love, who sought In them a refuge from the worldly shocks, Which stir and sting the soul with hope that woos, then mocks.",air,WEATHER,gold,nsubj,Active Subject (doing the action),be
s00030,"Thine air is the young breath of passionate thought; Thy trees take root in love; the snows above The very glaciers have his colours caught, And sunset into rose-hues sees them wrought By rays which sleep there lovingly: the rocks, The permanent crags, tell here of Love, who sought In them a refuge from the worldly shocks, Which stir and sting the soul with hope that woos, then mocks.",trees,FLORA,gold,nsubj,Active Subject (doing the action),take
s00030,"Thine air is the young breath of passionate thought; Thy trees take root in love; the snows above The very glaciers have his colours caught, And sunset into rose-hues sees them wrought By rays which sleep there lovingly: the rocks, The permanent crags, tell here of Love, who sought In them a refuge from the worldly shocks, Which stir and sting the soul with hope that woos, then mocks.",snows,WEATHER,gold,dep,Other (dep),tell
s00030,"Thine air is the young breath of passionate thought; Thy trees take root in love; the snows above The very glaciers have his colours caught, And sunset into rose-hues sees them wrought By rays which sleep there lovingly: the rocks, The permanent crags, tell here of Love, who sought In them a refuge from the worldly shocks, Which stir and sting the soul with hope that woos, then mocks.",glaciers,LANDSCAPE,gold,nsubj,Active Subject (doing the action),have
s00030,"Thine air is the young breath of passionate thought; Thy trees take root in love; the snows above The very glaciers have his colours caught, And sunset into rose-hues sees them wrought By rays which sleep there lovingly: the rocks, The permanent crags, tell here of Love, who sought In them a refuge from the worldly shocks, Which stir and sting the soul with hope that woos, then mocks.",sunset,WEATHER,gold,nsubj,Active Subject (doing the action),see
s00030,"Thine air is the young breath of passionate thought; Thy trees take root in love; the snows above The very glaciers have his colours caught, And sunset into rose-hues sees them wrought By rays which sleep there lovingly: the rocks, The permanent crags, tell here of Love, who sought In them a refuge from the worldly shocks, Which stir and sting the soul with hope that woos, then mocks.",rocks,LANDSCAPE,gold,nsubj,Active Subject (doing the action),tell
s00030,"Thine air is the young breath of passionate thought; Thy trees take root in love; the snows above The very glaciers have his colours caught, And sunset into rose-hues sees them wrought By rays which sleep there lovingly: the rocks, The permanent crags, tell here of Love, who sought In them a refuge from the worldly shocks, Which stir and sting the soul with hope that woos, then mocks.",crags,LANDSCAPE,gold,appos,Appositive,rock
s00030,"Thine air is the young breath of passionate thought; Thy trees take root in love; the snows above The very glaciers have his colours caught, And sunset into rose-hues sees them wrought By rays which sleep there lovingly: the rocks, The permanent crags, tell here of Love, who sought In them a refuge from the worldly shocks, Which stir and sting the soul with hope that woos, then mocks.",rays,WEATHER,gold,pobj,Object of Preposition,by
s00569,"The sanguine Sunrise, with his meteor eyes, And his burning plumes outspread, Leaps on the back of my sailing rack, When the morning star shines dead; As on the jag of a mountain crag, Which an earthquake rocks and swings, An eagle alit one moment may sit In the light of its golden wings.",Sunrise,WEATHER,gold,nsubj,Active Subject (doing the action),leap
s00569,"The sanguine Sunrise, with his meteor eyes, And his burning plumes outspread, Leaps on the back of my sailing rack, When the morning star shines dead; As on the jag of a mountain crag, Which an earthquake rocks and swings, An eagle alit one moment may sit In the light of its golden wings.",rack,WEATHER,gold,pobj,Object of Preposition,of
s00569,"The sanguine Sunrise, with his meteor eyes, And his burning plumes outspread, Leaps on the back of my sailing rack, When the morning star shines dead; As on the jag of a mountain crag, Which an earthquake rocks and swings, An eagle alit one moment may sit In the light of its golden wings.",morning star,WEATHER,gold,nsubj,Active Subject (doing the action),shine
s00569,"The sanguine Sunrise, with his meteor eyes, And his burning plumes outspread, Leaps on the back of my sailing rack, When the morning star shines dead; As on the jag of a mountain crag, Which an earthquake rocks and swings, An eagle alit one moment may sit In the light of its golden wings.",mountain crag,LANDSCAPE,gold,pobj,Object of Preposition,of
s00569,"The sanguine Sunrise, with his meteor eyes, And his burning plumes outspread, Leaps on the back of my sailing rack, When the morning star shines dead; As on the jag of a mountain crag, Which an earthquake rocks and swings, An eagle alit one moment may sit In the light of its golden wings.",earthquake,LANDSCAPE,gold,nsubj,Active Subject (doing the action),rock
s00569,"The sanguine Sunrise, with his meteor eyes, And his burning plumes outspread, Leaps on the back of my sailing rack, When the morning star shines dead; As on the jag of a mountain crag, Which an earthquake rocks and swings, An eagle alit one moment may sit In the light of its golden wings.",eagle,FAUNA,gold,nsubj,Active Subject (doing the action),sit
s00547,"Thou dirge Of the dying year, to which this closing night Will be the dome of a vast sepulchre, Vaulted with all thy congregated might Of vapours, from whose solid atmosphere Black rain, and fire, and hail will burst: oh, hear!",night,WEATHER,gold,nsubj,Active Subject (doing the action),be
s00547,"Thou dirge Of the dying year, to which this closing night Will be the dome of a vast sepulchre, Vaulted with all thy congregated might Of vapours, from whose solid atmosphere Black rain, and fire, and hail will burst: oh, hear!",vapours,WEATHER,gold,pobj,Object of Preposition,of
s00547,"Thou dirge Of the dying year, to which this closing night Will be the dome of a vast sepulchre, Vaulted with all thy congregated might Of vapours, from whose solid atmosphere Black rain, and fire, and hail will burst: oh, hear!",atmosphere,WEATHER,gold,pobj,Object of Preposition,from
s00547,"Thou dirge Of the dying year, to which this closing night Will be the dome of a vast sepulchre, Vaulted with all thy congregated might Of vapours, from whose solid atmosphere Black rain, and fire, and hail will burst: oh, hear!",rain,WEATHER,gold,nsubj,Active Subject (doing the action),burst
s00547,"Thou dirge Of the dying year, to which this closing night Will be the dome of a vast sepulchre, Vaulted with all thy congregated might Of vapours, from whose solid atmosphere Black rain, and fire, and hail will burst: oh, hear!",fire,WEATHER,gold,conj,Conjoined Element (shares role with another entity),rain
s00547,"Thou dirge Of the dying year, to which this closing night Will be the dome of a vast sepulchre, Vaulted with all thy congregated might Of vapours, from whose solid atmosphere Black rain, and fire, and hail will burst: oh, hear!",hail,WEATHER,gold,conj,Conjoined Element (shares role with another entity),fire
s00076,"Whose happy flight is highest into heaven, Well may'st thou swoop so near me--I should be Thy prey, and gorge thine eaglets; thou art gone Where the eye cannot follow thee; but thine Yet pierces downward, onward, or above, With a pervading vision.--Beautiful!",heaven,WEATHER,gold,pobj,Object of Preposition,into
s00076,"Whose happy flight is highest into heaven, Well may'st thou swoop so near me--I should be Thy prey, and gorge thine eaglets; thou art gone Where the eye cannot follow thee; but thine Yet pierces downward, onward, or above, With a pervading vision.--Beautiful!",eaglets,FAUNA,gold,dobj,Direct Object (action done to it),gorge
s00866,"Through primrose-tufts, in that sweet bower, The periwinkle trail’d its wreathes; And ’tis my faith that every flower Enjoys the air it breathes.",primrose-tufts,FLORA,gold,pobj,Object of Preposition,through
s00866,"Through primrose-tufts, in that sweet bower, The periwinkle trail’d its wreathes; And ’tis my faith that every flower Enjoys the air it breathes.",periwinkle,FLORA,gold,nsubj,Active Subject (doing the action),trail’d
s00866,"Through primrose-tufts, in that sweet bower, The periwinkle trail’d its wreathes; And ’tis my faith that every flower Enjoys the air it breathes.",flower,FLORA,gold,nsubj,Active Subject (doing the action),enjoy
s00866,"Through primrose-tufts, in that sweet bower, The periwinkle trail’d its wreathes; And ’tis my faith that every flower Enjoys the air it breathes.",air,WEATHER,gold,dobj,Direct Object (action done to it),enjoy
s00851,"The sounding cataract Haunted me like a passion: the tall rock, The mountain, and the deep and gloomy wood, Their colours and their forms, were then to me An appetite: a feeling and a love, That had no need of a remoter charm, By thought supplied, or any interest Unborrowed from the eye.--That time is past, And all its aching joys are now no more, And all its dizzy raptures.",cataract,LANDSCAPE,gold,nsubj,Active Subject (doing the action),haunt
s00851,"The sounding cataract Haunted me like a passion: the tall rock, The mountain, and the deep and gloomy wood, Their colours and their forms, were then to me An appetite: a feeling and a love, That had no need of a remoter charm, By thought supplied, or any interest Unborrowed from the eye.--That time is past, And all its aching joys are now no more, And all its dizzy raptures.",rock,LANDSCAPE,gold,nsubj,Active Subject (doing the action),be
s00851,"The sounding cataract Haunted me like a passion: the tall rock, The mountain, and the deep and gloomy wood, Their colours and their forms, were then to me An appetite: a feeling and a love, That had no need of a remoter charm, By thought supplied, or any interest Unborrowed from the eye.--That time is past, And all its aching joys are now no more, And all its dizzy raptures.",mountain,LANDSCAPE,gold,conj,Conjoined Element (shares role with another entity),rock
s00851,"The sounding cataract Haunted me like a passion: the tall rock, The mountain, and the deep and gloomy wood, Their colours and their forms, were then to me An appetite: a feeling and a love, That had no need of a remoter charm, By thought supplied, or any interest Unborrowed from the eye.--That time is past, And all its aching joys are now no more, And all its dizzy raptures.",wood,FLORA,gold,conj,Conjoined Element (shares role with another entity),mountain
s00637,"Nor dim nor red, like God's own head, The glorious Sun uprist: Then all averred, I had killed the bird That brought the fog and mist.",Sun,WEATHER,gold,compound,Other (compound),uprist
s00637,"Nor dim nor red, like God's own head, The glorious Sun uprist: Then all averred, I had killed the bird That brought the fog and mist.",bird,FAUNA,gold,dobj,Direct Object (action done to it),kill
s00637,"Nor dim nor red, like God's own head, The glorious Sun uprist: Then all averred, I had killed the bird That brought the fog and mist.",fog,WEATHER,gold,dobj,Direct Object (action done to it),bring
s00637,"Nor dim nor red, like God's own head, The glorious Sun uprist: Then all averred, I had killed the bird That brought the fog and mist.",mist,WEATHER,gold,conj,Conjoined Element (shares role with another entity),fog
s00583,"In the golden lightning Of the sunken sun, O’er which clouds are bright’ning.",lightning,WEATHER,gold,pobj,Object of Preposition,in
s00583,"In the golden lightning Of the sunken sun, O’er which clouds are bright’ning.",sun,WEATHER,gold,pobj,Object of Preposition,of
s00583,"In the golden lightning Of the sunken sun, O’er which clouds are bright’ning.",clouds,WEATHER,gold,nsubj,Active Subject (doing the action),bright’ne
s00031,"by heavenly feet thy paths are trod,-- Undying Love's, who here ascends a throne To which the steps are mountains; where the god Is a pervading life and light,--so shown Not on those summits solely, nor alone In the still cave and forest; o'er the flower His eye is sparkling, and his breath hath blown, His soft and summer breath, whose tender power Passes the strength of storms in their most desolate hour.",mountains,LANDSCAPE,gold,attr,Attribute (X is a Y),be
s00031,"by heavenly feet thy paths are trod,-- Undying Love's, who here ascends a throne To which the steps are mountains; where the god Is a pervading life and light,--so shown Not on those summits solely, nor alone In the still cave and forest; o'er the flower His eye is sparkling, and his breath hath blown, His soft and summer breath, whose tender power Passes the strength of storms in their most desolate hour.",the god,NATURE,gold,nsubj,Active Subject (doing the action),be
s00031,"by heavenly feet thy paths are trod,-- Undying Love's, who here ascends a throne To which the steps are mountains; where the god Is a pervading life and light,--so shown Not on those summits solely, nor alone In the still cave and forest; o'er the flower His eye is sparkling, and his breath hath blown, His soft and summer breath, whose tender power Passes the strength of storms in their most desolate hour.",summits,LANDSCAPE,gold,pobj,Object of Preposition,on
s00031,"by heavenly feet thy paths are trod,-- Undying Love's, who here ascends a throne To which the steps are mountains; where the god Is a pervading life and light,--so shown Not on those summits solely, nor alone In the still cave and forest; o'er the flower His eye is sparkling, and his breath hath blown, His soft and summer breath, whose tender power Passes the strength of storms in their most desolate hour.",cave,LANDSCAPE,gold,pobj,Object of Preposition,in
s00031,"by heavenly feet thy paths are trod,-- Undying Love's, who here ascends a throne To which the steps are mountains; where the god Is a pervading life and light,--so shown Not on those summits solely, nor alone In the still cave and forest; o'er the flower His eye is sparkling, and his breath hath blown, His soft and summer breath, whose tender power Passes the strength of storms in their most desolate hour.",forest,FLORA,gold,conj,Conjoined Element (shares role with another entity),cave
s00031,"by heavenly feet thy paths are trod,-- Undying Love's, who here ascends a throne To which the steps are mountains; where the god Is a pervading life and light,--so shown Not on those summits solely, nor alone In the still cave and forest; o'er the flower His eye is sparkling, and his breath hath blown, His soft and summer breath, whose tender power Passes the strength of storms in their most desolate hour.",light,NATURE,gold,punct,Other (punct),"trod,--"
s00031,"by heavenly feet thy paths are trod,-- Undying Love's, who here ascends a throne To which the steps are mountains; where the god Is a pervading life and light,--so shown Not on those summits solely, nor alone In the still cave and forest; o'er the flower His eye is sparkling, and his breath hath blown, His soft and summer breath, whose tender power Passes the strength of storms in their most desolate hour.",flower,FLORA,gold,pobj,Object of Preposition,o'er
s00031,"by heavenly feet thy paths are trod,-- Undying Love's, who here ascends a throne To which the steps are mountains; where the god Is a pervading life and light,--so shown Not on those summits solely, nor alone In the still cave and forest; o'er the flower His eye is sparkling, and his breath hath blown, His soft and summer breath, whose tender power Passes the strength of storms in their most desolate hour.",breath,WEATHER,gold,nsubj,Active Subject (doing the action),blow
s00031,"by heavenly feet thy paths are trod,-- Undying Love's, who here ascends a throne To which the steps are mountains; where the god Is a pervading life and light,--so shown Not on those summits solely, nor alone In the still cave and forest; o'er the flower His eye is sparkling, and his breath hath blown, His soft and summer breath, whose tender power Passes the strength of storms in their most desolate hour.",storms,WEATHER,gold,pobj,Object of Preposition,of
s00204,"Presently a breeze dissipated the cloud, and I descended upon the glacier.",breeze,WEATHER,gold,nsubj,Active Subject (doing the action),dissipate
s00204,"Presently a breeze dissipated the cloud, and I descended upon the glacier.",cloud,WEATHER,gold,dobj,Direct Object (action done to it),dissipate
s00204,"Presently a breeze dissipated the cloud, and I descended upon the glacier.",glacier,LANDSCAPE,gold,pobj,Object of Preposition,upon
s00044,"looking on thee Full flashes on the soul the light of ages, Since the fierce Carthaginian almost won thee, To the last halo of the chiefs and sages Who glorify thy consecrated pages; Thou wert the throne and grave of empires; still, The fount at which the panting mind assuages Her thirst of knowledge, quaffing there her fill, Flows from the eternal source of Rome's imperial hill.",fount,LANDSCAPE,gold,nsubj,Active Subject (doing the action),flow
s00044,"looking on thee Full flashes on the soul the light of ages, Since the fierce Carthaginian almost won thee, To the last halo of the chiefs and sages Who glorify thy consecrated pages; Thou wert the throne and grave of empires; still, The fount at which the panting mind assuages Her thirst of knowledge, quaffing there her fill, Flows from the eternal source of Rome's imperial hill.",hill,LANDSCAPE,gold,pobj,Object of Preposition,of
s00123,"I said with men, and with the thoughts of men, 60 I held but slight communion; but instead, My joy was in the wilderness,--to breathe The difficult air of the iced mountain's top,Where the birds dare not build--nor insect's wing Flit o'er the herbless granite; or to plunge Into the torrent, and to roll along On the swift whirl of the new-breaking wave Of river-stream, or Ocean, in their flow.",wilderness,LANDSCAPE,gold,pobj,Object of Preposition,in
s00123,"I said with men, and with the thoughts of men, 60 I held but slight communion; but instead, My joy was in the wilderness,--to breathe The difficult air of the iced mountain's top,Where the birds dare not build--nor insect's wing Flit o'er the herbless granite; or to plunge Into the torrent, and to roll along On the swift whirl of the new-breaking wave Of river-stream, or Ocean, in their flow.",air,WEATHER,gold,dobj,Direct Object (action done to it),breathe
s00123,"I said with men, and with the thoughts of men, 60 I held but slight communion; but instead, My joy was in the wilderness,--to breathe The difficult air of the iced mountain's top,Where the birds dare not build--nor insect's wing Flit o'er the herbless granite; or to plunge Into the torrent, and to roll along On the swift whirl of the new-breaking wave Of river-stream, or Ocean, in their flow.",mountain's top,LANDSCAPE,gold,pobj,Object of Preposition,of
s00123,"I said with men, and with the thoughts of men, 60 I held but slight communion; but instead, My joy was in the wilderness,--to breathe The difficult air of the iced mountain's top,Where the birds dare not build--nor insect's wing Flit o'er the herbless granite; or to plunge Into the torrent, and to roll along On the swift whirl of the new-breaking wave Of river-stream, or Ocean, in their flow.",birds,FAUNA,gold,nsubj,Active Subject (doing the action),build
s00123,"I said with men, and with the thoughts of men, 60 I held but slight communion; but instead, My joy was in the wilderness,--to breathe The difficult air of the iced mountain's top,Where the birds dare not build--nor insect's wing Flit o'er the herbless granite; or to plunge Into the torrent, and to roll along On the swift whirl of the new-breaking wave Of river-stream, or Ocean, in their flow.",insect,FAUNA,gold,poss,Other (poss),wing
s00123,"I said with men, and with the thoughts of men, 60 I held but slight communion; but instead, My joy was in the wilderness,--to breathe The difficult air of the iced mountain's top,Where the birds dare not build--nor insect's wing Flit o'er the herbless granite; or to plunge Into the torrent, and to roll along On the swift whirl of the new-breaking wave Of river-stream, or Ocean, in their flow.",granite,LANDSCAPE,gold,pobj,Object of Preposition,o'er
s00123,"I said with men, and with the thoughts of men, 60 I held but slight communion; but instead, My joy was in the wilderness,--to breathe The difficult air of the iced mountain's top,Where the birds dare not build--nor insect's wing Flit o'er the herbless granite; or to plunge Into the torrent, and to roll along On the swift whirl of the new-breaking wave Of river-stream, or Ocean, in their flow.",torrent,LANDSCAPE,gold,pobj,Object of Preposition,into
s00123,"I said with men, and with the thoughts of men, 60 I held but slight communion; but instead, My joy was in the wilderness,--to breathe The difficult air of the iced mountain's top,Where the birds dare not build--nor insect's wing Flit o'er the herbless granite; or to plunge Into the torrent, and to roll along On the swift whirl of the new-breaking wave Of river-stream, or Ocean, in their flow.",whirl,LANDSCAPE,gold,pobj,Object of Preposition,on
s00123,"I said with men, and with the thoughts of men, 60 I held but slight communion; but instead, My joy was in the wilderness,--to breathe The difficult air of the iced mountain's top,Where the birds dare not build--nor insect's wing Flit o'er the herbless granite; or to plunge Into the torrent, and to roll along On the swift whirl of the new-breaking wave Of river-stream, or Ocean, in their flow.",wave,LANDSCAPE,gold,pobj,Object of Preposition,of
s00123,"I said with men, and with the thoughts of men, 60 I held but slight communion; but instead, My joy was in the wilderness,--to breathe The difficult air of the iced mountain's top,Where the birds dare not build--nor insect's wing Flit o'er the herbless granite; or to plunge Into the torrent, and to roll along On the swift whirl of the new-breaking wave Of river-stream, or Ocean, in their flow.",river-stream,LANDSCAPE,gold,pobj,Object of Preposition,of
s00123,"I said with men, and with the thoughts of men, 60 I held but slight communion; but instead, My joy was in the wilderness,--to breathe The difficult air of the iced mountain's top,Where the birds dare not build--nor insect's wing Flit o'er the herbless granite; or to plunge Into the torrent, and to roll along On the swift whirl of the new-breaking wave Of river-stream, or Ocean, in their flow.",Ocean,LANDSCAPE,gold,conj,Conjoined Element (shares role with another entity),stream
s00292,"The air was cold, and the rain again began to descend; we entered the hut, the fiend with an air of exultation, I with a heavy heart and depressed spirits.",air,WEATHER,gold,nsubj,Active Subject (doing the action),be
s00292,"The air was cold, and the rain again began to descend; we entered the hut, the fiend with an air of exultation, I with a heavy heart and depressed spirits.",rain,WEATHER,gold,nsubj,Active Subject (doing the action),begin
s00093,"Mountains have fallen, Leaving a gap in the clouds, and with the shock Rocking their Alpine brethren; filling up The ripe green valleys with Destruction's splinters; Damming the rivers with a sudden dash, Which crushed the waters into mist, and made Their fountains find another channel--thus, Thus, in its old age, did Mount Rosenberg--Why stood I not beneath it?",Mountains,LANDSCAPE,gold,nsubj,Active Subject (doing the action),fall
s00093,"Mountains have fallen, Leaving a gap in the clouds, and with the shock Rocking their Alpine brethren; filling up The ripe green valleys with Destruction's splinters; Damming the rivers with a sudden dash, Which crushed the waters into mist, and made Their fountains find another channel--thus, Thus, in its old age, did Mount Rosenberg--Why stood I not beneath it?",clouds,WEATHER,gold,pobj,Object of Preposition,in
s00093,"Mountains have fallen, Leaving a gap in the clouds, and with the shock Rocking their Alpine brethren; filling up The ripe green valleys with Destruction's splinters; Damming the rivers with a sudden dash, Which crushed the waters into mist, and made Their fountains find another channel--thus, Thus, in its old age, did Mount Rosenberg--Why stood I not beneath it?",valleys,LANDSCAPE,gold,dobj,Direct Object (action done to it),fill
s00093,"Mountains have fallen, Leaving a gap in the clouds, and with the shock Rocking their Alpine brethren; filling up The ripe green valleys with Destruction's splinters; Damming the rivers with a sudden dash, Which crushed the waters into mist, and made Their fountains find another channel--thus, Thus, in its old age, did Mount Rosenberg--Why stood I not beneath it?",rivers,LANDSCAPE,gold,dobj,Direct Object (action done to it),dam
s00093,"Mountains have fallen, Leaving a gap in the clouds, and with the shock Rocking their Alpine brethren; filling up The ripe green valleys with Destruction's splinters; Damming the rivers with a sudden dash, Which crushed the waters into mist, and made Their fountains find another channel--thus, Thus, in its old age, did Mount Rosenberg--Why stood I not beneath it?",waters,LANDSCAPE,gold,dobj,Direct Object (action done to it),crush
s00093,"Mountains have fallen, Leaving a gap in the clouds, and with the shock Rocking their Alpine brethren; filling up The ripe green valleys with Destruction's splinters; Damming the rivers with a sudden dash, Which crushed the waters into mist, and made Their fountains find another channel--thus, Thus, in its old age, did Mount Rosenberg--Why stood I not beneath it?",mist,WEATHER,gold,pobj,Object of Preposition,into
s00093,"Mountains have fallen, Leaving a gap in the clouds, and with the shock Rocking their Alpine brethren; filling up The ripe green valleys with Destruction's splinters; Damming the rivers with a sudden dash, Which crushed the waters into mist, and made Their fountains find another channel--thus, Thus, in its old age, did Mount Rosenberg--Why stood I not beneath it?",fountains,LANDSCAPE,gold,nsubj,Active Subject (doing the action),find
s00093,"Mountains have fallen, Leaving a gap in the clouds, and with the shock Rocking their Alpine brethren; filling up The ripe green valleys with Destruction's splinters; Damming the rivers with a sudden dash, Which crushed the waters into mist, and made Their fountains find another channel--thus, Thus, in its old age, did Mount Rosenberg--Why stood I not beneath it?",channel,LANDSCAPE,gold,dobj,Direct Object (action done to it),find
s00093,"Mountains have fallen, Leaving a gap in the clouds, and with the shock Rocking their Alpine brethren; filling up The ripe green valleys with Destruction's splinters; Damming the rivers with a sudden dash, Which crushed the waters into mist, and made Their fountains find another channel--thus, Thus, in its old age, did Mount Rosenberg--Why stood I not beneath it?",Mount Rosenberg,LANDSCAPE,gold,nsubj,Active Subject (doing the action),do
s00093,"Mountains have fallen, Leaving a gap in the clouds, and with the shock Rocking their Alpine brethren; filling up The ripe green valleys with Destruction's splinters; Damming the rivers with a sudden dash, Which crushed the waters into mist, and made Their fountains find another channel--thus, Thus, in its old age, did Mount Rosenberg--Why stood I not beneath it?",Alpine brethren,LANDSCAPE,gold,dobj,Direct Object (action done to it),rock
s00093,"Mountains have fallen, Leaving a gap in the clouds, and with the shock Rocking their Alpine brethren; filling up The ripe green valleys with Destruction's splinters; Damming the rivers with a sudden dash, Which crushed the waters into mist, and made Their fountains find another channel--thus, Thus, in its old age, did Mount Rosenberg--Why stood I not beneath it?",splinters,LANDSCAPE,gold,pobj,Object of Preposition,with
s00838,"and again I hear These waters, rolling from their mountain-springs With a sweet inland murmur.--Once",waters,LANDSCAPE,gold,nsubj,Active Subject (doing the action),roll
s00838,"and again I hear These waters, rolling from their mountain-springs With a sweet inland murmur.--Once",mountain-springs,LANDSCAPE,gold,pobj,Object of Preposition,from
s00019,"How the lit lake shines, a phosphoric sea, And the big rain comes dancing to the earth!",lake,LANDSCAPE,gold,nsubj,Active Subject (doing the action),shine
s00019,"How the lit lake shines, a phosphoric sea, And the big rain comes dancing to the earth!",rain,WEATHER,gold,nsubj,Active Subject (doing the action),come
s00019,"How the lit lake shines, a phosphoric sea, And the big rain comes dancing to the earth!",earth,LANDSCAPE,gold,pobj,Object of Preposition,to
s00019,"How the lit lake shines, a phosphoric sea, And the big rain comes dancing to the earth!",sea,LANDSCAPE,gold,dep,Other (dep),shine
s00210,"The sea, or rather the vast river of ice, wound among its dependent mountains, whose aerial summits hung over its recesses.",sea,LANDSCAPE,gold,nsubj,Active Subject (doing the action),wind
s00210,"The sea, or rather the vast river of ice, wound among its dependent mountains, whose aerial summits hung over its recesses.",river of ice,LANDSCAPE,gold,conj,Conjoined Element (shares role with another entity),sea
s00210,"The sea, or rather the vast river of ice, wound among its dependent mountains, whose aerial summits hung over its recesses.",mountains,LANDSCAPE,gold,pobj,Object of Preposition,among
s00210,"The sea, or rather the vast river of ice, wound among its dependent mountains, whose aerial summits hung over its recesses.",summits,LANDSCAPE,gold,nsubj,Active Subject (doing the action),hang
s00683,"The Sun's rim dips; the stars rush out: At one stride comes the dark; With far-heard whisper, o'er the sea.",Sun's rim,WEATHER,gold,nsubj,Active Subject (doing the action),dip
s00683,"The Sun's rim dips; the stars rush out: At one stride comes the dark; With far-heard whisper, o'er the sea.",stars,WEATHER,gold,nsubj,Active Subject (doing the action),rush
s00683,"The Sun's rim dips; the stars rush out: At one stride comes the dark; With far-heard whisper, o'er the sea.",dark,WEATHER,gold,nsubj,Active Subject (doing the action),come
s00683,"The Sun's rim dips; the stars rush out: At one stride comes the dark; With far-heard whisper, o'er the sea.",sea,LANDSCAPE,gold,pobj,Object of Preposition,with
s00528,"Far, far above, piercing the infinite sky, Mont Blanc appears,—still, snowy, and serene— Its subject mountains their unearthly forms Pile around it, ice and rock; broad vales between Of frozen floods, unfathomable deeps, Blue as the overhanging heaven, that spread And wind among the accumulated steeps; A desert peopled by the storms alone, Save when the eagle brings some hunter’s bone, And the wolf tracts her there—how hideously Its shapes are heaped around!",sky,WEATHER,gold,dobj,Direct Object (action done to it),pierce
s00528,"Far, far above, piercing the infinite sky, Mont Blanc appears,—still, snowy, and serene— Its subject mountains their unearthly forms Pile around it, ice and rock; broad vales between Of frozen floods, unfathomable deeps, Blue as the overhanging heaven, that spread And wind among the accumulated steeps; A desert peopled by the storms alone, Save when the eagle brings some hunter’s bone, And the wolf tracts her there—how hideously Its shapes are heaped around!",Mont Blanc,LANDSCAPE,gold,nsubj,Active Subject (doing the action),"appears,—still"
s00528,"Far, far above, piercing the infinite sky, Mont Blanc appears,—still, snowy, and serene— Its subject mountains their unearthly forms Pile around it, ice and rock; broad vales between Of frozen floods, unfathomable deeps, Blue as the overhanging heaven, that spread And wind among the accumulated steeps; A desert peopled by the storms alone, Save when the eagle brings some hunter’s bone, And the wolf tracts her there—how hideously Its shapes are heaped around!",mountains,LANDSCAPE,gold,appos,Appositive,"appears,—still"
s00528,"Far, far above, piercing the infinite sky, Mont Blanc appears,—still, snowy, and serene— Its subject mountains their unearthly forms Pile around it, ice and rock; broad vales between Of frozen floods, unfathomable deeps, Blue as the overhanging heaven, that spread And wind among the accumulated steeps; A desert peopled by the storms alone, Save when the eagle brings some hunter’s bone, And the wolf tracts her there—how hideously Its shapes are heaped around!",ice,WEATHER,gold,appos,Appositive,mountain
s00528,"Far, far above, piercing the infinite sky, Mont Blanc appears,—still, snowy, and serene— Its subject mountains their unearthly forms Pile around it, ice and rock; broad vales between Of frozen floods, unfathomable deeps, Blue as the overhanging heaven, that spread And wind among the accumulated steeps; A desert peopled by the storms alone, Save when the eagle brings some hunter’s bone, And the wolf tracts her there—how hideously Its shapes are heaped around!",rock,LANDSCAPE,gold,conj,Conjoined Element (shares role with another entity),ice
s00528,"Far, far above, piercing the infinite sky, Mont Blanc appears,—still, snowy, and serene— Its subject mountains their unearthly forms Pile around it, ice and rock; broad vales between Of frozen floods, unfathomable deeps, Blue as the overhanging heaven, that spread And wind among the accumulated steeps; A desert peopled by the storms alone, Save when the eagle brings some hunter’s bone, And the wolf tracts her there—how hideously Its shapes are heaped around!",vales,LANDSCAPE,gold,appos,Appositive,mountain
s00528,"Far, far above, piercing the infinite sky, Mont Blanc appears,—still, snowy, and serene— Its subject mountains their unearthly forms Pile around it, ice and rock; broad vales between Of frozen floods, unfathomable deeps, Blue as the overhanging heaven, that spread And wind among the accumulated steeps; A desert peopled by the storms alone, Save when the eagle brings some hunter’s bone, And the wolf tracts her there—how hideously Its shapes are heaped around!",floods,LANDSCAPE,gold,pobj,Object of Preposition,of
s00528,"Far, far above, piercing the infinite sky, Mont Blanc appears,—still, snowy, and serene— Its subject mountains their unearthly forms Pile around it, ice and rock; broad vales between Of frozen floods, unfathomable deeps, Blue as the overhanging heaven, that spread And wind among the accumulated steeps; A desert peopled by the storms alone, Save when the eagle brings some hunter’s bone, And the wolf tracts her there—how hideously Its shapes are heaped around!",deeps,LANDSCAPE,gold,appos,Appositive,flood
s00528,"Far, far above, piercing the infinite sky, Mont Blanc appears,—still, snowy, and serene— Its subject mountains their unearthly forms Pile around it, ice and rock; broad vales between Of frozen floods, unfathomable deeps, Blue as the overhanging heaven, that spread And wind among the accumulated steeps; A desert peopled by the storms alone, Save when the eagle brings some hunter’s bone, And the wolf tracts her there—how hideously Its shapes are heaped around!",heaven,WEATHER,gold,pobj,Object of Preposition,as
s00528,"Far, far above, piercing the infinite sky, Mont Blanc appears,—still, snowy, and serene— Its subject mountains their unearthly forms Pile around it, ice and rock; broad vales between Of frozen floods, unfathomable deeps, Blue as the overhanging heaven, that spread And wind among the accumulated steeps; A desert peopled by the storms alone, Save when the eagle brings some hunter’s bone, And the wolf tracts her there—how hideously Its shapes are heaped around!",steeps,LANDSCAPE,gold,pobj,Object of Preposition,among
s00528,"Far, far above, piercing the infinite sky, Mont Blanc appears,—still, snowy, and serene— Its subject mountains their unearthly forms Pile around it, ice and rock; broad vales between Of frozen floods, unfathomable deeps, Blue as the overhanging heaven, that spread And wind among the accumulated steeps; A desert peopled by the storms alone, Save when the eagle brings some hunter’s bone, And the wolf tracts her there—how hideously Its shapes are heaped around!",eagle,FAUNA,gold,nsubj,Active Subject (doing the action),bring
s00528,"Far, far above, piercing the infinite sky, Mont Blanc appears,—still, snowy, and serene— Its subject mountains their unearthly forms Pile around it, ice and rock; broad vales between Of frozen floods, unfathomable deeps, Blue as the overhanging heaven, that spread And wind among the accumulated steeps; A desert peopled by the storms alone, Save when the eagle brings some hunter’s bone, And the wolf tracts her there—how hideously Its shapes are heaped around!",desert,LANDSCAPE,gold,appos,Appositive,mountain
s00528,"Far, far above, piercing the infinite sky, Mont Blanc appears,—still, snowy, and serene— Its subject mountains their unearthly forms Pile around it, ice and rock; broad vales between Of frozen floods, unfathomable deeps, Blue as the overhanging heaven, that spread And wind among the accumulated steeps; A desert peopled by the storms alone, Save when the eagle brings some hunter’s bone, And the wolf tracts her there—how hideously Its shapes are heaped around!",storms,WEATHER,gold,pobj,Object of Preposition,by
s00528,"Far, far above, piercing the infinite sky, Mont Blanc appears,—still, snowy, and serene— Its subject mountains their unearthly forms Pile around it, ice and rock; broad vales between Of frozen floods, unfathomable deeps, Blue as the overhanging heaven, that spread And wind among the accumulated steeps; A desert peopled by the storms alone, Save when the eagle brings some hunter’s bone, And the wolf tracts her there—how hideously Its shapes are heaped around!",wolf,FAUNA,gold,nsubj,Active Subject (doing the action),tract
s00726,"And the coming wind did roar more loud, And the sails did sigh like sedge; And the rain poured down from one black cloud; The Moon was at its edge.",wind,WEATHER,gold,nsubj,Active Subject (doing the action),roar
s00726,"And the coming wind did roar more loud, And the sails did sigh like sedge; And the rain poured down from one black cloud; The Moon was at its edge.",sedge,FLORA,gold,pobj,Object of Preposition,like
s00726,"And the coming wind did roar more loud, And the sails did sigh like sedge; And the rain poured down from one black cloud; The Moon was at its edge.",rain,WEATHER,gold,nsubj,Active Subject (doing the action),pour
s00726,"And the coming wind did roar more loud, And the sails did sigh like sedge; And the rain poured down from one black cloud; The Moon was at its edge.",cloud,WEATHER,gold,pobj,Object of Preposition,from
s00726,"And the coming wind did roar more loud, And the sails did sigh like sedge; And the rain poured down from one black cloud; The Moon was at its edge.",Moon,WEATHER,gold,nsubj,Active Subject (doing the action),be
s00008,"All heaven and earth are still--though not in sleep, But breathless, as we grow when feeling most; And silent, as we stand in thoughts too deep: -- All heaven and earth are still: from the high host Of stars, to the lulled lake and mountain-coast, All is concentered in a life intense, Where not a beam, nor air, nor leaf is lost, But hath a part of being, and a sense Of that which is of all Creator and defence.",heaven,WEATHER,gold,nsubj,Active Subject (doing the action),be
s00008,"All heaven and earth are still--though not in sleep, But breathless, as we grow when feeling most; And silent, as we stand in thoughts too deep: -- All heaven and earth are still: from the high host Of stars, to the lulled lake and mountain-coast, All is concentered in a life intense, Where not a beam, nor air, nor leaf is lost, But hath a part of being, and a sense Of that which is of all Creator and defence.",earth,LANDSCAPE,gold,conj,Conjoined Element (shares role with another entity),heaven
s00008,"All heaven and earth are still--though not in sleep, But breathless, as we grow when feeling most; And silent, as we stand in thoughts too deep: -- All heaven and earth are still: from the high host Of stars, to the lulled lake and mountain-coast, All is concentered in a life intense, Where not a beam, nor air, nor leaf is lost, But hath a part of being, and a sense Of that which is of all Creator and defence.",heaven,WEATHER,gold,nsubj,Active Subject (doing the action),be
s00008,"All heaven and earth are still--though not in sleep, But breathless, as we grow when feeling most; And silent, as we stand in thoughts too deep: -- All heaven and earth are still: from the high host Of stars, to the lulled lake and mountain-coast, All is concentered in a life intense, Where not a beam, nor air, nor leaf is lost, But hath a part of being, and a sense Of that which is of all Creator and defence.",earth,LANDSCAPE,gold,conj,Conjoined Element (shares role with another entity),heaven
s00008,"All heaven and earth are still--though not in sleep, But breathless, as we grow when feeling most; And silent, as we stand in thoughts too deep: -- All heaven and earth are still: from the high host Of stars, to the lulled lake and mountain-coast, All is concentered in a life intense, Where not a beam, nor air, nor leaf is lost, But hath a part of being, and a sense Of that which is of all Creator and defence.",stars,WEATHER,gold,pobj,Object of Preposition,of
s00008,"All heaven and earth are still--though not in sleep, But breathless, as we grow when feeling most; And silent, as we stand in thoughts too deep: -- All heaven and earth are still: from the high host Of stars, to the lulled lake and mountain-coast, All is concentered in a life intense, Where not a beam, nor air, nor leaf is lost, But hath a part of being, and a sense Of that which is of all Creator and defence.",lake,LANDSCAPE,gold,pobj,Object of Preposition,to
s00008,"All heaven and earth are still--though not in sleep, But breathless, as we grow when feeling most; And silent, as we stand in thoughts too deep: -- All heaven and earth are still: from the high host Of stars, to the lulled lake and mountain-coast, All is concentered in a life intense, Where not a beam, nor air, nor leaf is lost, But hath a part of being, and a sense Of that which is of all Creator and defence.",mountain-coast,LANDSCAPE,gold,conj,Conjoined Element (shares role with another entity),lake
s00008,"All heaven and earth are still--though not in sleep, But breathless, as we grow when feeling most; And silent, as we stand in thoughts too deep: -- All heaven and earth are still: from the high host Of stars, to the lulled lake and mountain-coast, All is concentered in a life intense, Where not a beam, nor air, nor leaf is lost, But hath a part of being, and a sense Of that which is of all Creator and defence.",beam,WEATHER,gold,nsubjpass,Passive Subject (action done to it),lose
s00008,"All heaven and earth are still--though not in sleep, But breathless, as we grow when feeling most; And silent, as we stand in thoughts too deep: -- All heaven and earth are still: from the high host Of stars, to the lulled lake and mountain-coast, All is concentered in a life intense, Where not a beam, nor air, nor leaf is lost, But hath a part of being, and a sense Of that which is of all Creator and defence.",air,WEATHER,gold,conj,Conjoined Element (shares role with another entity),beam
s00008,"All heaven and earth are still--though not in sleep, But breathless, as we grow when feeling most; And silent, as we stand in thoughts too deep: -- All heaven and earth are still: from the high host Of stars, to the lulled lake and mountain-coast, All is concentered in a life intense, Where not a beam, nor air, nor leaf is lost, But hath a part of being, and a sense Of that which is of all Creator and defence.",leaf,FLORA,gold,conj,Conjoined Element (shares role with another entity),air
s00545,"O wild West Wind, thou breath of Autumn’s being, Thou, from whose unseen presence the leaves dead Are driven, like ghosts from an enchanter fleeing, Yellow, and black, and pale, and hectic red, Pestilence-stricken multitudes: O thou, Who chariotest to their dark wintry bed The winged seeds, where they lie cold and low, Each like a corpse within its grave, until Thine azure sister of the Spring shall blow Her clarion o’er the dreaming earth, and fill (Driving sweet buds like flocks to feed in air) With living hues and odours plain and hill: Wild Spirit, which art moving everywhere; Destroyer and preserver; hear, oh, hear!",West Wind,WEATHER,gold,ROOT,Root of the sentence,Wind
s00545,"O wild West Wind, thou breath of Autumn’s being, Thou, from whose unseen presence the leaves dead Are driven, like ghosts from an enchanter fleeing, Yellow, and black, and pale, and hectic red, Pestilence-stricken multitudes: O thou, Who chariotest to their dark wintry bed The winged seeds, where they lie cold and low, Each like a corpse within its grave, until Thine azure sister of the Spring shall blow Her clarion o’er the dreaming earth, and fill (Driving sweet buds like flocks to feed in air) With living hues and odours plain and hill: Wild Spirit, which art moving everywhere; Destroyer and preserver; hear, oh, hear!",hill,LANDSCAPE,gold,conj,Conjoined Element (shares role with another entity),plain
s00545,"O wild West Wind, thou breath of Autumn’s being, Thou, from whose unseen presence the leaves dead Are driven, like ghosts from an enchanter fleeing, Yellow, and black, and pale, and hectic red, Pestilence-stricken multitudes: O thou, Who chariotest to their dark wintry bed The winged seeds, where they lie cold and low, Each like a corpse within its grave, until Thine azure sister of the Spring shall blow Her clarion o’er the dreaming earth, and fill (Driving sweet buds like flocks to feed in air) With living hues and odours plain and hill: Wild Spirit, which art moving everywhere; Destroyer and preserver; hear, oh, hear!",leaves,FLORA,gold,nsubjpass,Passive Subject (action done to it),drive
s00545,"O wild West Wind, thou breath of Autumn’s being, Thou, from whose unseen presence the leaves dead Are driven, like ghosts from an enchanter fleeing, Yellow, and black, and pale, and hectic red, Pestilence-stricken multitudes: O thou, Who chariotest to their dark wintry bed The winged seeds, where they lie cold and low, Each like a corpse within its grave, until Thine azure sister of the Spring shall blow Her clarion o’er the dreaming earth, and fill (Driving sweet buds like flocks to feed in air) With living hues and odours plain and hill: Wild Spirit, which art moving everywhere; Destroyer and preserver; hear, oh, hear!",seeds,FLORA,gold,dobj,Direct Object (action done to it),chariotest
s00545,"O wild West Wind, thou breath of Autumn’s being, Thou, from whose unseen presence the leaves dead Are driven, like ghosts from an enchanter fleeing, Yellow, and black, and pale, and hectic red, Pestilence-stricken multitudes: O thou, Who chariotest to their dark wintry bed The winged seeds, where they lie cold and low, Each like a corpse within its grave, until Thine azure sister of the Spring shall blow Her clarion o’er the dreaming earth, and fill (Driving sweet buds like flocks to feed in air) With living hues and odours plain and hill: Wild Spirit, which art moving everywhere; Destroyer and preserver; hear, oh, hear!",azure sister of the Spring,NATURE,gold,nsubj,Active Subject (doing the action),blow
s00545,"O wild West Wind, thou breath of Autumn’s being, Thou, from whose unseen presence the leaves dead Are driven, like ghosts from an enchanter fleeing, Yellow, and black, and pale, and hectic red, Pestilence-stricken multitudes: O thou, Who chariotest to their dark wintry bed The winged seeds, where they lie cold and low, Each like a corpse within its grave, until Thine azure sister of the Spring shall blow Her clarion o’er the dreaming earth, and fill (Driving sweet buds like flocks to feed in air) With living hues and odours plain and hill: Wild Spirit, which art moving everywhere; Destroyer and preserver; hear, oh, hear!",earth,LANDSCAPE,gold,pobj,Object of Preposition,o’er
s00545,"O wild West Wind, thou breath of Autumn’s being, Thou, from whose unseen presence the leaves dead Are driven, like ghosts from an enchanter fleeing, Yellow, and black, and pale, and hectic red, Pestilence-stricken multitudes: O thou, Who chariotest to their dark wintry bed The winged seeds, where they lie cold and low, Each like a corpse within its grave, until Thine azure sister of the Spring shall blow Her clarion o’er the dreaming earth, and fill (Driving sweet buds like flocks to feed in air) With living hues and odours plain and hill: Wild Spirit, which art moving everywhere; Destroyer and preserver; hear, oh, hear!",buds,FAUNA,gold,dobj,Direct Object (action done to it),drive
s00545,"O wild West Wind, thou breath of Autumn’s being, Thou, from whose unseen presence the leaves dead Are driven, like ghosts from an enchanter fleeing, Yellow, and black, and pale, and hectic red, Pestilence-stricken multitudes: O thou, Who chariotest to their dark wintry bed The winged seeds, where they lie cold and low, Each like a corpse within its grave, until Thine azure sister of the Spring shall blow Her clarion o’er the dreaming earth, and fill (Driving sweet buds like flocks to feed in air) With living hues and odours plain and hill: Wild Spirit, which art moving everywhere; Destroyer and preserver; hear, oh, hear!",air,WEATHER,gold,pobj,Object of Preposition,in
s00545,"O wild West Wind, thou breath of Autumn’s being, Thou, from whose unseen presence the leaves dead Are driven, like ghosts from an enchanter fleeing, Yellow, and black, and pale, and hectic red, Pestilence-stricken multitudes: O thou, Who chariotest to their dark wintry bed The winged seeds, where they lie cold and low, Each like a corpse within its grave, until Thine azure sister of the Spring shall blow Her clarion o’er the dreaming earth, and fill (Driving sweet buds like flocks to feed in air) With living hues and odours plain and hill: Wild Spirit, which art moving everywhere; Destroyer and preserver; hear, oh, hear!",Wild Spirit,NATURE,gold,appos,Appositive,hue
s00545,"O wild West Wind, thou breath of Autumn’s being, Thou, from whose unseen presence the leaves dead Are driven, like ghosts from an enchanter fleeing, Yellow, and black, and pale, and hectic red, Pestilence-stricken multitudes: O thou, Who chariotest to their dark wintry bed The winged seeds, where they lie cold and low, Each like a corpse within its grave, until Thine azure sister of the Spring shall blow Her clarion o’er the dreaming earth, and fill (Driving sweet buds like flocks to feed in air) With living hues and odours plain and hill: Wild Spirit, which art moving everywhere; Destroyer and preserver; hear, oh, hear!",flocks,FAUNA,gold,pobj,Object of Preposition,like
s00523,"Thus thou, Ravine of Arve—dark, deep Ravine— Thou many-coloured, many-voiced vale, Over whose pines, and crags, and caverns sail Fast cloud-shadows and sunbeams: awful scene, Where Power in likeness of the Arve comes down From the ice-gulfs that gird his secret throne, Bursting through these dark mountains like the flame Of lightning through the tempest;—thou dost lie, Thy giant brood of pines around thee clinging, Children of elder time, in whose devotion The chainless winds still come and ever came To drink their odours, and their mighty swinging To hear—an old and solemn harmony; Thine earthly rainbows stretched across the sweep Of the ethereal waterfall, whose veil Robes some unsculptured image; the strange sleep Which when the voices of the desert fail Wraps all in its own deep eternity;— Thy caverns echoing to the Arve’s commotion, A loud, lone sound no other sound can tame; Thou art pervaded with that ceaseless motion, Thou art the path of that unresting sound— Dizzy Ravine!",Ravine of Arve,LANDSCAPE,gold,appos,Appositive,thou
s00523,"Thus thou, Ravine of Arve—dark, deep Ravine— Thou many-coloured, many-voiced vale, Over whose pines, and crags, and caverns sail Fast cloud-shadows and sunbeams: awful scene, Where Power in likeness of the Arve comes down From the ice-gulfs that gird his secret throne, Bursting through these dark mountains like the flame Of lightning through the tempest;—thou dost lie, Thy giant brood of pines around thee clinging, Children of elder time, in whose devotion The chainless winds still come and ever came To drink their odours, and their mighty swinging To hear—an old and solemn harmony; Thine earthly rainbows stretched across the sweep Of the ethereal waterfall, whose veil Robes some unsculptured image; the strange sleep Which when the voices of the desert fail Wraps all in its own deep eternity;— Thy caverns echoing to the Arve’s commotion, A loud, lone sound no other sound can tame; Thou art pervaded with that ceaseless motion, Thou art the path of that unresting sound— Dizzy Ravine!",pines,FLORA,gold,pobj,Object of Preposition,over
s00523,"Thus thou, Ravine of Arve—dark, deep Ravine— Thou many-coloured, many-voiced vale, Over whose pines, and crags, and caverns sail Fast cloud-shadows and sunbeams: awful scene, Where Power in likeness of the Arve comes down From the ice-gulfs that gird his secret throne, Bursting through these dark mountains like the flame Of lightning through the tempest;—thou dost lie, Thy giant brood of pines around thee clinging, Children of elder time, in whose devotion The chainless winds still come and ever came To drink their odours, and their mighty swinging To hear—an old and solemn harmony; Thine earthly rainbows stretched across the sweep Of the ethereal waterfall, whose veil Robes some unsculptured image; the strange sleep Which when the voices of the desert fail Wraps all in its own deep eternity;— Thy caverns echoing to the Arve’s commotion, A loud, lone sound no other sound can tame; Thou art pervaded with that ceaseless motion, Thou art the path of that unresting sound— Dizzy Ravine!",crags,LANDSCAPE,gold,conj,Conjoined Element (shares role with another entity),pine
s00523,"Thus thou, Ravine of Arve—dark, deep Ravine— Thou many-coloured, many-voiced vale, Over whose pines, and crags, and caverns sail Fast cloud-shadows and sunbeams: awful scene, Where Power in likeness of the Arve comes down From the ice-gulfs that gird his secret throne, Bursting through these dark mountains like the flame Of lightning through the tempest;—thou dost lie, Thy giant brood of pines around thee clinging, Children of elder time, in whose devotion The chainless winds still come and ever came To drink their odours, and their mighty swinging To hear—an old and solemn harmony; Thine earthly rainbows stretched across the sweep Of the ethereal waterfall, whose veil Robes some unsculptured image; the strange sleep Which when the voices of the desert fail Wraps all in its own deep eternity;— Thy caverns echoing to the Arve’s commotion, A loud, lone sound no other sound can tame; Thou art pervaded with that ceaseless motion, Thou art the path of that unresting sound— Dizzy Ravine!",caverns,LANDSCAPE,gold,conj,Conjoined Element (shares role with another entity),crag
s00523,"Thus thou, Ravine of Arve—dark, deep Ravine— Thou many-coloured, many-voiced vale, Over whose pines, and crags, and caverns sail Fast cloud-shadows and sunbeams: awful scene, Where Power in likeness of the Arve comes down From the ice-gulfs that gird his secret throne, Bursting through these dark mountains like the flame Of lightning through the tempest;—thou dost lie, Thy giant brood of pines around thee clinging, Children of elder time, in whose devotion The chainless winds still come and ever came To drink their odours, and their mighty swinging To hear—an old and solemn harmony; Thine earthly rainbows stretched across the sweep Of the ethereal waterfall, whose veil Robes some unsculptured image; the strange sleep Which when the voices of the desert fail Wraps all in its own deep eternity;— Thy caverns echoing to the Arve’s commotion, A loud, lone sound no other sound can tame; Thou art pervaded with that ceaseless motion, Thou art the path of that unresting sound— Dizzy Ravine!",cloud-shadows,WEATHER,gold,nsubj,Active Subject (doing the action),fast
s00523,"Thus thou, Ravine of Arve—dark, deep Ravine— Thou many-coloured, many-voiced vale, Over whose pines, and crags, and caverns sail Fast cloud-shadows and sunbeams: awful scene, Where Power in likeness of the Arve comes down From the ice-gulfs that gird his secret throne, Bursting through these dark mountains like the flame Of lightning through the tempest;—thou dost lie, Thy giant brood of pines around thee clinging, Children of elder time, in whose devotion The chainless winds still come and ever came To drink their odours, and their mighty swinging To hear—an old and solemn harmony; Thine earthly rainbows stretched across the sweep Of the ethereal waterfall, whose veil Robes some unsculptured image; the strange sleep Which when the voices of the desert fail Wraps all in its own deep eternity;— Thy caverns echoing to the Arve’s commotion, A loud, lone sound no other sound can tame; Thou art pervaded with that ceaseless motion, Thou art the path of that unresting sound— Dizzy Ravine!",sunbeams,WEATHER,gold,conj,Conjoined Element (shares role with another entity),shadow
s00523,"Thus thou, Ravine of Arve—dark, deep Ravine— Thou many-coloured, many-voiced vale, Over whose pines, and crags, and caverns sail Fast cloud-shadows and sunbeams: awful scene, Where Power in likeness of the Arve comes down From the ice-gulfs that gird his secret throne, Bursting through these dark mountains like the flame Of lightning through the tempest;—thou dost lie, Thy giant brood of pines around thee clinging, Children of elder time, in whose devotion The chainless winds still come and ever came To drink their odours, and their mighty swinging To hear—an old and solemn harmony; Thine earthly rainbows stretched across the sweep Of the ethereal waterfall, whose veil Robes some unsculptured image; the strange sleep Which when the voices of the desert fail Wraps all in its own deep eternity;— Thy caverns echoing to the Arve’s commotion, A loud, lone sound no other sound can tame; Thou art pervaded with that ceaseless motion, Thou art the path of that unresting sound— Dizzy Ravine!",Power,NATURE,gold,nsubj,Active Subject (doing the action),come
s00523,"Thus thou, Ravine of Arve—dark, deep Ravine— Thou many-coloured, many-voiced vale, Over whose pines, and crags, and caverns sail Fast cloud-shadows and sunbeams: awful scene, Where Power in likeness of the Arve comes down From the ice-gulfs that gird his secret throne, Bursting through these dark mountains like the flame Of lightning through the tempest;—thou dost lie, Thy giant brood of pines around thee clinging, Children of elder time, in whose devotion The chainless winds still come and ever came To drink their odours, and their mighty swinging To hear—an old and solemn harmony; Thine earthly rainbows stretched across the sweep Of the ethereal waterfall, whose veil Robes some unsculptured image; the strange sleep Which when the voices of the desert fail Wraps all in its own deep eternity;— Thy caverns echoing to the Arve’s commotion, A loud, lone sound no other sound can tame; Thou art pervaded with that ceaseless motion, Thou art the path of that unresting sound— Dizzy Ravine!",ice-gulfs,LANDSCAPE,gold,pobj,Object of Preposition,from
s00523,"Thus thou, Ravine of Arve—dark, deep Ravine— Thou many-coloured, many-voiced vale, Over whose pines, and crags, and caverns sail Fast cloud-shadows and sunbeams: awful scene, Where Power in likeness of the Arve comes down From the ice-gulfs that gird his secret throne, Bursting through these dark mountains like the flame Of lightning through the tempest;—thou dost lie, Thy giant brood of pines around thee clinging, Children of elder time, in whose devotion The chainless winds still come and ever came To drink their odours, and their mighty swinging To hear—an old and solemn harmony; Thine earthly rainbows stretched across the sweep Of the ethereal waterfall, whose veil Robes some unsculptured image; the strange sleep Which when the voices of the desert fail Wraps all in its own deep eternity;— Thy caverns echoing to the Arve’s commotion, A loud, lone sound no other sound can tame; Thou art pervaded with that ceaseless motion, Thou art the path of that unresting sound— Dizzy Ravine!",mountains,LANDSCAPE,gold,pobj,Object of Preposition,through
s00523,"Thus thou, Ravine of Arve—dark, deep Ravine— Thou many-coloured, many-voiced vale, Over whose pines, and crags, and caverns sail Fast cloud-shadows and sunbeams: awful scene, Where Power in likeness of the Arve comes down From the ice-gulfs that gird his secret throne, Bursting through these dark mountains like the flame Of lightning through the tempest;—thou dost lie, Thy giant brood of pines around thee clinging, Children of elder time, in whose devotion The chainless winds still come and ever came To drink their odours, and their mighty swinging To hear—an old and solemn harmony; Thine earthly rainbows stretched across the sweep Of the ethereal waterfall, whose veil Robes some unsculptured image; the strange sleep Which when the voices of the desert fail Wraps all in its own deep eternity;— Thy caverns echoing to the Arve’s commotion, A loud, lone sound no other sound can tame; Thou art pervaded with that ceaseless motion, Thou art the path of that unresting sound— Dizzy Ravine!",lightning,WEATHER,gold,pobj,Object of Preposition,of
s00523,"Thus thou, Ravine of Arve—dark, deep Ravine— Thou many-coloured, many-voiced vale, Over whose pines, and crags, and caverns sail Fast cloud-shadows and sunbeams: awful scene, Where Power in likeness of the Arve comes down From the ice-gulfs that gird his secret throne, Bursting through these dark mountains like the flame Of lightning through the tempest;—thou dost lie, Thy giant brood of pines around thee clinging, Children of elder time, in whose devotion The chainless winds still come and ever came To drink their odours, and their mighty swinging To hear—an old and solemn harmony; Thine earthly rainbows stretched across the sweep Of the ethereal waterfall, whose veil Robes some unsculptured image; the strange sleep Which when the voices of the desert fail Wraps all in its own deep eternity;— Thy caverns echoing to the Arve’s commotion, A loud, lone sound no other sound can tame; Thou art pervaded with that ceaseless motion, Thou art the path of that unresting sound— Dizzy Ravine!",tempest,WEATHER,gold,pobj,Object of Preposition,through
s00523,"Thus thou, Ravine of Arve—dark, deep Ravine— Thou many-coloured, many-voiced vale, Over whose pines, and crags, and caverns sail Fast cloud-shadows and sunbeams: awful scene, Where Power in likeness of the Arve comes down From the ice-gulfs that gird his secret throne, Bursting through these dark mountains like the flame Of lightning through the tempest;—thou dost lie, Thy giant brood of pines around thee clinging, Children of elder time, in whose devotion The chainless winds still come and ever came To drink their odours, and their mighty swinging To hear—an old and solemn harmony; Thine earthly rainbows stretched across the sweep Of the ethereal waterfall, whose veil Robes some unsculptured image; the strange sleep Which when the voices of the desert fail Wraps all in its own deep eternity;— Thy caverns echoing to the Arve’s commotion, A loud, lone sound no other sound can tame; Thou art pervaded with that ceaseless motion, Thou art the path of that unresting sound— Dizzy Ravine!",pines,FLORA,gold,pobj,Object of Preposition,of
s00523,"Thus thou, Ravine of Arve—dark, deep Ravine— Thou many-coloured, many-voiced vale, Over whose pines, and crags, and caverns sail Fast cloud-shadows and sunbeams: awful scene, Where Power in likeness of the Arve comes down From the ice-gulfs that gird his secret throne, Bursting through these dark mountains like the flame Of lightning through the tempest;—thou dost lie, Thy giant brood of pines around thee clinging, Children of elder time, in whose devotion The chainless winds still come and ever came To drink their odours, and their mighty swinging To hear—an old and solemn harmony; Thine earthly rainbows stretched across the sweep Of the ethereal waterfall, whose veil Robes some unsculptured image; the strange sleep Which when the voices of the desert fail Wraps all in its own deep eternity;— Thy caverns echoing to the Arve’s commotion, A loud, lone sound no other sound can tame; Thou art pervaded with that ceaseless motion, Thou art the path of that unresting sound— Dizzy Ravine!",winds,WEATHER,gold,nsubj,Active Subject (doing the action),come
s00523,"Thus thou, Ravine of Arve—dark, deep Ravine— Thou many-coloured, many-voiced vale, Over whose pines, and crags, and caverns sail Fast cloud-shadows and sunbeams: awful scene, Where Power in likeness of the Arve comes down From the ice-gulfs that gird his secret throne, Bursting through these dark mountains like the flame Of lightning through the tempest;—thou dost lie, Thy giant brood of pines around thee clinging, Children of elder time, in whose devotion The chainless winds still come and ever came To drink their odours, and their mighty swinging To hear—an old and solemn harmony; Thine earthly rainbows stretched across the sweep Of the ethereal waterfall, whose veil Robes some unsculptured image; the strange sleep Which when the voices of the desert fail Wraps all in its own deep eternity;— Thy caverns echoing to the Arve’s commotion, A loud, lone sound no other sound can tame; Thou art pervaded with that ceaseless motion, Thou art the path of that unresting sound— Dizzy Ravine!",rainbows,WEATHER,gold,nsubj,Active Subject (doing the action),lie
s00523,"Thus thou, Ravine of Arve—dark, deep Ravine— Thou many-coloured, many-voiced vale, Over whose pines, and crags, and caverns sail Fast cloud-shadows and sunbeams: awful scene, Where Power in likeness of the Arve comes down From the ice-gulfs that gird his secret throne, Bursting through these dark mountains like the flame Of lightning through the tempest;—thou dost lie, Thy giant brood of pines around thee clinging, Children of elder time, in whose devotion The chainless winds still come and ever came To drink their odours, and their mighty swinging To hear—an old and solemn harmony; Thine earthly rainbows stretched across the sweep Of the ethereal waterfall, whose veil Robes some unsculptured image; the strange sleep Which when the voices of the desert fail Wraps all in its own deep eternity;— Thy caverns echoing to the Arve’s commotion, A loud, lone sound no other sound can tame; Thou art pervaded with that ceaseless motion, Thou art the path of that unresting sound— Dizzy Ravine!",waterfall,LANDSCAPE,gold,pobj,Object of Preposition,of
s00523,"Thus thou, Ravine of Arve—dark, deep Ravine— Thou many-coloured, many-voiced vale, Over whose pines, and crags, and caverns sail Fast cloud-shadows and sunbeams: awful scene, Where Power in likeness of the Arve comes down From the ice-gulfs that gird his secret throne, Bursting through these dark mountains like the flame Of lightning through the tempest;—thou dost lie, Thy giant brood of pines around thee clinging, Children of elder time, in whose devotion The chainless winds still come and ever came To drink their odours, and their mighty swinging To hear—an old and solemn harmony; Thine earthly rainbows stretched across the sweep Of the ethereal waterfall, whose veil Robes some unsculptured image; the strange sleep Which when the voices of the desert fail Wraps all in its own deep eternity;— Thy caverns echoing to the Arve’s commotion, A loud, lone sound no other sound can tame; Thou art pervaded with that ceaseless motion, Thou art the path of that unresting sound— Dizzy Ravine!",desert,LANDSCAPE,gold,pobj,Object of Preposition,of
s00523,"Thus thou, Ravine of Arve—dark, deep Ravine— Thou many-coloured, many-voiced vale, Over whose pines, and crags, and caverns sail Fast cloud-shadows and sunbeams: awful scene, Where Power in likeness of the Arve comes down From the ice-gulfs that gird his secret throne, Bursting through these dark mountains like the flame Of lightning through the tempest;—thou dost lie, Thy giant brood of pines around thee clinging, Children of elder time, in whose devotion The chainless winds still come and ever came To drink their odours, and their mighty swinging To hear—an old and solemn harmony; Thine earthly rainbows stretched across the sweep Of the ethereal waterfall, whose veil Robes some unsculptured image; the strange sleep Which when the voices of the desert fail Wraps all in its own deep eternity;— Thy caverns echoing to the Arve’s commotion, A loud, lone sound no other sound can tame; Thou art pervaded with that ceaseless motion, Thou art the path of that unresting sound— Dizzy Ravine!",caverns,LANDSCAPE,gold,nsubj,Active Subject (doing the action),echo
s00002,"thy contrasted lake, With the wild world I dwelt in, is a thing Which warns me, with its stillness, to forsake Earth's troubled waters for a purer spring.",lake,LANDSCAPE,gold,nsubj,Active Subject (doing the action),be
s00002,"thy contrasted lake, With the wild world I dwelt in, is a thing Which warns me, with its stillness, to forsake Earth's troubled waters for a purer spring.",waters,LANDSCAPE,gold,dobj,Direct Object (action done to it),forsake
s00002,"thy contrasted lake, With the wild world I dwelt in, is a thing Which warns me, with its stillness, to forsake Earth's troubled waters for a purer spring.",spring,WEATHER,gold,pobj,Object of Preposition,for
s00002,"thy contrasted lake, With the wild world I dwelt in, is a thing Which warns me, with its stillness, to forsake Earth's troubled waters for a purer spring.",Earth,LANDSCAPE,gold,poss,Other (poss),water
s00022,"Now, where the quick Rhone thus hath cleft his way, The mightiest of the storms hath ta'en his stand; For here, not one, but many, make their play, And fling their thunderbolts from hand to hand, Flashing and cast around: of all the band, The brightest through these parted hills hath forked His lightnings, as if he did understand That in such gaps as desolation worked, There the hot shaft should blast whatever therein lurked.",Rhone,LANDSCAPE,gold,nsubj,Active Subject (doing the action),cleave
s00022,"Now, where the quick Rhone thus hath cleft his way, The mightiest of the storms hath ta'en his stand; For here, not one, but many, make their play, And fling their thunderbolts from hand to hand, Flashing and cast around: of all the band, The brightest through these parted hills hath forked His lightnings, as if he did understand That in such gaps as desolation worked, There the hot shaft should blast whatever therein lurked.",storms,WEATHER,gold,pobj,Object of Preposition,of
s00022,"Now, where the quick Rhone thus hath cleft his way, The mightiest of the storms hath ta'en his stand; For here, not one, but many, make their play, And fling their thunderbolts from hand to hand, Flashing and cast around: of all the band, The brightest through these parted hills hath forked His lightnings, as if he did understand That in such gaps as desolation worked, There the hot shaft should blast whatever therein lurked.",thunderbolts,WEATHER,gold,dobj,Direct Object (action done to it),fling
s00022,"Now, where the quick Rhone thus hath cleft his way, The mightiest of the storms hath ta'en his stand; For here, not one, but many, make their play, And fling their thunderbolts from hand to hand, Flashing and cast around: of all the band, The brightest through these parted hills hath forked His lightnings, as if he did understand That in such gaps as desolation worked, There the hot shaft should blast whatever therein lurked.",hills,LANDSCAPE,gold,pobj,Object of Preposition,through
s00022,"Now, where the quick Rhone thus hath cleft his way, The mightiest of the storms hath ta'en his stand; For here, not one, but many, make their play, And fling their thunderbolts from hand to hand, Flashing and cast around: of all the band, The brightest through these parted hills hath forked His lightnings, as if he did understand That in such gaps as desolation worked, There the hot shaft should blast whatever therein lurked.",lightnings,WEATHER,gold,dobj,Direct Object (action done to it),fork
s00633,"The Sun now rose upon the right: Out of the sea came he, Still hid in mist, and on the left Went down into the sea.",Sun,WEATHER,gold,nsubj,Active Subject (doing the action),rise
s00633,"The Sun now rose upon the right: Out of the sea came he, Still hid in mist, and on the left Went down into the sea.",sea,LANDSCAPE,gold,pobj,Object of Preposition,of
s00633,"The Sun now rose upon the right: Out of the sea came he, Still hid in mist, and on the left Went down into the sea.",mist,WEATHER,gold,pobj,Object of Preposition,in
s00633,"The Sun now rose upon the right: Out of the sea came he, Still hid in mist, and on the left Went down into the sea.",sea,LANDSCAPE,gold,pobj,Object of Preposition,into
s00033,"A populous solitude of bees and birds, And fairy-formed and many coloured things, Who worship him with notes more sweet than words, And innocently open their glad wings, Fearless and full of life: the gush of springs, And fall of lofty fountains, and the bend Of stirring branches, and the bud which brings The swiftest thought of beauty, here extend, Mingling, and made by Love, unto one mighty end.",bees,FAUNA,gold,pobj,Object of Preposition,of
s00033,"A populous solitude of bees and birds, And fairy-formed and many coloured things, Who worship him with notes more sweet than words, And innocently open their glad wings, Fearless and full of life: the gush of springs, And fall of lofty fountains, and the bend Of stirring branches, and the bud which brings The swiftest thought of beauty, here extend, Mingling, and made by Love, unto one mighty end.",bud,FLORA,gold,conj,Conjoined Element (shares role with another entity),bend
s00033,"A populous solitude of bees and birds, And fairy-formed and many coloured things, Who worship him with notes more sweet than words, And innocently open their glad wings, Fearless and full of life: the gush of springs, And fall of lofty fountains, and the bend Of stirring branches, and the bud which brings The swiftest thought of beauty, here extend, Mingling, and made by Love, unto one mighty end.",birds,FAUNA,gold,conj,Conjoined Element (shares role with another entity),bee
s00033,"A populous solitude of bees and birds, And fairy-formed and many coloured things, Who worship him with notes more sweet than words, And innocently open their glad wings, Fearless and full of life: the gush of springs, And fall of lofty fountains, and the bend Of stirring branches, and the bud which brings The swiftest thought of beauty, here extend, Mingling, and made by Love, unto one mighty end.",springs,LANDSCAPE,gold,pobj,Object of Preposition,of
s00033,"A populous solitude of bees and birds, And fairy-formed and many coloured things, Who worship him with notes more sweet than words, And innocently open their glad wings, Fearless and full of life: the gush of springs, And fall of lofty fountains, and the bend Of stirring branches, and the bud which brings The swiftest thought of beauty, here extend, Mingling, and made by Love, unto one mighty end.",fountains,LANDSCAPE,gold,pobj,Object of Preposition,of
s00033,"A populous solitude of bees and birds, And fairy-formed and many coloured things, Who worship him with notes more sweet than words, And innocently open their glad wings, Fearless and full of life: the gush of springs, And fall of lofty fountains, and the bend Of stirring branches, and the bud which brings The swiftest thought of beauty, here extend, Mingling, and made by Love, unto one mighty end.",branches,FLORA,gold,pobj,Object of Preposition,of
s00194,"I looked on the valley beneath; vast mists were rising from the rivers which ran through it and curling in thick wreaths around the opposite mountains, whose summits were hid in the uniform clouds, while rain poured from the dark sky and added to the melancholy impression I received from the objects around me.",valley,LANDSCAPE,gold,pobj,Object of Preposition,on
s00194,"I looked on the valley beneath; vast mists were rising from the rivers which ran through it and curling in thick wreaths around the opposite mountains, whose summits were hid in the uniform clouds, while rain poured from the dark sky and added to the melancholy impression I received from the objects around me.",mists,WEATHER,gold,nsubj,Active Subject (doing the action),rise
s00194,"I looked on the valley beneath; vast mists were rising from the rivers which ran through it and curling in thick wreaths around the opposite mountains, whose summits were hid in the uniform clouds, while rain poured from the dark sky and added to the melancholy impression I received from the objects around me.",rivers,WEATHER,gold,pobj,Object of Preposition,from
s00194,"I looked on the valley beneath; vast mists were rising from the rivers which ran through it and curling in thick wreaths around the opposite mountains, whose summits were hid in the uniform clouds, while rain poured from the dark sky and added to the melancholy impression I received from the objects around me.",mountains,LANDSCAPE,gold,pobj,Object of Preposition,around
s00194,"I looked on the valley beneath; vast mists were rising from the rivers which ran through it and curling in thick wreaths around the opposite mountains, whose summits were hid in the uniform clouds, while rain poured from the dark sky and added to the melancholy impression I received from the objects around me.",summits,LANDSCAPE,gold,nsubjpass,Passive Subject (action done to it),hide
s00194,"I looked on the valley beneath; vast mists were rising from the rivers which ran through it and curling in thick wreaths around the opposite mountains, whose summits were hid in the uniform clouds, while rain poured from the dark sky and added to the melancholy impression I received from the objects around me.",clouds,WEATHER,gold,pobj,Object of Preposition,in
s00194,"I looked on the valley beneath; vast mists were rising from the rivers which ran through it and curling in thick wreaths around the opposite mountains, whose summits were hid in the uniform clouds, while rain poured from the dark sky and added to the melancholy impression I received from the objects around me.",sky,WEATHER,gold,pobj,Object of Preposition,from
s00194,"I looked on the valley beneath; vast mists were rising from the rivers which ran through it and curling in thick wreaths around the opposite mountains, whose summits were hid in the uniform clouds, while rain poured from the dark sky and added to the melancholy impression I received from the objects around me.",rain,WEATHER,gold,nsubj,Active Subject (doing the action),pour
s00641,"All in a hot and copper sky, The bloody Sun, at noon, Right up above the mast did stand, No bigger than the Moon.",sky,WEATHER,gold,pobj,Object of Preposition,in
s00641,"All in a hot and copper sky, The bloody Sun, at noon, Right up above the mast did stand, No bigger than the Moon.",Sun,WEATHER,gold,dep,Other (dep),stand
s00641,"All in a hot and copper sky, The bloody Sun, at noon, Right up above the mast did stand, No bigger than the Moon.",Moon,WEATHER,gold,pobj,Object of Preposition,than
s00302,"There—for with your leave, my sister, I will put some trust in preceding navigators—there snow and frost are banished; and, sailing over a calm sea, we may be wafted to a land surpassing in wonders and in beauty every region hitherto discovered on the habitable globe.",snow,WEATHER,gold,nsubjpass,Passive Subject (action done to it),banish
s00302,"There—for with your leave, my sister, I will put some trust in preceding navigators—there snow and frost are banished; and, sailing over a calm sea, we may be wafted to a land surpassing in wonders and in beauty every region hitherto discovered on the habitable globe.",frost,WEATHER,gold,conj,Conjoined Element (shares role with another entity),snow
s00302,"There—for with your leave, my sister, I will put some trust in preceding navigators—there snow and frost are banished; and, sailing over a calm sea, we may be wafted to a land surpassing in wonders and in beauty every region hitherto discovered on the habitable globe.",sea,LANDSCAPE,gold,pobj,Object of Preposition,over
s00643,"Water, water, every where, And all the boards did shrink; Water, water, every where, Nor any drop to drink.",water,LANDSCAPE,gold,appos,Appositive,water
s00643,"Water, water, every where, And all the boards did shrink; Water, water, every where, Nor any drop to drink.",water,LANDSCAPE,gold,appos,Appositive,water
s00192,"The path, as you ascend higher, is intersected by ravines of snow, down which stones continually roll from above; one of them is particularly dangerous, as the slightest sound, such as even speaking in a loud voice, produces a concussion of air sufficient to draw destruction upon the head of the speaker.",stones,LANDSCAPE,gold,nsubj,Active Subject (doing the action),roll
s00192,"The path, as you ascend higher, is intersected by ravines of snow, down which stones continually roll from above; one of them is particularly dangerous, as the slightest sound, such as even speaking in a loud voice, produces a concussion of air sufficient to draw destruction upon the head of the speaker.",ravines,LANDSCAPE,gold,pobj,Object of Preposition,by
s00192,"The path, as you ascend higher, is intersected by ravines of snow, down which stones continually roll from above; one of them is particularly dangerous, as the slightest sound, such as even speaking in a loud voice, produces a concussion of air sufficient to draw destruction upon the head of the speaker.",snow,WEATHER,gold,pobj,Object of Preposition,of
s00192,"The path, as you ascend higher, is intersected by ravines of snow, down which stones continually roll from above; one of them is particularly dangerous, as the slightest sound, such as even speaking in a loud voice, produces a concussion of air sufficient to draw destruction upon the head of the speaker.",air,WEATHER,gold,pobj,Object of Preposition,of
s00568,"Over the lakes and the plains, Wherever he dream, under mountain or stream, The Spirit he loves remains; And I all the while bask in Heaven’s blue smile, Whilst he is dissolving in rains.",lakes,LANDSCAPE,gold,pobj,Object of Preposition,over
s00568,"Over the lakes and the plains, Wherever he dream, under mountain or stream, The Spirit he loves remains; And I all the while bask in Heaven’s blue smile, Whilst he is dissolving in rains.",plains,LANDSCAPE,gold,conj,Conjoined Element (shares role with another entity),lake
s00568,"Over the lakes and the plains, Wherever he dream, under mountain or stream, The Spirit he loves remains; And I all the while bask in Heaven’s blue smile, Whilst he is dissolving in rains.",mountain,LANDSCAPE,gold,pobj,Object of Preposition,under
s00568,"Over the lakes and the plains, Wherever he dream, under mountain or stream, The Spirit he loves remains; And I all the while bask in Heaven’s blue smile, Whilst he is dissolving in rains.",stream,LANDSCAPE,gold,conj,Conjoined Element (shares role with another entity),mountain
s00568,"Over the lakes and the plains, Wherever he dream, under mountain or stream, The Spirit he loves remains; And I all the while bask in Heaven’s blue smile, Whilst he is dissolving in rains.",Spirit,NATURE,gold,nsubj,Active Subject (doing the action),remain
s00568,"Over the lakes and the plains, Wherever he dream, under mountain or stream, The Spirit he loves remains; And I all the while bask in Heaven’s blue smile, Whilst he is dissolving in rains.",Heaven,WEATHER,gold,poss,Other (poss),smile
s00568,"Over the lakes and the plains, Wherever he dream, under mountain or stream, The Spirit he loves remains; And I all the while bask in Heaven’s blue smile, Whilst he is dissolving in rains.",rains,WEATHER,gold,pobj,Object of Preposition,in
s00548,"Thou who didst waken from his summer dreams The blue Mediterranean, where he lay, Lulled by the coil of his crystalline streams, Beside a pumice isle in Baiae’s bay, And saw in sleep old palaces and towers Quivering within the wave’s intenser day, All overgrown with azure moss and flowers So sweet, the sense faints picturing them!",Mediterranean,LANDSCAPE,gold,nsubj,Active Subject (doing the action),lull
s00548,"Thou who didst waken from his summer dreams The blue Mediterranean, where he lay, Lulled by the coil of his crystalline streams, Beside a pumice isle in Baiae’s bay, And saw in sleep old palaces and towers Quivering within the wave’s intenser day, All overgrown with azure moss and flowers So sweet, the sense faints picturing them!",streams,LANDSCAPE,gold,pobj,Object of Preposition,of
s00548,"Thou who didst waken from his summer dreams The blue Mediterranean, where he lay, Lulled by the coil of his crystalline streams, Beside a pumice isle in Baiae’s bay, And saw in sleep old palaces and towers Quivering within the wave’s intenser day, All overgrown with azure moss and flowers So sweet, the sense faints picturing them!",isle,LANDSCAPE,gold,pobj,Object of Preposition,beside
s00548,"Thou who didst waken from his summer dreams The blue Mediterranean, where he lay, Lulled by the coil of his crystalline streams, Beside a pumice isle in Baiae’s bay, And saw in sleep old palaces and towers Quivering within the wave’s intenser day, All overgrown with azure moss and flowers So sweet, the sense faints picturing them!",Baiae’s bay,LANDSCAPE,gold,pobj,Object of Preposition,in
s00548,"Thou who didst waken from his summer dreams The blue Mediterranean, where he lay, Lulled by the coil of his crystalline streams, Beside a pumice isle in Baiae’s bay, And saw in sleep old palaces and towers Quivering within the wave’s intenser day, All overgrown with azure moss and flowers So sweet, the sense faints picturing them!",wave,LANDSCAPE,gold,poss,Other (poss),day
s00548,"Thou who didst waken from his summer dreams The blue Mediterranean, where he lay, Lulled by the coil of his crystalline streams, Beside a pumice isle in Baiae’s bay, And saw in sleep old palaces and towers Quivering within the wave’s intenser day, All overgrown with azure moss and flowers So sweet, the sense faints picturing them!",moss,FLORA,gold,pobj,Object of Preposition,with
s00548,"Thou who didst waken from his summer dreams The blue Mediterranean, where he lay, Lulled by the coil of his crystalline streams, Beside a pumice isle in Baiae’s bay, And saw in sleep old palaces and towers Quivering within the wave’s intenser day, All overgrown with azure moss and flowers So sweet, the sense faints picturing them!",flowers,FLORA,gold,conj,Conjoined Element (shares role with another entity),moss
s00634,"And the good south wind still blew behind But no sweet bird did follow, Nor any day for food or play Came to the mariners' hollo!",wind,WEATHER,gold,nsubj,Active Subject (doing the action),blow
s00634,"And the good south wind still blew behind But no sweet bird did follow, Nor any day for food or play Came to the mariners' hollo!",bird,FAUNA,gold,nsubj,Active Subject (doing the action),follow
s00563,"I bring fresh showers for the thirsting flowers, From the seas and the streams; I bear light shade for the leaves when laid In their noonday dreams.",flowers,FLORA,gold,pobj,Object of Preposition,for
s00563,"I bring fresh showers for the thirsting flowers, From the seas and the streams; I bear light shade for the leaves when laid In their noonday dreams.",seas,LANDSCAPE,gold,pobj,Object of Preposition,from
s00563,"I bring fresh showers for the thirsting flowers, From the seas and the streams; I bear light shade for the leaves when laid In their noonday dreams.",streams,LANDSCAPE,gold,conj,Conjoined Element (shares role with another entity),sea
s00563,"I bring fresh showers for the thirsting flowers, From the seas and the streams; I bear light shade for the leaves when laid In their noonday dreams.",leaves,FLORA,gold,pobj,Object of Preposition,for
s00533,"The fields, the lakes, the forests, and the streams, Ocean, and all the living things that dwell Within the daedal earth; lightning, and rain, Earthquake, and fiery flood, and hurricane, The torpor of the year when feeble dreams Visit the hidden buds, or dreamless sleep Holds every future leaf and flower;—the bound With which from that detested trance they leap; The works and ways of man, their death and birth, And that of him and all that his may be; All things that move and breathe with toil and sound Are born and die; revolve, subside, and swell.",fields,LANDSCAPE,gold,nsubj,Active Subject (doing the action),revolve
s00533,"The fields, the lakes, the forests, and the streams, Ocean, and all the living things that dwell Within the daedal earth; lightning, and rain, Earthquake, and fiery flood, and hurricane, The torpor of the year when feeble dreams Visit the hidden buds, or dreamless sleep Holds every future leaf and flower;—the bound With which from that detested trance they leap; The works and ways of man, their death and birth, And that of him and all that his may be; All things that move and breathe with toil and sound Are born and die; revolve, subside, and swell.",lakes,LANDSCAPE,gold,conj,Conjoined Element (shares role with another entity),field
s00533,"The fields, the lakes, the forests, and the streams, Ocean, and all the living things that dwell Within the daedal earth; lightning, and rain, Earthquake, and fiery flood, and hurricane, The torpor of the year when feeble dreams Visit the hidden buds, or dreamless sleep Holds every future leaf and flower;—the bound With which from that detested trance they leap; The works and ways of man, their death and birth, And that of him and all that his may be; All things that move and breathe with toil and sound Are born and die; revolve, subside, and swell.",forests,FLORA,gold,conj,Conjoined Element (shares role with another entity),lake
s00533,"The fields, the lakes, the forests, and the streams, Ocean, and all the living things that dwell Within the daedal earth; lightning, and rain, Earthquake, and fiery flood, and hurricane, The torpor of the year when feeble dreams Visit the hidden buds, or dreamless sleep Holds every future leaf and flower;—the bound With which from that detested trance they leap; The works and ways of man, their death and birth, And that of him and all that his may be; All things that move and breathe with toil and sound Are born and die; revolve, subside, and swell.",streams,LANDSCAPE,gold,conj,Conjoined Element (shares role with another entity),forest
s00533,"The fields, the lakes, the forests, and the streams, Ocean, and all the living things that dwell Within the daedal earth; lightning, and rain, Earthquake, and fiery flood, and hurricane, The torpor of the year when feeble dreams Visit the hidden buds, or dreamless sleep Holds every future leaf and flower;—the bound With which from that detested trance they leap; The works and ways of man, their death and birth, And that of him and all that his may be; All things that move and breathe with toil and sound Are born and die; revolve, subside, and swell.",Ocean,LANDSCAPE,gold,conj,Conjoined Element (shares role with another entity),stream
s00533,"The fields, the lakes, the forests, and the streams, Ocean, and all the living things that dwell Within the daedal earth; lightning, and rain, Earthquake, and fiery flood, and hurricane, The torpor of the year when feeble dreams Visit the hidden buds, or dreamless sleep Holds every future leaf and flower;—the bound With which from that detested trance they leap; The works and ways of man, their death and birth, And that of him and all that his may be; All things that move and breathe with toil and sound Are born and die; revolve, subside, and swell.",earth,LANDSCAPE,gold,pobj,Object of Preposition,within
s00533,"The fields, the lakes, the forests, and the streams, Ocean, and all the living things that dwell Within the daedal earth; lightning, and rain, Earthquake, and fiery flood, and hurricane, The torpor of the year when feeble dreams Visit the hidden buds, or dreamless sleep Holds every future leaf and flower;—the bound With which from that detested trance they leap; The works and ways of man, their death and birth, And that of him and all that his may be; All things that move and breathe with toil and sound Are born and die; revolve, subside, and swell.",lightning,WEATHER,gold,appos,Appositive,field
s00533,"The fields, the lakes, the forests, and the streams, Ocean, and all the living things that dwell Within the daedal earth; lightning, and rain, Earthquake, and fiery flood, and hurricane, The torpor of the year when feeble dreams Visit the hidden buds, or dreamless sleep Holds every future leaf and flower;—the bound With which from that detested trance they leap; The works and ways of man, their death and birth, And that of him and all that his may be; All things that move and breathe with toil and sound Are born and die; revolve, subside, and swell.",rain,WEATHER,gold,conj,Conjoined Element (shares role with another entity),lightning
s00533,"The fields, the lakes, the forests, and the streams, Ocean, and all the living things that dwell Within the daedal earth; lightning, and rain, Earthquake, and fiery flood, and hurricane, The torpor of the year when feeble dreams Visit the hidden buds, or dreamless sleep Holds every future leaf and flower;—the bound With which from that detested trance they leap; The works and ways of man, their death and birth, And that of him and all that his may be; All things that move and breathe with toil and sound Are born and die; revolve, subside, and swell.",Earthquake,WEATHER,gold,conj,Conjoined Element (shares role with another entity),lightning
s00533,"The fields, the lakes, the forests, and the streams, Ocean, and all the living things that dwell Within the daedal earth; lightning, and rain, Earthquake, and fiery flood, and hurricane, The torpor of the year when feeble dreams Visit the hidden buds, or dreamless sleep Holds every future leaf and flower;—the bound With which from that detested trance they leap; The works and ways of man, their death and birth, And that of him and all that his may be; All things that move and breathe with toil and sound Are born and die; revolve, subside, and swell.",flood,LANDSCAPE,gold,conj,Conjoined Element (shares role with another entity),Earthquake
s00533,"The fields, the lakes, the forests, and the streams, Ocean, and all the living things that dwell Within the daedal earth; lightning, and rain, Earthquake, and fiery flood, and hurricane, The torpor of the year when feeble dreams Visit the hidden buds, or dreamless sleep Holds every future leaf and flower;—the bound With which from that detested trance they leap; The works and ways of man, their death and birth, And that of him and all that his may be; All things that move and breathe with toil and sound Are born and die; revolve, subside, and swell.",hurricane,WEATHER,gold,conj,Conjoined Element (shares role with another entity),flood
s00533,"The fields, the lakes, the forests, and the streams, Ocean, and all the living things that dwell Within the daedal earth; lightning, and rain, Earthquake, and fiery flood, and hurricane, The torpor of the year when feeble dreams Visit the hidden buds, or dreamless sleep Holds every future leaf and flower;—the bound With which from that detested trance they leap; The works and ways of man, their death and birth, And that of him and all that his may be; All things that move and breathe with toil and sound Are born and die; revolve, subside, and swell.",buds,FAUNA,gold,dobj,Direct Object (action done to it),visit
s00533,"The fields, the lakes, the forests, and the streams, Ocean, and all the living things that dwell Within the daedal earth; lightning, and rain, Earthquake, and fiery flood, and hurricane, The torpor of the year when feeble dreams Visit the hidden buds, or dreamless sleep Holds every future leaf and flower;—the bound With which from that detested trance they leap; The works and ways of man, their death and birth, And that of him and all that his may be; All things that move and breathe with toil and sound Are born and die; revolve, subside, and swell.",leaf,FLORA,gold,dobj,Direct Object (action done to it),hold
s00533,"The fields, the lakes, the forests, and the streams, Ocean, and all the living things that dwell Within the daedal earth; lightning, and rain, Earthquake, and fiery flood, and hurricane, The torpor of the year when feeble dreams Visit the hidden buds, or dreamless sleep Holds every future leaf and flower;—the bound With which from that detested trance they leap; The works and ways of man, their death and birth, And that of him and all that his may be; All things that move and breathe with toil and sound Are born and die; revolve, subside, and swell.",flower,FLORA,gold,conj,Conjoined Element (shares role with another entity),leaf
s00106,"It is not noon--the Sunbow's rays still arch The torrent with the many hues of heaven, And roll the sheeted silver's waving column O'er the crag's headlong perpendicular, And fling its lines of foaming light along, And to and fro, like the pale courser's tail, The Giant steed, to be bestrode by Death, As told in the Apocalypse.",Sunbow's rays,WEATHER,gold,nsubj,Active Subject (doing the action),arch
s00106,"It is not noon--the Sunbow's rays still arch The torrent with the many hues of heaven, And roll the sheeted silver's waving column O'er the crag's headlong perpendicular, And fling its lines of foaming light along, And to and fro, like the pale courser's tail, The Giant steed, to be bestrode by Death, As told in the Apocalypse.",torrent,LANDSCAPE,gold,dobj,Direct Object (action done to it),arch
s00106,"It is not noon--the Sunbow's rays still arch The torrent with the many hues of heaven, And roll the sheeted silver's waving column O'er the crag's headlong perpendicular, And fling its lines of foaming light along, And to and fro, like the pale courser's tail, The Giant steed, to be bestrode by Death, As told in the Apocalypse.",heaven,WEATHER,gold,pobj,Object of Preposition,of
s00106,"It is not noon--the Sunbow's rays still arch The torrent with the many hues of heaven, And roll the sheeted silver's waving column O'er the crag's headlong perpendicular, And fling its lines of foaming light along, And to and fro, like the pale courser's tail, The Giant steed, to be bestrode by Death, As told in the Apocalypse.",crag,LANDSCAPE,gold,poss,Other (poss),headlong
s00106,"It is not noon--the Sunbow's rays still arch The torrent with the many hues of heaven, And roll the sheeted silver's waving column O'er the crag's headlong perpendicular, And fling its lines of foaming light along, And to and fro, like the pale courser's tail, The Giant steed, to be bestrode by Death, As told in the Apocalypse.",light,WEATHER,gold,pobj,Object of Preposition,of
s00106,"It is not noon--the Sunbow's rays still arch The torrent with the many hues of heaven, And roll the sheeted silver's waving column O'er the crag's headlong perpendicular, And fling its lines of foaming light along, And to and fro, like the pale courser's tail, The Giant steed, to be bestrode by Death, As told in the Apocalypse.",courser,FAUNA,gold,poss,Other (poss),tail
s00586,"All the earth and air With thy voice is loud, As, when night is bare, From one lonely cloud The moon rains out her beams, and Heaven is overflowed.",earth,LANDSCAPE,gold,nsubj,Active Subject (doing the action),be
s00586,"All the earth and air With thy voice is loud, As, when night is bare, From one lonely cloud The moon rains out her beams, and Heaven is overflowed.",air,WEATHER,gold,conj,Conjoined Element (shares role with another entity),earth
s00586,"All the earth and air With thy voice is loud, As, when night is bare, From one lonely cloud The moon rains out her beams, and Heaven is overflowed.",night,WEATHER,gold,nsubj,Active Subject (doing the action),be
s00586,"All the earth and air With thy voice is loud, As, when night is bare, From one lonely cloud The moon rains out her beams, and Heaven is overflowed.",cloud,WEATHER,gold,pobj,Object of Preposition,from
s00586,"All the earth and air With thy voice is loud, As, when night is bare, From one lonely cloud The moon rains out her beams, and Heaven is overflowed.",moon,WEATHER,gold,nsubj,Active Subject (doing the action),rain
s00586,"All the earth and air With thy voice is loud, As, when night is bare, From one lonely cloud The moon rains out her beams, and Heaven is overflowed.",beams,WEATHER,gold,dobj,Direct Object (action done to it),rain
s00586,"All the earth and air With thy voice is loud, As, when night is bare, From one lonely cloud The moon rains out her beams, and Heaven is overflowed.",Heaven,WEATHER,gold,nsubjpass,Passive Subject (action done to it),overflow
s00124,"In these my early strength exulted; or To follow through the night the moving moon,70 The stars and their development; or catch The dazzling lightnings till my eyes grew dim; Or to look, list'ning, on the scattered leaves, While Autumn winds were at their evening song.",night,WEATHER,gold,pobj,Object of Preposition,through
s00124,"In these my early strength exulted; or To follow through the night the moving moon,70 The stars and their development; or catch The dazzling lightnings till my eyes grew dim; Or to look, list'ning, on the scattered leaves, While Autumn winds were at their evening song.",moon,WEATHER,gold,punct,Other (punct),follow
s00124,"In these my early strength exulted; or To follow through the night the moving moon,70 The stars and their development; or catch The dazzling lightnings till my eyes grew dim; Or to look, list'ning, on the scattered leaves, While Autumn winds were at their evening song.",stars,WEATHER,gold,dobj,Direct Object (action done to it),follow
s00124,"In these my early strength exulted; or To follow through the night the moving moon,70 The stars and their development; or catch The dazzling lightnings till my eyes grew dim; Or to look, list'ning, on the scattered leaves, While Autumn winds were at their evening song.",lightnings,WEATHER,gold,dobj,Direct Object (action done to it),catch
s00124,"In these my early strength exulted; or To follow through the night the moving moon,70 The stars and their development; or catch The dazzling lightnings till my eyes grew dim; Or to look, list'ning, on the scattered leaves, While Autumn winds were at their evening song.",leaves,FLORA,gold,pobj,Object of Preposition,on
s00124,"In these my early strength exulted; or To follow through the night the moving moon,70 The stars and their development; or catch The dazzling lightnings till my eyes grew dim; Or to look, list'ning, on the scattered leaves, While Autumn winds were at their evening song.",winds,WEATHER,gold,nsubj,Active Subject (doing the action),be
s00541,"In the calm darkness of the moonless nights, In the lone glare of day, the snows descend Upon that Mountain; none beholds them there, Nor when the flakes burn in the sinking sun, Or the star-beams dart through them:—Winds contend Silently there, and heap the snow with breath Rapid and strong, but silently!",darkness,WEATHER,gold,pobj,Object of Preposition,in
s00541,"In the calm darkness of the moonless nights, In the lone glare of day, the snows descend Upon that Mountain; none beholds them there, Nor when the flakes burn in the sinking sun, Or the star-beams dart through them:—Winds contend Silently there, and heap the snow with breath Rapid and strong, but silently!",nights,WEATHER,gold,pobj,Object of Preposition,of
s00541,"In the calm darkness of the moonless nights, In the lone glare of day, the snows descend Upon that Mountain; none beholds them there, Nor when the flakes burn in the sinking sun, Or the star-beams dart through them:—Winds contend Silently there, and heap the snow with breath Rapid and strong, but silently!",day,WEATHER,gold,pobj,Object of Preposition,of
s00541,"In the calm darkness of the moonless nights, In the lone glare of day, the snows descend Upon that Mountain; none beholds them there, Nor when the flakes burn in the sinking sun, Or the star-beams dart through them:—Winds contend Silently there, and heap the snow with breath Rapid and strong, but silently!",snows,WEATHER,gold,nsubj,Active Subject (doing the action),descend
s00541,"In the calm darkness of the moonless nights, In the lone glare of day, the snows descend Upon that Mountain; none beholds them there, Nor when the flakes burn in the sinking sun, Or the star-beams dart through them:—Winds contend Silently there, and heap the snow with breath Rapid and strong, but silently!",Mountain,LANDSCAPE,gold,pobj,Object of Preposition,upon
s00541,"In the calm darkness of the moonless nights, In the lone glare of day, the snows descend Upon that Mountain; none beholds them there, Nor when the flakes burn in the sinking sun, Or the star-beams dart through them:—Winds contend Silently there, and heap the snow with breath Rapid and strong, but silently!",flakes,WEATHER,gold,nsubj,Active Subject (doing the action),burn
s00541,"In the calm darkness of the moonless nights, In the lone glare of day, the snows descend Upon that Mountain; none beholds them there, Nor when the flakes burn in the sinking sun, Or the star-beams dart through them:—Winds contend Silently there, and heap the snow with breath Rapid and strong, but silently!",sun,WEATHER,gold,pobj,Object of Preposition,in
s00541,"In the calm darkness of the moonless nights, In the lone glare of day, the snows descend Upon that Mountain; none beholds them there, Nor when the flakes burn in the sinking sun, Or the star-beams dart through them:—Winds contend Silently there, and heap the snow with breath Rapid and strong, but silently!",star-beams,WEATHER,gold,nsubj,Active Subject (doing the action),dart
s00541,"In the calm darkness of the moonless nights, In the lone glare of day, the snows descend Upon that Mountain; none beholds them there, Nor when the flakes burn in the sinking sun, Or the star-beams dart through them:—Winds contend Silently there, and heap the snow with breath Rapid and strong, but silently!",Winds,WEATHER,gold,nsubj,Active Subject (doing the action),contend
s00541,"In the calm darkness of the moonless nights, In the lone glare of day, the snows descend Upon that Mountain; none beholds them there, Nor when the flakes burn in the sinking sun, Or the star-beams dart through them:—Winds contend Silently there, and heap the snow with breath Rapid and strong, but silently!",snow,WEATHER,gold,dobj,Direct Object (action done to it),heap
s00541,"In the calm darkness of the moonless nights, In the lone glare of day, the snows descend Upon that Mountain; none beholds them there, Nor when the flakes burn in the sinking sun, Or the star-beams dart through them:—Winds contend Silently there, and heap the snow with breath Rapid and strong, but silently!",breath,WEATHER,gold,pobj,Object of Preposition,with
s00178,"They congregated round me; the unstained snowy mountain-top, the glittering pinnacle, the pine woods, and ragged bare ravine, the eagle, soaring amidst the clouds—they all gathered round me and bade me be at peace.",mountain-top,LANDSCAPE,gold,dep,Other (dep),gather
s00178,"They congregated round me; the unstained snowy mountain-top, the glittering pinnacle, the pine woods, and ragged bare ravine, the eagle, soaring amidst the clouds—they all gathered round me and bade me be at peace.",pinnacle,LANDSCAPE,gold,conj,Conjoined Element (shares role with another entity),top
s00178,"They congregated round me; the unstained snowy mountain-top, the glittering pinnacle, the pine woods, and ragged bare ravine, the eagle, soaring amidst the clouds—they all gathered round me and bade me be at peace.",pine woods,FLORA,gold,conj,Conjoined Element (shares role with another entity),pinnacle
s00178,"They congregated round me; the unstained snowy mountain-top, the glittering pinnacle, the pine woods, and ragged bare ravine, the eagle, soaring amidst the clouds—they all gathered round me and bade me be at peace.",ravine,LANDSCAPE,gold,conj,Conjoined Element (shares role with another entity),wood
s00178,"They congregated round me; the unstained snowy mountain-top, the glittering pinnacle, the pine woods, and ragged bare ravine, the eagle, soaring amidst the clouds—they all gathered round me and bade me be at peace.",eagle,FAUNA,gold,appos,Appositive,top
s00178,"They congregated round me; the unstained snowy mountain-top, the glittering pinnacle, the pine woods, and ragged bare ravine, the eagle, soaring amidst the clouds—they all gathered round me and bade me be at peace.",clouds,WEATHER,gold,pobj,Object of Preposition,amidst
s00181,"The rain was pouring in torrents, and thick mists hid the summits of the mountains, so that I even saw not the faces of those mighty friends.",rain,WEATHER,gold,nsubj,Active Subject (doing the action),pour
s00181,"The rain was pouring in torrents, and thick mists hid the summits of the mountains, so that I even saw not the faces of those mighty friends.",mists,WEATHER,gold,nsubj,Active Subject (doing the action),hide
s00181,"The rain was pouring in torrents, and thick mists hid the summits of the mountains, so that I even saw not the faces of those mighty friends.",summits,LANDSCAPE,gold,dobj,Direct Object (action done to it),hide
s00181,"The rain was pouring in torrents, and thick mists hid the summits of the mountains, so that I even saw not the faces of those mighty friends.",mountains,LANDSCAPE,gold,pobj,Object of Preposition,of
s00539,"Below, vast caves Shine in the rushing torrents’ restless gleam, Which from those secret chasms in tumult welling Meet in the vale, and one majestic River, The breath and blood of distant lands, for ever Rolls its loud waters to the ocean waves, Breathes its swift vapours to the circling air.",caves,LANDSCAPE,gold,nsubj,Active Subject (doing the action),shine
s00539,"Below, vast caves Shine in the rushing torrents’ restless gleam, Which from those secret chasms in tumult welling Meet in the vale, and one majestic River, The breath and blood of distant lands, for ever Rolls its loud waters to the ocean waves, Breathes its swift vapours to the circling air.",torrents,LANDSCAPE,gold,poss,Other (poss),gleam
s00539,"Below, vast caves Shine in the rushing torrents’ restless gleam, Which from those secret chasms in tumult welling Meet in the vale, and one majestic River, The breath and blood of distant lands, for ever Rolls its loud waters to the ocean waves, Breathes its swift vapours to the circling air.",chasms,LANDSCAPE,gold,pobj,Object of Preposition,from
s00539,"Below, vast caves Shine in the rushing torrents’ restless gleam, Which from those secret chasms in tumult welling Meet in the vale, and one majestic River, The breath and blood of distant lands, for ever Rolls its loud waters to the ocean waves, Breathes its swift vapours to the circling air.",vale,LANDSCAPE,gold,pobj,Object of Preposition,in
s00539,"Below, vast caves Shine in the rushing torrents’ restless gleam, Which from those secret chasms in tumult welling Meet in the vale, and one majestic River, The breath and blood of distant lands, for ever Rolls its loud waters to the ocean waves, Breathes its swift vapours to the circling air.",River,LANDSCAPE,gold,conj,Conjoined Element (shares role with another entity),shine
s00539,"Below, vast caves Shine in the rushing torrents’ restless gleam, Which from those secret chasms in tumult welling Meet in the vale, and one majestic River, The breath and blood of distant lands, for ever Rolls its loud waters to the ocean waves, Breathes its swift vapours to the circling air.",waters,LANDSCAPE,gold,dobj,Direct Object (action done to it),roll
s00539,"Below, vast caves Shine in the rushing torrents’ restless gleam, Which from those secret chasms in tumult welling Meet in the vale, and one majestic River, The breath and blood of distant lands, for ever Rolls its loud waters to the ocean waves, Breathes its swift vapours to the circling air.",ocean,LANDSCAPE,gold,compound,Other (compound),wave
s00539,"Below, vast caves Shine in the rushing torrents’ restless gleam, Which from those secret chasms in tumult welling Meet in the vale, and one majestic River, The breath and blood of distant lands, for ever Rolls its loud waters to the ocean waves, Breathes its swift vapours to the circling air.",waves,LANDSCAPE,gold,pobj,Object of Preposition,to
s00539,"Below, vast caves Shine in the rushing torrents’ restless gleam, Which from those secret chasms in tumult welling Meet in the vale, and one majestic River, The breath and blood of distant lands, for ever Rolls its loud waters to the ocean waves, Breathes its swift vapours to the circling air.",vapours,WEATHER,gold,dobj,Direct Object (action done to it),breathe
s00539,"Below, vast caves Shine in the rushing torrents’ restless gleam, Which from those secret chasms in tumult welling Meet in the vale, and one majestic River, The breath and blood of distant lands, for ever Rolls its loud waters to the ocean waves, Breathes its swift vapours to the circling air.",air,WEATHER,gold,pobj,Object of Preposition,to
s00727,"The thick black cloud was cleft, and still The Moon was at its side: Like waters shot from some high crag, The lightning fell with never a jag, A river steep and wide.",cloud,WEATHER,gold,nsubj,Active Subject (doing the action),be
s00727,"The thick black cloud was cleft, and still The Moon was at its side: Like waters shot from some high crag, The lightning fell with never a jag, A river steep and wide.",Moon,WEATHER,gold,nsubj,Active Subject (doing the action),be
s00727,"The thick black cloud was cleft, and still The Moon was at its side: Like waters shot from some high crag, The lightning fell with never a jag, A river steep and wide.",waters,LANDSCAPE,gold,pobj,Object of Preposition,like
s00727,"The thick black cloud was cleft, and still The Moon was at its side: Like waters shot from some high crag, The lightning fell with never a jag, A river steep and wide.",crag,LANDSCAPE,gold,pobj,Object of Preposition,from
s00727,"The thick black cloud was cleft, and still The Moon was at its side: Like waters shot from some high crag, The lightning fell with never a jag, A river steep and wide.",lightning,WEATHER,gold,nsubj,Active Subject (doing the action),fall
s00727,"The thick black cloud was cleft, and still The Moon was at its side: Like waters shot from some high crag, The lightning fell with never a jag, A river steep and wide.",river,LANDSCAPE,gold,appos,Appositive,lightning
s00173,"The abrupt sides of vast mountains were before me; the icy wall of the glacier overhung me; a few shattered pines were scattered around; and the solemn silence of this glorious presence-chamber of imperial Nature was broken only by the brawling waves or the fall of some vast fragment, the thunder sound of the avalanche or the cracking, reverberated along the mountains, of the accumulated ice, which, through the silent working of immutable laws, was ever and anon rent and torn, as if it had been but a plaything in their hands.",mountains,LANDSCAPE,gold,pobj,Object of Preposition,of
s00173,"The abrupt sides of vast mountains were before me; the icy wall of the glacier overhung me; a few shattered pines were scattered around; and the solemn silence of this glorious presence-chamber of imperial Nature was broken only by the brawling waves or the fall of some vast fragment, the thunder sound of the avalanche or the cracking, reverberated along the mountains, of the accumulated ice, which, through the silent working of immutable laws, was ever and anon rent and torn, as if it had been but a plaything in their hands.",glacier,LANDSCAPE,gold,pobj,Object of Preposition,of
s00173,"The abrupt sides of vast mountains were before me; the icy wall of the glacier overhung me; a few shattered pines were scattered around; and the solemn silence of this glorious presence-chamber of imperial Nature was broken only by the brawling waves or the fall of some vast fragment, the thunder sound of the avalanche or the cracking, reverberated along the mountains, of the accumulated ice, which, through the silent working of immutable laws, was ever and anon rent and torn, as if it had been but a plaything in their hands.",pines,FLORA,gold,nsubjpass,Passive Subject (action done to it),scatter
s00173,"The abrupt sides of vast mountains were before me; the icy wall of the glacier overhung me; a few shattered pines were scattered around; and the solemn silence of this glorious presence-chamber of imperial Nature was broken only by the brawling waves or the fall of some vast fragment, the thunder sound of the avalanche or the cracking, reverberated along the mountains, of the accumulated ice, which, through the silent working of immutable laws, was ever and anon rent and torn, as if it had been but a plaything in their hands.",Nature,NATURE,gold,pobj,Object of Preposition,of
s00173,"The abrupt sides of vast mountains were before me; the icy wall of the glacier overhung me; a few shattered pines were scattered around; and the solemn silence of this glorious presence-chamber of imperial Nature was broken only by the brawling waves or the fall of some vast fragment, the thunder sound of the avalanche or the cracking, reverberated along the mountains, of the accumulated ice, which, through the silent working of immutable laws, was ever and anon rent and torn, as if it had been but a plaything in their hands.",waves,LANDSCAPE,gold,pobj,Object of Preposition,by
s00173,"The abrupt sides of vast mountains were before me; the icy wall of the glacier overhung me; a few shattered pines were scattered around; and the solemn silence of this glorious presence-chamber of imperial Nature was broken only by the brawling waves or the fall of some vast fragment, the thunder sound of the avalanche or the cracking, reverberated along the mountains, of the accumulated ice, which, through the silent working of immutable laws, was ever and anon rent and torn, as if it had been but a plaything in their hands.",avalanche,LANDSCAPE,gold,pobj,Object of Preposition,of
s00173,"The abrupt sides of vast mountains were before me; the icy wall of the glacier overhung me; a few shattered pines were scattered around; and the solemn silence of this glorious presence-chamber of imperial Nature was broken only by the brawling waves or the fall of some vast fragment, the thunder sound of the avalanche or the cracking, reverberated along the mountains, of the accumulated ice, which, through the silent working of immutable laws, was ever and anon rent and torn, as if it had been but a plaything in their hands.",mountains,LANDSCAPE,gold,pobj,Object of Preposition,along
s00173,"The abrupt sides of vast mountains were before me; the icy wall of the glacier overhung me; a few shattered pines were scattered around; and the solemn silence of this glorious presence-chamber of imperial Nature was broken only by the brawling waves or the fall of some vast fragment, the thunder sound of the avalanche or the cracking, reverberated along the mountains, of the accumulated ice, which, through the silent working of immutable laws, was ever and anon rent and torn, as if it had been but a plaything in their hands.",ice,WEATHER,gold,pobj,Object of Preposition,of
s00173,"The abrupt sides of vast mountains were before me; the icy wall of the glacier overhung me; a few shattered pines were scattered around; and the solemn silence of this glorious presence-chamber of imperial Nature was broken only by the brawling waves or the fall of some vast fragment, the thunder sound of the avalanche or the cracking, reverberated along the mountains, of the accumulated ice, which, through the silent working of immutable laws, was ever and anon rent and torn, as if it had been but a plaything in their hands.",wall,LANDSCAPE,gold,nsubj,Active Subject (doing the action),overhang
s00341,"Your affectionate brother, R. Walton Archangel, 28th March, 17—. How slowly the time passes here, encompassed as I am by frost and snow!",frost,WEATHER,gold,pobj,Object of Preposition,by
s00341,"Your affectionate brother, R. Walton Archangel, 28th March, 17—. How slowly the time passes here, encompassed as I am by frost and snow!",snow,WEATHER,gold,conj,Conjoined Element (shares role with another entity),frost
s00808,"I never saw aught like to them, Unless perchance it were ""Brown skeletons of leaves that lag My forest-brook along; When the ivy-tod is heavy with snow, And the owlet whoops to the wolf below, That eats the she-wolf's young.""",skeletons of leaves,FLORA,gold,attr,Attribute (X is a Y),be
s00808,"I never saw aught like to them, Unless perchance it were ""Brown skeletons of leaves that lag My forest-brook along; When the ivy-tod is heavy with snow, And the owlet whoops to the wolf below, That eats the she-wolf's young.""",forest-brook,LANDSCAPE,gold,dobj,Direct Object (action done to it),lag
s00808,"I never saw aught like to them, Unless perchance it were ""Brown skeletons of leaves that lag My forest-brook along; When the ivy-tod is heavy with snow, And the owlet whoops to the wolf below, That eats the she-wolf's young.""",ivy,FLORA,gold,compound,Other (compound),tod
s00808,"I never saw aught like to them, Unless perchance it were ""Brown skeletons of leaves that lag My forest-brook along; When the ivy-tod is heavy with snow, And the owlet whoops to the wolf below, That eats the she-wolf's young.""",snow,WEATHER,gold,pobj,Object of Preposition,with
s00808,"I never saw aught like to them, Unless perchance it were ""Brown skeletons of leaves that lag My forest-brook along; When the ivy-tod is heavy with snow, And the owlet whoops to the wolf below, That eats the she-wolf's young.""",owlet,FAUNA,gold,nsubj,Active Subject (doing the action),whoop
s00808,"I never saw aught like to them, Unless perchance it were ""Brown skeletons of leaves that lag My forest-brook along; When the ivy-tod is heavy with snow, And the owlet whoops to the wolf below, That eats the she-wolf's young.""",wolf,FAUNA,gold,pobj,Object of Preposition,to
s00808,"I never saw aught like to them, Unless perchance it were ""Brown skeletons of leaves that lag My forest-brook along; When the ivy-tod is heavy with snow, And the owlet whoops to the wolf below, That eats the she-wolf's young.""",she-wolf,FAUNA,gold,poss,Other (poss),young
s00579,"For after the rain when with never a stain The pavilion of Heaven is bare, And the winds and sunbeams with their convex gleams Build up the blue dome of air, I silently laugh at my own cenotaph, And out of the caverns of rain, Like a child from the womb, like a ghost from the tomb, I arise and unbuild it again.",rain,WEATHER,gold,pobj,Object of Preposition,after
s00579,"For after the rain when with never a stain The pavilion of Heaven is bare, And the winds and sunbeams with their convex gleams Build up the blue dome of air, I silently laugh at my own cenotaph, And out of the caverns of rain, Like a child from the womb, like a ghost from the tomb, I arise and unbuild it again.",Heaven,WEATHER,gold,pobj,Object of Preposition,of
s00579,"For after the rain when with never a stain The pavilion of Heaven is bare, And the winds and sunbeams with their convex gleams Build up the blue dome of air, I silently laugh at my own cenotaph, And out of the caverns of rain, Like a child from the womb, like a ghost from the tomb, I arise and unbuild it again.",winds,WEATHER,gold,nsubj,Active Subject (doing the action),build
s00579,"For after the rain when with never a stain The pavilion of Heaven is bare, And the winds and sunbeams with their convex gleams Build up the blue dome of air, I silently laugh at my own cenotaph, And out of the caverns of rain, Like a child from the womb, like a ghost from the tomb, I arise and unbuild it again.",sunbeams,WEATHER,gold,conj,Conjoined Element (shares role with another entity),wind
s00579,"For after the rain when with never a stain The pavilion of Heaven is bare, And the winds and sunbeams with their convex gleams Build up the blue dome of air, I silently laugh at my own cenotaph, And out of the caverns of rain, Like a child from the womb, like a ghost from the tomb, I arise and unbuild it again.",dome of air,WEATHER,gold,dobj,Direct Object (action done to it),build
s00579,"For after the rain when with never a stain The pavilion of Heaven is bare, And the winds and sunbeams with their convex gleams Build up the blue dome of air, I silently laugh at my own cenotaph, And out of the caverns of rain, Like a child from the womb, like a ghost from the tomb, I arise and unbuild it again.",caverns,LANDSCAPE,gold,pobj,Object of Preposition,of
s00579,"For after the rain when with never a stain The pavilion of Heaven is bare, And the winds and sunbeams with their convex gleams Build up the blue dome of air, I silently laugh at my own cenotaph, And out of the caverns of rain, Like a child from the womb, like a ghost from the tomb, I arise and unbuild it again.",rain,WEATHER,gold,pobj,Object of Preposition,of
s00575,"I bind the Sun’s throne with a burning zone, And the Moon’s with a girdle of pearl; The volcanoes are dim, and the stars reel and swim, When the whirlwinds my banner unfurl.",Sun,WEATHER,gold,poss,Other (poss),throne
s00575,"I bind the Sun’s throne with a burning zone, And the Moon’s with a girdle of pearl; The volcanoes are dim, and the stars reel and swim, When the whirlwinds my banner unfurl.",Moon,WEATHER,gold,nsubj,Active Subject (doing the action),’
s00575,"I bind the Sun’s throne with a burning zone, And the Moon’s with a girdle of pearl; The volcanoes are dim, and the stars reel and swim, When the whirlwinds my banner unfurl.",volcanoes,LANDSCAPE,gold,nsubj,Active Subject (doing the action),be
s00575,"I bind the Sun’s throne with a burning zone, And the Moon’s with a girdle of pearl; The volcanoes are dim, and the stars reel and swim, When the whirlwinds my banner unfurl.",stars,WEATHER,gold,nsubj,Active Subject (doing the action),reel
s00575,"I bind the Sun’s throne with a burning zone, And the Moon’s with a girdle of pearl; The volcanoes are dim, and the stars reel and swim, When the whirlwinds my banner unfurl.",whirlwinds,WEATHER,gold,nsubj,Active Subject (doing the action),unfurl
s00032,"All things are here of HIM; from the black pines, Which are his shade on high, and the loud roar Of torrents, where he listeneth, to the vines Which slope his green path downward to the shore, Where the bowed waters meet him, and adore, Kissing his feet with murmurs; and the wood, The covert of old trees, with trunks all hoar, But light leaves, young as joy, stands where it stood, Offering to him, and his, a populous solitude.",pines,FLORA,gold,pobj,Object of Preposition,from
s00032,"All things are here of HIM; from the black pines, Which are his shade on high, and the loud roar Of torrents, where he listeneth, to the vines Which slope his green path downward to the shore, Where the bowed waters meet him, and adore, Kissing his feet with murmurs; and the wood, The covert of old trees, with trunks all hoar, But light leaves, young as joy, stands where it stood, Offering to him, and his, a populous solitude.",torrents,LANDSCAPE,gold,pobj,Object of Preposition,of
s00032,"All things are here of HIM; from the black pines, Which are his shade on high, and the loud roar Of torrents, where he listeneth, to the vines Which slope his green path downward to the shore, Where the bowed waters meet him, and adore, Kissing his feet with murmurs; and the wood, The covert of old trees, with trunks all hoar, But light leaves, young as joy, stands where it stood, Offering to him, and his, a populous solitude.",vines,FLORA,gold,pobj,Object of Preposition,to
s00032,"All things are here of HIM; from the black pines, Which are his shade on high, and the loud roar Of torrents, where he listeneth, to the vines Which slope his green path downward to the shore, Where the bowed waters meet him, and adore, Kissing his feet with murmurs; and the wood, The covert of old trees, with trunks all hoar, But light leaves, young as joy, stands where it stood, Offering to him, and his, a populous solitude.",shore,LANDSCAPE,gold,pobj,Object of Preposition,to
s00032,"All things are here of HIM; from the black pines, Which are his shade on high, and the loud roar Of torrents, where he listeneth, to the vines Which slope his green path downward to the shore, Where the bowed waters meet him, and adore, Kissing his feet with murmurs; and the wood, The covert of old trees, with trunks all hoar, But light leaves, young as joy, stands where it stood, Offering to him, and his, a populous solitude.",waters,LANDSCAPE,gold,nsubj,Active Subject (doing the action),meet
s00032,"All things are here of HIM; from the black pines, Which are his shade on high, and the loud roar Of torrents, where he listeneth, to the vines Which slope his green path downward to the shore, Where the bowed waters meet him, and adore, Kissing his feet with murmurs; and the wood, The covert of old trees, with trunks all hoar, But light leaves, young as joy, stands where it stood, Offering to him, and his, a populous solitude.",wood,LANDSCAPE,gold,conj,Conjoined Element (shares role with another entity),vine
s00032,"All things are here of HIM; from the black pines, Which are his shade on high, and the loud roar Of torrents, where he listeneth, to the vines Which slope his green path downward to the shore, Where the bowed waters meet him, and adore, Kissing his feet with murmurs; and the wood, The covert of old trees, with trunks all hoar, But light leaves, young as joy, stands where it stood, Offering to him, and his, a populous solitude.",trees,FLORA,gold,pobj,Object of Preposition,of
s00032,"All things are here of HIM; from the black pines, Which are his shade on high, and the loud roar Of torrents, where he listeneth, to the vines Which slope his green path downward to the shore, Where the bowed waters meet him, and adore, Kissing his feet with murmurs; and the wood, The covert of old trees, with trunks all hoar, But light leaves, young as joy, stands where it stood, Offering to him, and his, a populous solitude.",trunks,FLORA,gold,pobj,Object of Preposition,with
s00032,"All things are here of HIM; from the black pines, Which are his shade on high, and the loud roar Of torrents, where he listeneth, to the vines Which slope his green path downward to the shore, Where the bowed waters meet him, and adore, Kissing his feet with murmurs; and the wood, The covert of old trees, with trunks all hoar, But light leaves, young as joy, stands where it stood, Offering to him, and his, a populous solitude.",leaves,FLORA,gold,nsubj,Active Subject (doing the action),stand
s00590,"Like a rose embowered In its own green leaves, By warm winds deflowered, Till the scent it gives Makes faint with too much sweet those heavy-winged thieves: Sound of vernal showers On the twinkling grass, Rain-awakened flowers, All that ever was Joyous, and clear, and fresh, thy music doth surpass: Teach us, Sprite or Bird, What sweet thoughts are thine: I have never heard Praise of love or wine That panted forth a flood of rapture so divine.",rose,FLORA,gold,pobj,Object of Preposition,like
s00590,"Like a rose embowered In its own green leaves, By warm winds deflowered, Till the scent it gives Makes faint with too much sweet those heavy-winged thieves: Sound of vernal showers On the twinkling grass, Rain-awakened flowers, All that ever was Joyous, and clear, and fresh, thy music doth surpass: Teach us, Sprite or Bird, What sweet thoughts are thine: I have never heard Praise of love or wine That panted forth a flood of rapture so divine.",leaves,FLORA,gold,pobj,Object of Preposition,in
s00590,"Like a rose embowered In its own green leaves, By warm winds deflowered, Till the scent it gives Makes faint with too much sweet those heavy-winged thieves: Sound of vernal showers On the twinkling grass, Rain-awakened flowers, All that ever was Joyous, and clear, and fresh, thy music doth surpass: Teach us, Sprite or Bird, What sweet thoughts are thine: I have never heard Praise of love or wine That panted forth a flood of rapture so divine.",winds,WEATHER,gold,pobj,Object of Preposition,by
s00590,"Like a rose embowered In its own green leaves, By warm winds deflowered, Till the scent it gives Makes faint with too much sweet those heavy-winged thieves: Sound of vernal showers On the twinkling grass, Rain-awakened flowers, All that ever was Joyous, and clear, and fresh, thy music doth surpass: Teach us, Sprite or Bird, What sweet thoughts are thine: I have never heard Praise of love or wine That panted forth a flood of rapture so divine.",grass,FLORA,gold,pobj,Object of Preposition,on
s00590,"Like a rose embowered In its own green leaves, By warm winds deflowered, Till the scent it gives Makes faint with too much sweet those heavy-winged thieves: Sound of vernal showers On the twinkling grass, Rain-awakened flowers, All that ever was Joyous, and clear, and fresh, thy music doth surpass: Teach us, Sprite or Bird, What sweet thoughts are thine: I have never heard Praise of love or wine That panted forth a flood of rapture so divine.",flowers,FLORA,gold,appos,Appositive,sound
s00590,"Like a rose embowered In its own green leaves, By warm winds deflowered, Till the scent it gives Makes faint with too much sweet those heavy-winged thieves: Sound of vernal showers On the twinkling grass, Rain-awakened flowers, All that ever was Joyous, and clear, and fresh, thy music doth surpass: Teach us, Sprite or Bird, What sweet thoughts are thine: I have never heard Praise of love or wine That panted forth a flood of rapture so divine.",Sprite,NATURE,gold,dobj,Direct Object (action done to it),teach
s00590,"Like a rose embowered In its own green leaves, By warm winds deflowered, Till the scent it gives Makes faint with too much sweet those heavy-winged thieves: Sound of vernal showers On the twinkling grass, Rain-awakened flowers, All that ever was Joyous, and clear, and fresh, thy music doth surpass: Teach us, Sprite or Bird, What sweet thoughts are thine: I have never heard Praise of love or wine That panted forth a flood of rapture so divine.",Bird,FAUNA,gold,conj,Conjoined Element (shares role with another entity),Sprite
s00590,"Like a rose embowered In its own green leaves, By warm winds deflowered, Till the scent it gives Makes faint with too much sweet those heavy-winged thieves: Sound of vernal showers On the twinkling grass, Rain-awakened flowers, All that ever was Joyous, and clear, and fresh, thy music doth surpass: Teach us, Sprite or Bird, What sweet thoughts are thine: I have never heard Praise of love or wine That panted forth a flood of rapture so divine.",flood,LANDSCAPE,gold,dobj,Direct Object (action done to it),pant
s00005,"Save darkened Jura, whose capt heights appear Precipitously steep; and drawing near, There breathes a living fragrance from the shore, Of flowers yet fresh with childhood; on the ear Drops the light drip of the suspended oar, Or chirps the grasshopper one good-night carol more; He is an evening reveller, who makes His life an infancy, and sings his fill; At intervals, some bird from out the brakes Starts into voice a moment, then is still.",Jura,LANDSCAPE,gold,dobj,Direct Object (action done to it),save
s00005,"Save darkened Jura, whose capt heights appear Precipitously steep; and drawing near, There breathes a living fragrance from the shore, Of flowers yet fresh with childhood; on the ear Drops the light drip of the suspended oar, Or chirps the grasshopper one good-night carol more; He is an evening reveller, who makes His life an infancy, and sings his fill; At intervals, some bird from out the brakes Starts into voice a moment, then is still.",heights,LANDSCAPE,gold,nsubj,Active Subject (doing the action),appear
s00005,"Save darkened Jura, whose capt heights appear Precipitously steep; and drawing near, There breathes a living fragrance from the shore, Of flowers yet fresh with childhood; on the ear Drops the light drip of the suspended oar, Or chirps the grasshopper one good-night carol more; He is an evening reveller, who makes His life an infancy, and sings his fill; At intervals, some bird from out the brakes Starts into voice a moment, then is still.",shore,LANDSCAPE,gold,pobj,Object of Preposition,from
s00005,"Save darkened Jura, whose capt heights appear Precipitously steep; and drawing near, There breathes a living fragrance from the shore, Of flowers yet fresh with childhood; on the ear Drops the light drip of the suspended oar, Or chirps the grasshopper one good-night carol more; He is an evening reveller, who makes His life an infancy, and sings his fill; At intervals, some bird from out the brakes Starts into voice a moment, then is still.",flowers,FLORA,gold,pobj,Object of Preposition,of
s00005,"Save darkened Jura, whose capt heights appear Precipitously steep; and drawing near, There breathes a living fragrance from the shore, Of flowers yet fresh with childhood; on the ear Drops the light drip of the suspended oar, Or chirps the grasshopper one good-night carol more; He is an evening reveller, who makes His life an infancy, and sings his fill; At intervals, some bird from out the brakes Starts into voice a moment, then is still.",grasshopper,FAUNA,gold,dobj,Direct Object (action done to it),chirp
s00005,"Save darkened Jura, whose capt heights appear Precipitously steep; and drawing near, There breathes a living fragrance from the shore, Of flowers yet fresh with childhood; on the ear Drops the light drip of the suspended oar, Or chirps the grasshopper one good-night carol more; He is an evening reveller, who makes His life an infancy, and sings his fill; At intervals, some bird from out the brakes Starts into voice a moment, then is still.",bird,FAUNA,gold,nsubj,Active Subject (doing the action),start
s00005,"Save darkened Jura, whose capt heights appear Precipitously steep; and drawing near, There breathes a living fragrance from the shore, Of flowers yet fresh with childhood; on the ear Drops the light drip of the suspended oar, Or chirps the grasshopper one good-night carol more; He is an evening reveller, who makes His life an infancy, and sings his fill; At intervals, some bird from out the brakes Starts into voice a moment, then is still.",brakes,FLORA,gold,pobj,Object of Preposition,out
s00669,Almost upon the western wave Rested the broad bright Sun; When that strange shape drove suddenly Betwixt us and the Sun.,wave,LANDSCAPE,gold,pobj,Object of Preposition,upon
s00669,Almost upon the western wave Rested the broad bright Sun; When that strange shape drove suddenly Betwixt us and the Sun.,Sun,WEATHER,gold,nsubj,Active Subject (doing the action),rest
s00669,Almost upon the western wave Rested the broad bright Sun; When that strange shape drove suddenly Betwixt us and the Sun.,Sun,WEATHER,gold,conj,Conjoined Element (shares role with another entity),we
s00546,"Thou on whose stream, mid the steep sky’s commotion, Loose clouds like earth’s decaying leaves are shed, Shook from the tangled boughs of Heaven and Ocean, Angels of rain and lightning: there are spread On the blue surface of thine aery surge, Like the bright hair uplifted from the head Of some fierce Maenad, even from the dim verge Of the horizon to the zenith’s height, The locks of the approaching storm.",stream,WEATHER,gold,pcomp,Other (pcomp),on
s00546,"Thou on whose stream, mid the steep sky’s commotion, Loose clouds like earth’s decaying leaves are shed, Shook from the tangled boughs of Heaven and Ocean, Angels of rain and lightning: there are spread On the blue surface of thine aery surge, Like the bright hair uplifted from the head Of some fierce Maenad, even from the dim verge Of the horizon to the zenith’s height, The locks of the approaching storm.",sky,WEATHER,gold,poss,Other (poss),commotion
s00546,"Thou on whose stream, mid the steep sky’s commotion, Loose clouds like earth’s decaying leaves are shed, Shook from the tangled boughs of Heaven and Ocean, Angels of rain and lightning: there are spread On the blue surface of thine aery surge, Like the bright hair uplifted from the head Of some fierce Maenad, even from the dim verge Of the horizon to the zenith’s height, The locks of the approaching storm.",clouds,WEATHER,gold,nsubjpass,Passive Subject (action done to it),shed
s00546,"Thou on whose stream, mid the steep sky’s commotion, Loose clouds like earth’s decaying leaves are shed, Shook from the tangled boughs of Heaven and Ocean, Angels of rain and lightning: there are spread On the blue surface of thine aery surge, Like the bright hair uplifted from the head Of some fierce Maenad, even from the dim verge Of the horizon to the zenith’s height, The locks of the approaching storm.",earth,LANDSCAPE,gold,poss,Other (poss),leave
s00546,"Thou on whose stream, mid the steep sky’s commotion, Loose clouds like earth’s decaying leaves are shed, Shook from the tangled boughs of Heaven and Ocean, Angels of rain and lightning: there are spread On the blue surface of thine aery surge, Like the bright hair uplifted from the head Of some fierce Maenad, even from the dim verge Of the horizon to the zenith’s height, The locks of the approaching storm.",leaves,FLORA,gold,pobj,Object of Preposition,like
s00546,"Thou on whose stream, mid the steep sky’s commotion, Loose clouds like earth’s decaying leaves are shed, Shook from the tangled boughs of Heaven and Ocean, Angels of rain and lightning: there are spread On the blue surface of thine aery surge, Like the bright hair uplifted from the head Of some fierce Maenad, even from the dim verge Of the horizon to the zenith’s height, The locks of the approaching storm.",Heaven,WEATHER,gold,pobj,Object of Preposition,of
s00546,"Thou on whose stream, mid the steep sky’s commotion, Loose clouds like earth’s decaying leaves are shed, Shook from the tangled boughs of Heaven and Ocean, Angels of rain and lightning: there are spread On the blue surface of thine aery surge, Like the bright hair uplifted from the head Of some fierce Maenad, even from the dim verge Of the horizon to the zenith’s height, The locks of the approaching storm.",Ocean,LANDSCAPE,gold,conj,Conjoined Element (shares role with another entity),Heaven
s00546,"Thou on whose stream, mid the steep sky’s commotion, Loose clouds like earth’s decaying leaves are shed, Shook from the tangled boughs of Heaven and Ocean, Angels of rain and lightning: there are spread On the blue surface of thine aery surge, Like the bright hair uplifted from the head Of some fierce Maenad, even from the dim verge Of the horizon to the zenith’s height, The locks of the approaching storm.",storm,WEATHER,gold,pobj,Object of Preposition,of
s00535,"The glaciers creep Like snakes that watch their prey, from their far fountains, Slow rolling on; there, many a precipice, Frost and the Sun in scorn of mortal power Have piled: dome, pyramid, and pinnacle, A city of death, distinct with many a tower And wall impregnable of beaming ice.",glaciers,LANDSCAPE,gold,nsubj,Active Subject (doing the action),creep
s00535,"The glaciers creep Like snakes that watch their prey, from their far fountains, Slow rolling on; there, many a precipice, Frost and the Sun in scorn of mortal power Have piled: dome, pyramid, and pinnacle, A city of death, distinct with many a tower And wall impregnable of beaming ice.",snakes,FAUNA,gold,pobj,Object of Preposition,like
s00535,"The glaciers creep Like snakes that watch their prey, from their far fountains, Slow rolling on; there, many a precipice, Frost and the Sun in scorn of mortal power Have piled: dome, pyramid, and pinnacle, A city of death, distinct with many a tower And wall impregnable of beaming ice.",fountains,LANDSCAPE,gold,pobj,Object of Preposition,from
s00535,"The glaciers creep Like snakes that watch their prey, from their far fountains, Slow rolling on; there, many a precipice, Frost and the Sun in scorn of mortal power Have piled: dome, pyramid, and pinnacle, A city of death, distinct with many a tower And wall impregnable of beaming ice.",precipice,LANDSCAPE,gold,dep,Other (dep),creep
s00535,"The glaciers creep Like snakes that watch their prey, from their far fountains, Slow rolling on; there, many a precipice, Frost and the Sun in scorn of mortal power Have piled: dome, pyramid, and pinnacle, A city of death, distinct with many a tower And wall impregnable of beaming ice.",Frost,WEATHER,gold,nsubj,Active Subject (doing the action),pile
s00535,"The glaciers creep Like snakes that watch their prey, from their far fountains, Slow rolling on; there, many a precipice, Frost and the Sun in scorn of mortal power Have piled: dome, pyramid, and pinnacle, A city of death, distinct with many a tower And wall impregnable of beaming ice.",Sun,WEATHER,gold,conj,Conjoined Element (shares role with another entity),Frost
s00535,"The glaciers creep Like snakes that watch their prey, from their far fountains, Slow rolling on; there, many a precipice, Frost and the Sun in scorn of mortal power Have piled: dome, pyramid, and pinnacle, A city of death, distinct with many a tower And wall impregnable of beaming ice.",ice,WEATHER,gold,pobj,Object of Preposition,of
s00738,"Sometimes a-dropping from the sky I heard the sky-lark sing; Sometimes all little birds that are, How they seemed to fill the sea and air With their sweet jargoning!",sky,WEATHER,gold,pobj,Object of Preposition,from
s00738,"Sometimes a-dropping from the sky I heard the sky-lark sing; Sometimes all little birds that are, How they seemed to fill the sea and air With their sweet jargoning!",sky-lark,FAUNA,gold,nsubj,Active Subject (doing the action),sing
s00738,"Sometimes a-dropping from the sky I heard the sky-lark sing; Sometimes all little birds that are, How they seemed to fill the sea and air With their sweet jargoning!",birds,FAUNA,gold,dep,Other (dep),seem
s00738,"Sometimes a-dropping from the sky I heard the sky-lark sing; Sometimes all little birds that are, How they seemed to fill the sea and air With their sweet jargoning!",sea,LANDSCAPE,gold,dobj,Direct Object (action done to it),fill
s00738,"Sometimes a-dropping from the sky I heard the sky-lark sing; Sometimes all little birds that are, How they seemed to fill the sea and air With their sweet jargoning!",air,WEATHER,gold,conj,Conjoined Element (shares role with another entity),sea
s00091,"The mists boil up around the glaciers; clouds Rise curling fast beneath me, white and sulphury, Like foam from the roused ocean of deep Hell,Whose every wave breaks on a living shore, Heaped with the damned like pebbles.--I am giddy._C. Hun_.",mists,WEATHER,gold,nsubj,Active Subject (doing the action),boil
s00091,"The mists boil up around the glaciers; clouds Rise curling fast beneath me, white and sulphury, Like foam from the roused ocean of deep Hell,Whose every wave breaks on a living shore, Heaped with the damned like pebbles.--I am giddy._C. Hun_.",glaciers,LANDSCAPE,gold,pobj,Object of Preposition,around
s00091,"The mists boil up around the glaciers; clouds Rise curling fast beneath me, white and sulphury, Like foam from the roused ocean of deep Hell,Whose every wave breaks on a living shore, Heaped with the damned like pebbles.--I am giddy._C. Hun_.",clouds,WEATHER,gold,nsubj,Active Subject (doing the action),rise
s00091,"The mists boil up around the glaciers; clouds Rise curling fast beneath me, white and sulphury, Like foam from the roused ocean of deep Hell,Whose every wave breaks on a living shore, Heaped with the damned like pebbles.--I am giddy._C. Hun_.",foam,LANDSCAPE,gold,pobj,Object of Preposition,like
s00091,"The mists boil up around the glaciers; clouds Rise curling fast beneath me, white and sulphury, Like foam from the roused ocean of deep Hell,Whose every wave breaks on a living shore, Heaped with the damned like pebbles.--I am giddy._C. Hun_.",ocean,LANDSCAPE,gold,pobj,Object of Preposition,from
s00091,"The mists boil up around the glaciers; clouds Rise curling fast beneath me, white and sulphury, Like foam from the roused ocean of deep Hell,Whose every wave breaks on a living shore, Heaped with the damned like pebbles.--I am giddy._C. Hun_.",wave,LANDSCAPE,gold,nsubj,Active Subject (doing the action),break
s00091,"The mists boil up around the glaciers; clouds Rise curling fast beneath me, white and sulphury, Like foam from the roused ocean of deep Hell,Whose every wave breaks on a living shore, Heaped with the damned like pebbles.--I am giddy._C. Hun_.",shore,LANDSCAPE,gold,pobj,Object of Preposition,on
s00091,"The mists boil up around the glaciers; clouds Rise curling fast beneath me, white and sulphury, Like foam from the roused ocean of deep Hell,Whose every wave breaks on a living shore, Heaped with the damned like pebbles.--I am giddy._C. Hun_.",pebbles,LANDSCAPE,gold,pobj,Object of Preposition,like
s00172,"I stood beside the sources of the Arveiron, which take their rise in a glacier, that with slow pace is advancing down from the summit of the hills to barricade the valley.",Arveiron,LANDSCAPE,gold,pobj,Object of Preposition,of
s00172,"I stood beside the sources of the Arveiron, which take their rise in a glacier, that with slow pace is advancing down from the summit of the hills to barricade the valley.",glacier,LANDSCAPE,gold,pobj,Object of Preposition,in
s00172,"I stood beside the sources of the Arveiron, which take their rise in a glacier, that with slow pace is advancing down from the summit of the hills to barricade the valley.",summit,LANDSCAPE,gold,pobj,Object of Preposition,from
s00172,"I stood beside the sources of the Arveiron, which take their rise in a glacier, that with slow pace is advancing down from the summit of the hills to barricade the valley.",hills,LANDSCAPE,gold,pobj,Object of Preposition,of
s00172,"I stood beside the sources of the Arveiron, which take their rise in a glacier, that with slow pace is advancing down from the summit of the hills to barricade the valley.",valley,LANDSCAPE,gold,dobj,Direct Object (action done to it),barricade
s00687,"The stars were dim, and thick the night, The steersman's face by his lamp gleamed white; From the sails the dew did drip-- Till clombe above the eastern bar The horned Moon, with one bright star Within the nether tip.",stars,WEATHER,gold,nsubj,Active Subject (doing the action),be
s00687,"The stars were dim, and thick the night, The steersman's face by his lamp gleamed white; From the sails the dew did drip-- Till clombe above the eastern bar The horned Moon, with one bright star Within the nether tip.",night,WEATHER,gold,npadvmod,Other (npadvmod),thick
s00687,"The stars were dim, and thick the night, The steersman's face by his lamp gleamed white; From the sails the dew did drip-- Till clombe above the eastern bar The horned Moon, with one bright star Within the nether tip.",dew,WEATHER,gold,nsubj,Active Subject (doing the action),drip--
s00687,"The stars were dim, and thick the night, The steersman's face by his lamp gleamed white; From the sails the dew did drip-- Till clombe above the eastern bar The horned Moon, with one bright star Within the nether tip.",Moon,WEATHER,gold,appos,Appositive,bar
s00687,"The stars were dim, and thick the night, The steersman's face by his lamp gleamed white; From the sails the dew did drip-- Till clombe above the eastern bar The horned Moon, with one bright star Within the nether tip.",star,WEATHER,gold,pobj,Object of Preposition,with
s00628,"And a good south wind sprung up behind; The Albatross did follow, And every day, for food or play, Came to the mariners' hollo!",wind,WEATHER,gold,nsubj,Active Subject (doing the action),spring
s00628,"And a good south wind sprung up behind; The Albatross did follow, And every day, for food or play, Came to the mariners' hollo!",Albatross,FAUNA,gold,nsubj,Active Subject (doing the action),follow
s00757,"Still as a slave before his lord, The OCEAN hath no blast; His great bright eye most silently Up to the Moon is cast--",OCEAN,LANDSCAPE,gold,nsubj,Active Subject (doing the action),hath
s00757,"Still as a slave before his lord, The OCEAN hath no blast; His great bright eye most silently Up to the Moon is cast--",Moon,WEATHER,gold,pobj,Object of Preposition,to
s00006,"There seems a floating whisper on the hill, But that is fancy, for the starlight dews All silently their tears of love instil, Weeping themselves away, till they infuse Deep into Nature's breast the spirit of her hues.",hill,LANDSCAPE,gold,pobj,Object of Preposition,on
s00006,"There seems a floating whisper on the hill, But that is fancy, for the starlight dews All silently their tears of love instil, Weeping themselves away, till they infuse Deep into Nature's breast the spirit of her hues.",starlight,WEATHER,gold,nsubj,Active Subject (doing the action),dew
s00006,"There seems a floating whisper on the hill, But that is fancy, for the starlight dews All silently their tears of love instil, Weeping themselves away, till they infuse Deep into Nature's breast the spirit of her hues.",dews,WEATHER,gold,nsubj,Active Subject (doing the action),instil
s00006,"There seems a floating whisper on the hill, But that is fancy, for the starlight dews All silently their tears of love instil, Weeping themselves away, till they infuse Deep into Nature's breast the spirit of her hues.",Nature,NATURE,gold,poss,Other (poss),breast
s00567,"Sublime on the towers of my skiey bowers, Lightning my pilot sits; In a cavern under is fettered the thunder, It struggles and howls at fits; Over earth and ocean, with gentle motion, This pilot is guiding me, Lured by the love of the genii that move In the depths of the purple sea; Over the rills, and the crags, and the hills.",cavern,LANDSCAPE,gold,pobj,Object of Preposition,in
s00567,"Sublime on the towers of my skiey bowers, Lightning my pilot sits; In a cavern under is fettered the thunder, It struggles and howls at fits; Over earth and ocean, with gentle motion, This pilot is guiding me, Lured by the love of the genii that move In the depths of the purple sea; Over the rills, and the crags, and the hills.",thunder,WEATHER,gold,nsubj,Active Subject (doing the action),fetter
s00567,"Sublime on the towers of my skiey bowers, Lightning my pilot sits; In a cavern under is fettered the thunder, It struggles and howls at fits; Over earth and ocean, with gentle motion, This pilot is guiding me, Lured by the love of the genii that move In the depths of the purple sea; Over the rills, and the crags, and the hills.",earth,LANDSCAPE,gold,pobj,Object of Preposition,over
s00567,"Sublime on the towers of my skiey bowers, Lightning my pilot sits; In a cavern under is fettered the thunder, It struggles and howls at fits; Over earth and ocean, with gentle motion, This pilot is guiding me, Lured by the love of the genii that move In the depths of the purple sea; Over the rills, and the crags, and the hills.",ocean,LANDSCAPE,gold,conj,Conjoined Element (shares role with another entity),earth
s00567,"Sublime on the towers of my skiey bowers, Lightning my pilot sits; In a cavern under is fettered the thunder, It struggles and howls at fits; Over earth and ocean, with gentle motion, This pilot is guiding me, Lured by the love of the genii that move In the depths of the purple sea; Over the rills, and the crags, and the hills.",genii,NATURE,gold,pobj,Object of Preposition,of
s00567,"Sublime on the towers of my skiey bowers, Lightning my pilot sits; In a cavern under is fettered the thunder, It struggles and howls at fits; Over earth and ocean, with gentle motion, This pilot is guiding me, Lured by the love of the genii that move In the depths of the purple sea; Over the rills, and the crags, and the hills.",sea,LANDSCAPE,gold,pobj,Object of Preposition,of
s00567,"Sublime on the towers of my skiey bowers, Lightning my pilot sits; In a cavern under is fettered the thunder, It struggles and howls at fits; Over earth and ocean, with gentle motion, This pilot is guiding me, Lured by the love of the genii that move In the depths of the purple sea; Over the rills, and the crags, and the hills.",rills,LANDSCAPE,gold,pobj,Object of Preposition,over
s00567,"Sublime on the towers of my skiey bowers, Lightning my pilot sits; In a cavern under is fettered the thunder, It struggles and howls at fits; Over earth and ocean, with gentle motion, This pilot is guiding me, Lured by the love of the genii that move In the depths of the purple sea; Over the rills, and the crags, and the hills.",crags,LANDSCAPE,gold,conj,Conjoined Element (shares role with another entity),rill
s00567,"Sublime on the towers of my skiey bowers, Lightning my pilot sits; In a cavern under is fettered the thunder, It struggles and howls at fits; Over earth and ocean, with gentle motion, This pilot is guiding me, Lured by the love of the genii that move In the depths of the purple sea; Over the rills, and the crags, and the hills.",hills,LANDSCAPE,gold,conj,Conjoined Element (shares role with another entity),crag
s00567,"Sublime on the towers of my skiey bowers, Lightning my pilot sits; In a cavern under is fettered the thunder, It struggles and howls at fits; Over earth and ocean, with gentle motion, This pilot is guiding me, Lured by the love of the genii that move In the depths of the purple sea; Over the rills, and the crags, and the hills.",Lightning,WEATHER,gold,nsubj,Active Subject (doing the action),sit
s00566,"I sift the snow on the mountains below, And their great pines groan aghast; And all the night ’tis my pillow white, While I sleep in the arms of the blast.",snow,WEATHER,gold,dobj,Direct Object (action done to it),sift
s00566,"I sift the snow on the mountains below, And their great pines groan aghast; And all the night ’tis my pillow white, While I sleep in the arms of the blast.",mountains,LANDSCAPE,gold,pobj,Object of Preposition,on
s00566,"I sift the snow on the mountains below, And their great pines groan aghast; And all the night ’tis my pillow white, While I sleep in the arms of the blast.",pines,FLORA,gold,nsubj,Active Subject (doing the action),groan
s00566,"I sift the snow on the mountains below, And their great pines groan aghast; And all the night ’tis my pillow white, While I sleep in the arms of the blast.",night,WEATHER,gold,npadvmod,Other (npadvmod),’
s00566,"I sift the snow on the mountains below, And their great pines groan aghast; And all the night ’tis my pillow white, While I sleep in the arms of the blast.",blast,WEATHER,gold,pobj,Object of Preposition,of
s00859,"Therefore let the moon Shine on thee in thy solitary walk; And let the misty mountain winds be free To blow against thee: and in after years, When these wild ecstasies shall be matured Into a sober pleasure, when thy mind Shall be a mansion for all lovely forms, Thy memory be as a dwelling-place For all sweet sounds and harmonies; Oh!",moon,WEATHER,gold,nsubj,Active Subject (doing the action),shine
s00859,"Therefore let the moon Shine on thee in thy solitary walk; And let the misty mountain winds be free To blow against thee: and in after years, When these wild ecstasies shall be matured Into a sober pleasure, when thy mind Shall be a mansion for all lovely forms, Thy memory be as a dwelling-place For all sweet sounds and harmonies; Oh!",mountain winds,WEATHER,gold,nsubj,Active Subject (doing the action),be
s00522,"The everlasting universe of things Flows through the mind, and rolls its rapid waves, Now dark—now glittering—now reflecting gloom— Now lending splendour, where from secret springs The source of human thought its tribute brings Of waters,—with a sound but half its own, Such as a feeble brook will oft assume In the wild woods, among the mountains lone, Where waterfalls around it leap for ever, Where woods and winds contend, and a vast river Over its rocks ceaselessly bursts and raves.",universe of things,NATURE,gold,nsubj,Active Subject (doing the action),flow
s00522,"The everlasting universe of things Flows through the mind, and rolls its rapid waves, Now dark—now glittering—now reflecting gloom— Now lending splendour, where from secret springs The source of human thought its tribute brings Of waters,—with a sound but half its own, Such as a feeble brook will oft assume In the wild woods, among the mountains lone, Where waterfalls around it leap for ever, Where woods and winds contend, and a vast river Over its rocks ceaselessly bursts and raves.",waves,LANDSCAPE,gold,dobj,Direct Object (action done to it),roll
s00522,"The everlasting universe of things Flows through the mind, and rolls its rapid waves, Now dark—now glittering—now reflecting gloom— Now lending splendour, where from secret springs The source of human thought its tribute brings Of waters,—with a sound but half its own, Such as a feeble brook will oft assume In the wild woods, among the mountains lone, Where waterfalls around it leap for ever, Where woods and winds contend, and a vast river Over its rocks ceaselessly bursts and raves.",springs,LANDSCAPE,gold,pobj,Object of Preposition,from
s00522,"The everlasting universe of things Flows through the mind, and rolls its rapid waves, Now dark—now glittering—now reflecting gloom— Now lending splendour, where from secret springs The source of human thought its tribute brings Of waters,—with a sound but half its own, Such as a feeble brook will oft assume In the wild woods, among the mountains lone, Where waterfalls around it leap for ever, Where woods and winds contend, and a vast river Over its rocks ceaselessly bursts and raves.",waters,LANDSCAPE,gold,punct,Other (punct),flow
s00522,"The everlasting universe of things Flows through the mind, and rolls its rapid waves, Now dark—now glittering—now reflecting gloom— Now lending splendour, where from secret springs The source of human thought its tribute brings Of waters,—with a sound but half its own, Such as a feeble brook will oft assume In the wild woods, among the mountains lone, Where waterfalls around it leap for ever, Where woods and winds contend, and a vast river Over its rocks ceaselessly bursts and raves.",woods,LANDSCAPE,gold,pobj,Object of Preposition,in
s00522,"The everlasting universe of things Flows through the mind, and rolls its rapid waves, Now dark—now glittering—now reflecting gloom— Now lending splendour, where from secret springs The source of human thought its tribute brings Of waters,—with a sound but half its own, Such as a feeble brook will oft assume In the wild woods, among the mountains lone, Where waterfalls around it leap for ever, Where woods and winds contend, and a vast river Over its rocks ceaselessly bursts and raves.",mountains,LANDSCAPE,gold,pobj,Object of Preposition,among
s00522,"The everlasting universe of things Flows through the mind, and rolls its rapid waves, Now dark—now glittering—now reflecting gloom— Now lending splendour, where from secret springs The source of human thought its tribute brings Of waters,—with a sound but half its own, Such as a feeble brook will oft assume In the wild woods, among the mountains lone, Where waterfalls around it leap for ever, Where woods and winds contend, and a vast river Over its rocks ceaselessly bursts and raves.",waterfalls,LANDSCAPE,gold,nsubj,Active Subject (doing the action),leap
s00522,"The everlasting universe of things Flows through the mind, and rolls its rapid waves, Now dark—now glittering—now reflecting gloom— Now lending splendour, where from secret springs The source of human thought its tribute brings Of waters,—with a sound but half its own, Such as a feeble brook will oft assume In the wild woods, among the mountains lone, Where waterfalls around it leap for ever, Where woods and winds contend, and a vast river Over its rocks ceaselessly bursts and raves.",woods,LANDSCAPE,gold,nsubj,Active Subject (doing the action),contend
s00522,"The everlasting universe of things Flows through the mind, and rolls its rapid waves, Now dark—now glittering—now reflecting gloom— Now lending splendour, where from secret springs The source of human thought its tribute brings Of waters,—with a sound but half its own, Such as a feeble brook will oft assume In the wild woods, among the mountains lone, Where waterfalls around it leap for ever, Where woods and winds contend, and a vast river Over its rocks ceaselessly bursts and raves.",winds,WEATHER,gold,conj,Conjoined Element (shares role with another entity),wood
s00522,"The everlasting universe of things Flows through the mind, and rolls its rapid waves, Now dark—now glittering—now reflecting gloom— Now lending splendour, where from secret springs The source of human thought its tribute brings Of waters,—with a sound but half its own, Such as a feeble brook will oft assume In the wild woods, among the mountains lone, Where waterfalls around it leap for ever, Where woods and winds contend, and a vast river Over its rocks ceaselessly bursts and raves.",river,LANDSCAPE,gold,conj,Conjoined Element (shares role with another entity),contend
s00522,"The everlasting universe of things Flows through the mind, and rolls its rapid waves, Now dark—now glittering—now reflecting gloom— Now lending splendour, where from secret springs The source of human thought its tribute brings Of waters,—with a sound but half its own, Such as a feeble brook will oft assume In the wild woods, among the mountains lone, Where waterfalls around it leap for ever, Where woods and winds contend, and a vast river Over its rocks ceaselessly bursts and raves.",rocks,LANDSCAPE,gold,pobj,Object of Preposition,over
s00522,"The everlasting universe of things Flows through the mind, and rolls its rapid waves, Now dark—now glittering—now reflecting gloom— Now lending splendour, where from secret springs The source of human thought its tribute brings Of waters,—with a sound but half its own, Such as a feeble brook will oft assume In the wild woods, among the mountains lone, Where waterfalls around it leap for ever, Where woods and winds contend, and a vast river Over its rocks ceaselessly bursts and raves.",brook,LANDSCAPE,gold,nsubj,Active Subject (doing the action),assume
s00550,"If I were a dead leaf thou mightest bear; If I were a swift cloud to fly with thee; A wave to pant beneath thy power, and share The impulse of thy strength, only less free Than thou, O uncontrollable!",leaf,FLORA,gold,attr,Attribute (X is a Y),be
s00550,"If I were a dead leaf thou mightest bear; If I were a swift cloud to fly with thee; A wave to pant beneath thy power, and share The impulse of thy strength, only less free Than thou, O uncontrollable!",cloud,WEATHER,gold,attr,Attribute (X is a Y),be
s00550,"If I were a dead leaf thou mightest bear; If I were a swift cloud to fly with thee; A wave to pant beneath thy power, and share The impulse of thy strength, only less free Than thou, O uncontrollable!",wave,LANDSCAPE,gold,ROOT,Root of the sentence,wave
s00711,"Beyond the shadow of the ship, I watched the water-snakes: They moved in tracks of shining white, And when they reared, the elfish light Fell off in hoary flakes.",water-snakes,FAUNA,gold,dobj,Direct Object (action done to it),watch
s00711,"Beyond the shadow of the ship, I watched the water-snakes: They moved in tracks of shining white, And when they reared, the elfish light Fell off in hoary flakes.",light,WEATHER,gold,nsubj,Active Subject (doing the action),fall
s00537,"The dwelling-place Of insects, beasts, and birds, becomes its spoil; Their food and their retreat for ever gone, So much of life and joy is lost.",insects,FAUNA,gold,pobj,Object of Preposition,of
s00537,"The dwelling-place Of insects, beasts, and birds, becomes its spoil; Their food and their retreat for ever gone, So much of life and joy is lost.",beasts,FAUNA,gold,conj,Conjoined Element (shares role with another entity),insect
s00537,"The dwelling-place Of insects, beasts, and birds, becomes its spoil; Their food and their retreat for ever gone, So much of life and joy is lost.",birds,FAUNA,gold,conj,Conjoined Element (shares role with another entity),beast
s00127,"Then I passed-- The nights of years in sciences untaught, Save in the old-time; and with time and toil, And terrible ordeal, and such penance As in itself hath power upon the air, And spirits that do compass air and earth, Space, and the peopled Infinite, I made Mine eyes familiar with Eternity, 90 Such as, before me, did the Magi, and He who from out their fountain-dwellings raised Eros and Anteros,at Gadara, As I do thee;--and with my knowledge grew The thirst of knowledge, and the power and joy Of this most bright intelligence, until---- _",air,WEATHER,gold,pobj,Object of Preposition,upon
s00127,"Then I passed-- The nights of years in sciences untaught, Save in the old-time; and with time and toil, And terrible ordeal, and such penance As in itself hath power upon the air, And spirits that do compass air and earth, Space, and the peopled Infinite, I made Mine eyes familiar with Eternity, 90 Such as, before me, did the Magi, and He who from out their fountain-dwellings raised Eros and Anteros,at Gadara, As I do thee;--and with my knowledge grew The thirst of knowledge, and the power and joy Of this most bright intelligence, until---- _",spirits,NATURE,gold,conj,Conjoined Element (shares role with another entity),hath
s00127,"Then I passed-- The nights of years in sciences untaught, Save in the old-time; and with time and toil, And terrible ordeal, and such penance As in itself hath power upon the air, And spirits that do compass air and earth, Space, and the peopled Infinite, I made Mine eyes familiar with Eternity, 90 Such as, before me, did the Magi, and He who from out their fountain-dwellings raised Eros and Anteros,at Gadara, As I do thee;--and with my knowledge grew The thirst of knowledge, and the power and joy Of this most bright intelligence, until---- _",air,WEATHER,gold,dobj,Direct Object (action done to it),compass
s00127,"Then I passed-- The nights of years in sciences untaught, Save in the old-time; and with time and toil, And terrible ordeal, and such penance As in itself hath power upon the air, And spirits that do compass air and earth, Space, and the peopled Infinite, I made Mine eyes familiar with Eternity, 90 Such as, before me, did the Magi, and He who from out their fountain-dwellings raised Eros and Anteros,at Gadara, As I do thee;--and with my knowledge grew The thirst of knowledge, and the power and joy Of this most bright intelligence, until---- _",earth,LANDSCAPE,gold,conj,Conjoined Element (shares role with another entity),air
s00127,"Then I passed-- The nights of years in sciences untaught, Save in the old-time; and with time and toil, And terrible ordeal, and such penance As in itself hath power upon the air, And spirits that do compass air and earth, Space, and the peopled Infinite, I made Mine eyes familiar with Eternity, 90 Such as, before me, did the Magi, and He who from out their fountain-dwellings raised Eros and Anteros,at Gadara, As I do thee;--and with my knowledge grew The thirst of knowledge, and the power and joy Of this most bright intelligence, until---- _",fountain-dwellings,LANDSCAPE,gold,pobj,Object of Preposition,from
s00011,"Come, and compare Columns and idol-dwellings, Goth or Greek, With Nature's realms of worship, earth and air, Nor fix on fond abodes to circumscribe thy prayer!",air,WEATHER,gold,conj,Conjoined Element (shares role with another entity),earth
s00011,"Come, and compare Columns and idol-dwellings, Goth or Greek, With Nature's realms of worship, earth and air, Nor fix on fond abodes to circumscribe thy prayer!",Nature,NATURE,gold,poss,Other (poss),realm
s00011,"Come, and compare Columns and idol-dwellings, Goth or Greek, With Nature's realms of worship, earth and air, Nor fix on fond abodes to circumscribe thy prayer!",earth,LANDSCAPE,gold,appos,Appositive,realm
s00858,"And this prayer I make, Knowing that Nature never did betray The heart that loved her; ’tis her privilege, Through all the years of this our life, to lead From joy to joy: for she can so inform The mind that is within us, so impress With quietness and beauty, and so feed With lofty thoughts, that neither evil tongues, Rash judgments, nor the sneers of selfish men, Nor greetings where no kindness is, nor all The dreary intercourse of daily life, Shall e’er prevail against us, or disturb Our chearful faith that all which we behold Is full of blessings.",Nature,NATURE,gold,nsubj,Active Subject (doing the action),betray
s00875,"And he is no mean preacher; Come forth into the light of things, Let Nature be your teacher.",Nature,NATURE,gold,nsubj,Active Subject (doing the action),be
s00007,"which are the poetry of heaven, If in your bright leaves we would read the fate Of men and empires,--'tis to be forgiven, That in our aspirations to be great, Our destinies o'erleap their mortal state, And claim a kindred with you; for ye are A beauty and a mystery, and create In us such love and reverence from afar, That fortune, fame, power, life, have named themselves a star.",heaven,WEATHER,model,pobj,Object of Preposition,of
s00007,"which are the poetry of heaven, If in your bright leaves we would read the fate Of men and empires,--'tis to be forgiven, That in our aspirations to be great, Our destinies o'erleap their mortal state, And claim a kindred with you; for ye are A beauty and a mystery, and create In us such love and reverence from afar, That fortune, fame, power, life, have named themselves a star.",leaves,FLORA,model,pobj,Object of Preposition,in
s00010,"Nor vainly did the early Persian make His altar the high places and the peak Of earth-o'ergazing mountains, and thus take A fit and unwalled temple, there to seek The Spirit, in whose honour shrines are weak, Upreared of human hands.",earth,LANDSCAPE,model,npadvmod,Other (npadvmod),o'ergaze
s00010,"Nor vainly did the early Persian make His altar the high places and the peak Of earth-o'ergazing mountains, and thus take A fit and unwalled temple, there to seek The Spirit, in whose honour shrines are weak, Upreared of human hands.",mountains,LANDSCAPE,model,pobj,Object of Preposition,of
s00010,"Nor vainly did the early Persian make His altar the high places and the peak Of earth-o'ergazing mountains, and thus take A fit and unwalled temple, there to seek The Spirit, in whose honour shrines are weak, Upreared of human hands.",Spirit,NATURE,model,dobj,Direct Object (action done to it),seek
s00012,The sky is changed!--and such a change!,sky,WEATHER,model,nsubjpass,Passive Subject (action done to it),changed!--and
s00013,"O night, And storm, and darkness, ye are wondrous strong, Yet lovely in your strength, as is the light Of a dark eye in woman!",night,WEATHER,model,npadvmod,Other (npadvmod),be
s00013,"O night, And storm, and darkness, ye are wondrous strong, Yet lovely in your strength, as is the light Of a dark eye in woman!",storm,WEATHER,model,conj,Conjoined Element (shares role with another entity),night
s00013,"O night, And storm, and darkness, ye are wondrous strong, Yet lovely in your strength, as is the light Of a dark eye in woman!",darkness,WEATHER,model,conj,Conjoined Element (shares role with another entity),storm
s00016,And this is in the night:--Most glorious night!,night,WEATHER,model,pobj,Object of Preposition,in
s00016,And this is in the night:--Most glorious night!,night,WEATHER,model,pobj,Object of Preposition,in
s00018,let me be A sharer in thy fierce and far delight-- A portion of the tempest and of thee!,tempest,WEATHER,model,pobj,Object of Preposition,of
s00021,"Now, where the swift Rhone cleaves his way between Heights which appear as lovers who have parted In hate, whose mining depths so intervene, That they can meet no more, though broken-hearted; Though in their souls, which thus each other thwarted, Love was the very root of the fond rage Which blighted their life's bloom, and then departed: Itself expired, but leaving them an age Of years all winters--war within themselves to wage.",Heights,LANDSCAPE,model,pobj,Object of Preposition,between
s00021,"Now, where the swift Rhone cleaves his way between Heights which appear as lovers who have parted In hate, whose mining depths so intervene, That they can meet no more, though broken-hearted; Though in their souls, which thus each other thwarted, Love was the very root of the fond rage Which blighted their life's bloom, and then departed: Itself expired, but leaving them an age Of years all winters--war within themselves to wage.",winters,WEATHER,model,npadvmod,Other (npadvmod),year
s00026,"Or do ye find at length, like eagles, some high nest?",eagles,FAUNA,model,pobj,Object of Preposition,like
s00027,"Could I embody and unbosom now That which is most within me,--could I wreak My thoughts upon expression, and thus throw Soul, heart, mind, passions, feelings, strong or weak, All that I would have sought, and all I seek, Bear, know, feel, and yet breathe--into one word, And that one word were lightning, I would speak; But as it is, I live and die unheard, With a most voiceless thought, sheathing it as a sword.",lightning,WEATHER,model,attr,Attribute (X is a Y),be
s00036,"Twas not for fiction chose Rousseau this spot, Peopling it with affections; but he found It was the scene which passion must allot To the mind's purified beings; 'twas the ground Where early Love his Psyche's zone unbound, And hallowed it with loveliness: 'tis lone, And wonderful, and deep, and hath a sound, And sense, and sight of sweetness; here the Rhone Hath spread himself a couch, the Alps have reared a throne.",Rhone,LANDSCAPE,model,nsubj,Active Subject (doing the action),spread
s00036,"Twas not for fiction chose Rousseau this spot, Peopling it with affections; but he found It was the scene which passion must allot To the mind's purified beings; 'twas the ground Where early Love his Psyche's zone unbound, And hallowed it with loveliness: 'tis lone, And wonderful, and deep, and hath a sound, And sense, and sight of sweetness; here the Rhone Hath spread himself a couch, the Alps have reared a throne.",Alps,LANDSCAPE,model,nsubj,Active Subject (doing the action),rear
s00038,"ye have been the abodes Of names which unto you bequeathed a name; Mortals, who sought and found, by dangerous roads, A path to perpetuity of fame: They were gigantic minds, and their steep aim Was, Titan-like, on daring doubts to pile Thoughts which should call down thunder, and the flame Of Heaven, again assailed, if Heaven the while On man and man's research could deign do more than smile.",thunder,WEATHER,model,dobj,Direct Object (action done to it),call
s00038,"ye have been the abodes Of names which unto you bequeathed a name; Mortals, who sought and found, by dangerous roads, A path to perpetuity of fame: They were gigantic minds, and their steep aim Was, Titan-like, on daring doubts to pile Thoughts which should call down thunder, and the flame Of Heaven, again assailed, if Heaven the while On man and man's research could deign do more than smile.",flame,WEATHER,model,dobj,Direct Object (action done to it),assail
s00038,"ye have been the abodes Of names which unto you bequeathed a name; Mortals, who sought and found, by dangerous roads, A path to perpetuity of fame: They were gigantic minds, and their steep aim Was, Titan-like, on daring doubts to pile Thoughts which should call down thunder, and the flame Of Heaven, again assailed, if Heaven the while On man and man's research could deign do more than smile.",Heaven,WEATHER,model,pobj,Object of Preposition,of
s00038,"ye have been the abodes Of names which unto you bequeathed a name; Mortals, who sought and found, by dangerous roads, A path to perpetuity of fame: They were gigantic minds, and their steep aim Was, Titan-like, on daring doubts to pile Thoughts which should call down thunder, and the flame Of Heaven, again assailed, if Heaven the while On man and man's research could deign do more than smile.",Heaven,WEATHER,model,nsubj,Active Subject (doing the action),do
s00041,"Yet, peace be with their ashes,--for by them, If merited, the penalty is paid; It is not ours to judge, far less condemn; The hour must come when such things shall be made Known unto all,--or hope and dread allayed By slumber on one pillow, in the dust, Which, thus much we are sure, must lie decayed; And when it shall revive, as is our trust, 'Twill be to be forgiven, or suffer what is just.",dust,WEATHER,model,pobj,Object of Preposition,in
s00064,"As yet such are around thee; but thy fire Shall be more tempered, and thy hope far higher.",fire,WEATHER,model,nsubj,Active Subject (doing the action),be
s00067,"The spirits I have raised abandon me, The spells which I have studied baffle me, The remedy I recked of tortured me",spirits,NATURE,model,nsubj,Active Subject (doing the action),abandon
s00069,"Mother Earth!And thou fresh-breaking Day, and you, ye Mountains, Why are ye beautiful?",Day,WEATHER,model,appos,Appositive,thou
s00069,"Mother Earth!And thou fresh-breaking Day, and you, ye Mountains, Why are ye beautiful?",Mountains,LANDSCAPE,model,appos,Appositive,you
s00071,"And thou, the bright Eye of the Universe, 10 That openest over all, and unto all Art a delight--thou shin'st not on my heart.",Universe,WEATHER,model,pobj,Object of Preposition,of
s00074,"my brain reels--and yet my foot is firm: There is a power upon me which withholds, And makes it my fatality to live,-- If it be life to wear within myself This barrenness of Spirit, and to be My own Soul's sepulchre, for I have ceased To justify my deeds unto myself-- The last infirmity of evil.",Spirit,NATURE,model,pobj,Object of Preposition,of
s00075,"Aye, Thou winged and cloud-cleaving minister, 30",cloud,WEATHER,model,npadvmod,Other (npadvmod),cleave
s00078,"But we, who name ourselves its sovereigns, we, Half dust, half deity, alike unfit 40 To sink or soar, with our mixed essence make A conflict of its elements, and breathe The breath of degradation and of pride, Contending with low wants and lofty will, Till our Mortality predominates, And men are--what they name not to themselves, And trust not to each other.",dust,WEATHER,model,appos,Appositive,we
s00089,"I hear ye momently above, beneath, Crash with a frequent conflict;but ye pass, And only fall on things that still would live; On the young flourishing forest, or the hut 80 And hamlet of the harmless villager.",forest,FLORA,model,pobj,Object of Preposition,on
s00104,"The Chalet will be gained within an hour: Come on, we'll quickly find a surer footing, And something like a pathway, which the torrent Hath washed since winter.--Come,'tis bravely done--",Chalet,LANDSCAPE,model,nsubjpass,Passive Subject (action done to it),gain
s00104,"The Chalet will be gained within an hour: Come on, we'll quickly find a surer footing, And something like a pathway, which the torrent Hath washed since winter.--Come,'tis bravely done--",pathway,LANDSCAPE,model,pobj,Object of Preposition,like
s00104,"The Chalet will be gained within an hour: Come on, we'll quickly find a surer footing, And something like a pathway, which the torrent Hath washed since winter.--Come,'tis bravely done--",torrent,LANDSCAPE,model,nsubj,Active Subject (doing the action),wash
s00104,"The Chalet will be gained within an hour: Come on, we'll quickly find a surer footing, And something like a pathway, which the torrent Hath washed since winter.--Come,'tis bravely done--",winter,WEATHER,model,punct,Other (punct),find
s00107,"No eyes But mine now drink this sight of loveliness; I should be sole in this sweet solitude, 10 And with the Spirit of the place divide The homage of these waters.--I will call her.",Spirit,NATURE,model,nsubj,Active Subject (doing the action),divide
s00107,"No eyes But mine now drink this sight of loveliness; I should be sole in this sweet solitude, 10 And with the Spirit of the place divide The homage of these waters.--I will call her.",waters,LANDSCAPE,model,pobj,Object of Preposition,of
s00108,"Which of itself shows immortality, I read that thou wilt pardon to a Son Of Earth, whom the abstruser powers permit At times to commune with them--if that he 30 Avail him of his spells--to call thee thus, And gaze on thee a moment.",Earth,LANDSCAPE,model,pobj,Object of Preposition,of
s00114,"The face of the earth hath maddened me, and I Take refuge in her mysteries, and pierce 40 To the abodes of those who govern her--",earth,LANDSCAPE,model,pobj,Object of Preposition,of
s00122,"From my youth upwards 50 My Spirit walked not with the souls of men, Nor looked upon the earth with human eyes; The thirst of their ambition was not mine, The aim of their existence was not mine; My joys--my griefs--my passions--and my powers, Made me a stranger; though I wore the form, I had no sympathy with breathing flesh, Nor midst the Creatures of Clay that girded me Was there but One who--but of her anon.",Spirit,NATURE,model,nsubj,Active Subject (doing the action),walk
s00122,"From my youth upwards 50 My Spirit walked not with the souls of men, Nor looked upon the earth with human eyes; The thirst of their ambition was not mine, The aim of their existence was not mine; My joys--my griefs--my passions--and my powers, Made me a stranger; though I wore the form, I had no sympathy with breathing flesh, Nor midst the Creatures of Clay that girded me Was there but One who--but of her anon.",earth,LANDSCAPE,model,pobj,Object of Preposition,upon
s00126,"And then I dived, In my lone wanderings, to the caves of Death, 80 Searching its cause in its effect; and drew From withered bones, and skulls, and heaped up dust Conclusions most forbidden.",caves,LANDSCAPE,model,pobj,Object of Preposition,to
s00145,"My solitude is solitude no more, 130 But peopled with the Furies;--I have gnashed My teeth in darkness till returning morn, Then cursed myself till sunset;--I have prayed For madness as a blessing--'tis denied me.",sunset,WEATHER,model,nsubj,Active Subject (doing the action),pray
s00146,"I have affronted Death--but in the war Of elements the waters shrunk from me,And fatal things passed harmless; the cold hand Of an all-pitiless Demon held me back, Back by a single hair, which would not break.",elements,LANDSCAPE,model,pobj,Object of Preposition,of
s00146,"I have affronted Death--but in the war Of elements the waters shrunk from me,And fatal things passed harmless; the cold hand Of an all-pitiless Demon held me back, Back by a single hair, which would not break.",waters,LANDSCAPE,model,nsubj,Active Subject (doing the action),shrink
s00162,"In all the days of past and future--for In life there is no present--we can number How few--how less than few--wherein the soul Forbears to pant for death, and yet draws back As from a stream in winter, though the chillBe but a moment's.",stream,LANDSCAPE,model,pobj,Object of Preposition,from
s00162,"In all the days of past and future--for In life there is no present--we can number How few--how less than few--wherein the soul Forbears to pant for death, and yet draws back As from a stream in winter, though the chillBe but a moment's.",winter,WEATHER,model,pobj,Object of Preposition,in
s00162,"In all the days of past and future--for In life there is no present--we can number How few--how less than few--wherein the soul Forbears to pant for death, and yet draws back As from a stream in winter, though the chillBe but a moment's.",chillBe,WEATHER,model,advcl,Other (advcl),draw
s00170,"But I can act even what I most abhor, And champion human fears.--The night approaches.",night,WEATHER,model,nsubj,Active Subject (doing the action),approach
s00171,I spent the following day roaming through the valley.,valley,LANDSCAPE,model,pobj,Object of Preposition,through
s00184,"My mule was brought to the door, and I resolved to ascend to the summit of Montanvert.",summit,LANDSCAPE,model,pobj,Object of Preposition,to
s00209,"I remained in a recess of the rock, gazing on this wonderful and stupendous scene.",rock,LANDSCAPE,model,pobj,Object of Preposition,of
s00211,Their icy and glittering peaks shone in the sunlight over the clouds.,peaks,LANDSCAPE,model,nsubj,Active Subject (doing the action),shine
s00211,Their icy and glittering peaks shone in the sunlight over the clouds.,sunlight,WEATHER,model,pobj,Object of Preposition,in
s00211,Their icy and glittering peaks shone in the sunlight over the clouds.,clouds,WEATHER,model,pobj,Object of Preposition,over
s00214,"He bounded over the crevices in the ice, among which I had walked with caution; his stature, also, as he approached, seemed to exceed that of man.",crevices,LANDSCAPE,model,pobj,Object of Preposition,over
s00259,"These bleak skies I hail, for they are kinder to me than your fellow beings.",skies,WEATHER,model,dobj,Direct Object (action done to it),hail
s00274,"Cursed be the day, abhorred devil, in which you first saw light!",day,WEATHER,model,nsubj,Active Subject (doing the action),be
s00282,"Hear my tale; it is long and strange, and the temperature of this place is not fitting to your fine sensations; come to the hut upon the mountain.",mountain,LANDSCAPE,model,pobj,Object of Preposition,upon
s00291,"We crossed the ice, therefore, and ascended the opposite rock.",rock,LANDSCAPE,model,dobj,Direct Object (action done to it),ascend
s00299,"Inspirited by this wind of promise, my daydreams become more fervent and vivid.",wind,WEATHER,model,pobj,Object of Preposition,by
s00308,"But supposing all these conjectures to be false, you cannot contest the inestimable benefit which I shall confer on all mankind, to the last generation, by discovering a passage near the pole to those countries, to reach which at present so many months are requisite; or by ascertaining the secret of the magnet, which, if at all possible, can only be effected by an undertaking such as mine.",pole,LANDSCAPE,model,pobj,Object of Preposition,near
s00375,"Those are as fixed as fate, and my voyage is only now delayed until the weather shall permit my embarkation.",weather,WEATHER,model,nsubj,Active Subject (doing the action),permit
s00386,"Shall I meet you again, after having traversed immense seas, and returned by the most southern cape of Africa or America?",seas,LANDSCAPE,model,dobj,Direct Object (action done to it),traverse
s00386,"Shall I meet you again, after having traversed immense seas, and returned by the most southern cape of Africa or America?",cape,LANDSCAPE,model,pobj,Object of Preposition,by
s00394,"I am, however, in good spirits: my men are bold and apparently firm of purpose, nor do the floating sheets of ice that continually pass us, indicating the dangers of the region towards which we are advancing, appear to dismay them.",ice,WEATHER,model,pobj,Object of Preposition,of
s00397,"One or two stiff gales and the springing of a leak are accidents which experienced navigators scarcely remember to record, and I shall be well content if nothing worse happen to us during our voyage.",gales,WEATHER,model,nsubj,Active Subject (doing the action),be
s00412,"Our situation was somewhat dangerous, especially as we were compassed round by a very thick fog.",fog,WEATHER,model,pobj,Object of Preposition,by
s00414,"About two o’clock the mist cleared away, and we beheld, stretched out in every direction, vast and irregular plains of ice, which seemed to have no end.",mist,WEATHER,model,nsubj,Active Subject (doing the action),clear
s00414,"About two o’clock the mist cleared away, and we beheld, stretched out in every direction, vast and irregular plains of ice, which seemed to have no end.",plains,LANDSCAPE,model,dobj,Direct Object (action done to it),behold
s00414,"About two o’clock the mist cleared away, and we beheld, stretched out in every direction, vast and irregular plains of ice, which seemed to have no end.",ice,WEATHER,model,pobj,Object of Preposition,of
s00417,We watched the rapid progress of the traveller with our telescopes until he was lost among the distant inequalities of the ice.,ice,WEATHER,model,pobj,Object of Preposition,of
s00420,"Shut in, however, by ice, it was impossible to follow his track, which we had observed with the greatest attention.",ice,WEATHER,model,pobj,Object of Preposition,by
s00422,"We, however, lay to until the morning, fearing to encounter in the dark those large loose masses which float about after the breaking up of the ice.",ice,WEATHER,model,pobj,Object of Preposition,of
s00425,"It was, in fact, a sledge, like that we had seen before, which had drifted towards us in the night on a large fragment of ice.",ice,WEATHER,model,pobj,Object of Preposition,of
s00428,"When I appeared on deck the master said, “Here is our captain, and he will not allow you to perish on the open sea.”",sea,LANDSCAPE,model,pobj,Object of Preposition,on
s00431,You may conceive my astonishment on hearing such a question addressed to me from a man on the brink of destruction and to whom I should have supposed that my vessel would have been a resource which he would not have exchanged for the most precious wealth the earth can afford.,earth,LANDSCAPE,model,nsubj,Active Subject (doing the action),afford
s00437,"We attempted to carry him into the cabin, but as soon as he had quitted the fresh air he fainted.",air,WEATHER,model,dobj,Direct Object (action done to it),quit
s00456,"I replied that I could not answer with any degree of certainty, for the ice had not broken until near midnight, and the traveller might have arrived at a place of safety before that time; but of this I could not judge.",ice,WEATHER,model,nsubj,Active Subject (doing the action),break
s00508,"Were we among the tamer scenes of nature I might fear to encounter your unbelief, perhaps your ridicule; but many things will appear possible in these wild and mysterious regions which would provoke the laughter of those unacquainted with the ever-varied powers of nature; nor can I doubt but that my tale conveys in its series internal evidence of the truth of the events of which it is composed.”",nature,NATURE,model,pobj,Object of Preposition,of
s00521,"Strange and harrowing must be his story, frightful the storm which embraced the gallant vessel on its course and wrecked it—thus!",storm,WEATHER,model,dep,Other (dep),be
s00524,"and when I gaze on thee I seem as in a trance sublime and strange To muse on my own separate fantasy, My own, my human mind, which passively Now renders and receives fast influencings, Holding an unremitting interchange With the clear universe of things around; One legion of wild thoughts, whose wandering wings Now float above thy darkness, and now rest Where that or thou art no unbidden guest, In the still cave of the witch Poesy, Seeking among the shadows that pass by Ghosts of all things that are, some shade of thee, Some phantom, some faint image; till the breast From which they fled recalls them, thou art there!",cave,LANDSCAPE,model,pobj,Object of Preposition,in
s00540,"Mont Blanc yet gleams on high—the power is there, The still and solemn power of many sights, And many sounds, and much of life and death.",Mont,LANDSCAPE,model,compound,Other (compound),Blanc
s00543,"The secret strength of things Which governs thought, and to the infinite dome Of heaven is as a law, inhabits thee!",heaven,WEATHER,model,pobj,Object of Preposition,of
s00551,"If even I were as in my boyhood, and could be The comrade of thy wanderings over Heaven, As then, when to outstrip thy skiey speed Scarce seemed a vision; I would ne’er have striven As thus with thee in prayer in my sore need.",Heaven,WEATHER,model,pobj,Object of Preposition,over
s00555,"Make me thy lyre, even as the forest is: What if my leaves are falling like its own!",forest,FLORA,model,nsubj,Active Subject (doing the action),be
s00555,"Make me thy lyre, even as the forest is: What if my leaves are falling like its own!",leaves,FLORA,model,nsubj,Active Subject (doing the action),fall
s00557,"Be thou, Spirit fierce, My spirit!",Spirit,NATURE,model,npadvmod,Other (npadvmod),fierce
s00559,Drive my dead thoughts over the universe Like withered leaves to quicken a new birth!,leaves,FLORA,model,pobj,Object of Preposition,like
s00560,"And, by the incantation of this verse, Scatter, as from an unextinguished hearth Ashes and sparks, my words among mankind!",sparks,WEATHER,model,conj,Conjoined Element (shares role with another entity),Ashes
s00561,Be through my lips to unawakened earth The trumpet of a prophecy!,earth,LANDSCAPE,model,pobj,Object of Preposition,to
s00582,"Higher still and higher From the earth thou springest Like a cloud of fire; The blue deep thou wingest, And singing still dost soar, and soaring ever singest.",earth,LANDSCAPE,model,pobj,Object of Preposition,from
s00582,"Higher still and higher From the earth thou springest Like a cloud of fire; The blue deep thou wingest, And singing still dost soar, and soaring ever singest.",cloud,WEATHER,model,pobj,Object of Preposition,like
s00582,"Higher still and higher From the earth thou springest Like a cloud of fire; The blue deep thou wingest, And singing still dost soar, and soaring ever singest.",fire,WEATHER,model,pobj,Object of Preposition,of
s00585,"The pale purple even Melts around thy flight; Like a star of Heaven, In the broad daylight Thou art unseen, but yet I hear thy shrill delight, Keen as are the arrows Of that silver sphere, Whose intense lamp narrows In the white dawn clear Until we hardly see—we feel that it is there.",purple,WEATHER,model,nsubj,Active Subject (doing the action),melt
s00585,"The pale purple even Melts around thy flight; Like a star of Heaven, In the broad daylight Thou art unseen, but yet I hear thy shrill delight, Keen as are the arrows Of that silver sphere, Whose intense lamp narrows In the white dawn clear Until we hardly see—we feel that it is there.",star,WEATHER,model,pobj,Object of Preposition,like
s00585,"The pale purple even Melts around thy flight; Like a star of Heaven, In the broad daylight Thou art unseen, but yet I hear thy shrill delight, Keen as are the arrows Of that silver sphere, Whose intense lamp narrows In the white dawn clear Until we hardly see—we feel that it is there.",Heaven,WEATHER,model,pobj,Object of Preposition,of
s00585,"The pale purple even Melts around thy flight; Like a star of Heaven, In the broad daylight Thou art unseen, but yet I hear thy shrill delight, Keen as are the arrows Of that silver sphere, Whose intense lamp narrows In the white dawn clear Until we hardly see—we feel that it is there.",daylight,WEATHER,model,pobj,Object of Preposition,in
s00585,"The pale purple even Melts around thy flight; Like a star of Heaven, In the broad daylight Thou art unseen, but yet I hear thy shrill delight, Keen as are the arrows Of that silver sphere, Whose intense lamp narrows In the white dawn clear Until we hardly see—we feel that it is there.",lamp,WEATHER,model,nsubj,Active Subject (doing the action),narrow
s00585,"The pale purple even Melts around thy flight; Like a star of Heaven, In the broad daylight Thou art unseen, but yet I hear thy shrill delight, Keen as are the arrows Of that silver sphere, Whose intense lamp narrows In the white dawn clear Until we hardly see—we feel that it is there.",dawn,WEATHER,model,pobj,Object of Preposition,in
s00594,What shapes of sky or plain?,sky,WEATHER,model,pobj,Object of Preposition,of
s00599,"Waking or asleep, Thou of death must deem Things more true and deep Than we mortals dream, Or how could thy notes flow in such a crystal stream?",stream,LANDSCAPE,model,pobj,Object of Preposition,in
s00613,"The ship was cheered, the harbour cleared, Merrily did we drop Below the kirk, below the hill, Below the light-house top.",harbour,LANDSCAPE,model,nsubj,Active Subject (doing the action),clear
s00613,"The ship was cheered, the harbour cleared, Merrily did we drop Below the kirk, below the hill, Below the light-house top.",hill,LANDSCAPE,model,pobj,Object of Preposition,below
s00623,The ice was all between.,ice,WEATHER,model,nsubj,Active Subject (doing the action),be
s00624,"The ice was here, the ice was there, The ice was all around: It cracked and growled, and roared and howled, Like noises in a swound!",ice,WEATHER,model,nsubj,Active Subject (doing the action),be
s00624,"The ice was here, the ice was there, The ice was all around: It cracked and growled, and roared and howled, Like noises in a swound!",ice,WEATHER,model,nsubj,Active Subject (doing the action),be
s00624,"The ice was here, the ice was there, The ice was all around: It cracked and growled, and roared and howled, Like noises in a swound!",ice,WEATHER,model,nsubj,Active Subject (doing the action),be
s00627,The ice did split with a thunder-fit; The helmsman steered us through!,ice,WEATHER,model,nsubj,Active Subject (doing the action),split
s00629,"In mist or cloud, on mast or shroud, It perched for vespers nine;",mist,WEATHER,model,pobj,Object of Preposition,in
s00629,"In mist or cloud, on mast or shroud, It perched for vespers nine;",cloud,WEATHER,model,conj,Conjoined Element (shares role with another entity),mist
s00646,"Yea, slimy things did crawl with legs Upon the slimy sea.",sea,LANDSCAPE,model,pobj,Object of Preposition,upon
s00650,"And every tongue, through utter drought, Was withered at the root; We could not speak, no more than if We had been choked with soot.",drought,WEATHER,model,pobj,Object of Preposition,through
s00652,"Instead of the cross, the Albatross About my neck was hung.",Albatross,FAUNA,model,nsubjpass,Passive Subject (action done to it),hang
s00657,"How glazed each weary eye, When looking westward, I beheld A something in the sky.",sky,WEATHER,model,pobj,Object of Preposition,in
s00658,"At first it seemed a little speck, And then it seemed a mist: It moved and moved, and took at last A certain shape, I wist.",mist,WEATHER,model,oprd,Other (oprd),seem
s00659,"A speck, a mist, a shape, I wist!",mist,WEATHER,model,appos,Appositive,speck
s00662,"With throats unslaked, with black lips baked, We could not laugh nor wail; Through utter drought all dumb we stood!",drought,WEATHER,model,pobj,Object of Preposition,through
s00668,The western wave was all a-flame The day was well nigh done!,wave,LANDSCAPE,model,nsubj,Active Subject (doing the action),be
s00675,"Are those her ribs through which the Sun Did peer, as through a grate?",Sun,WEATHER,model,nsubj,Active Subject (doing the action),peer
s00704,"I looked to Heaven, and tried to pray: But or ever a prayer had gusht, A wicked whisper came, and made my heart as dry as dust.",Heaven,WEATHER,model,pobj,Object of Preposition,to
s00718,"She sent the gentle sleep from Heaven, That slid into my soul.",Heaven,WEATHER,model,pobj,Object of Preposition,from
s00723,The upper air burst into life!,air,WEATHER,model,nsubj,Active Subject (doing the action),burst
s00731,"The helmsman steered, the ship moved on; Yet never a breeze up blew; The mariners all 'gan work the ropes, Where they were wont to do: They raised their limbs like lifeless tools-- We were a ghastly crew.",breeze,WEATHER,model,nsubj,Active Subject (doing the action),blow
s00737,"Around, around, flew each sweet sound, Then darted to the Sun; Slowly the sounds came back again, Now mixed, now one by one.",Sun,WEATHER,model,pobj,Object of Preposition,to
s00740,"And now it is an angel's song, That makes the Heavens be mute.",Heavens,WEATHER,model,nsubj,Active Subject (doing the action),be
s00742,"Till noon we quietly sailed on, Yet never a breeze did breathe: Slowly and smoothly went the ship, Moved onward from beneath.",breeze,WEATHER,model,nsubj,Active Subject (doing the action),breathe
s00747,"How long in that same fit I lay, I have not to declare; But ere my living life returned, I heard and in my soul discerned Two VOICES in the air.",air,WEATHER,model,pobj,Object of Preposition,in
s00768,And now this spell was snapt: once more I viewed the ocean green.,ocean,LANDSCAPE,model,compound,Other (compound),green
s00772,"Swiftly, swiftly flew the ship, Yet she sailed softly too: Sweetly, sweetly blew the breeze-- On me alone it blew.",breeze,WEATHER,model,dobj,Direct Object (action done to it),blow
s00778,"We drifted o'er the harbour-bar, And I with sobs did pray-- O let me be awake, my God!",-,LANDSCAPE,model,punct,Other (punct),bar
s00782,"The rock shone bright, the kirk no less, That stands above the rock: The moonlight steeped in silentness The steady weathercock.",rock,LANDSCAPE,model,nsubj,Active Subject (doing the action),shine
s00782,"The rock shone bright, the kirk no less, That stands above the rock: The moonlight steeped in silentness The steady weathercock.",rock,LANDSCAPE,model,pobj,Object of Preposition,above
s00782,"The rock shone bright, the kirk no less, That stands above the rock: The moonlight steeped in silentness The steady weathercock.",moonlight,WEATHER,model,appos,Appositive,rock
s00782,"The rock shone bright, the kirk no less, That stands above the rock: The moonlight steeped in silentness The steady weathercock.",weathercock,WEATHER,model,appos,Appositive,moonlight
s00789,"They stood as signals to the land, Each one a lovely light: This seraph-band, each waved his hand, No voice did they impart-- No voice; but",land,LANDSCAPE,model,pobj,Object of Preposition,to
s00827,"I pass, like night, from land to land; I have strange power of speech; That moment that his face I see, I know the man that must hear me: To him my tale I teach.",night,WEATHER,model,pobj,Object of Preposition,like
s00830,"this soul hath been Alone on a wide wide sea: So lonely 'twas, that God himself Scarce seemed there to be.",sea,LANDSCAPE,model,pobj,Object of Preposition,on
s00839,"again Do I behold these steep and lofty cliffs, Which on a wild secluded scene impress Thoughts of more deep seclusion; and connect The landscape with the quiet of the sky.",cliffs,LANDSCAPE,model,dobj,Direct Object (action done to it),behold
s00839,"again Do I behold these steep and lofty cliffs, Which on a wild secluded scene impress Thoughts of more deep seclusion; and connect The landscape with the quiet of the sky.",landscape,LANDSCAPE,model,dobj,Direct Object (action done to it),connect
s00839,"again Do I behold these steep and lofty cliffs, Which on a wild secluded scene impress Thoughts of more deep seclusion; and connect The landscape with the quiet of the sky.",sky,WEATHER,model,pobj,Object of Preposition,of
s00842,"Though absent long, These forms of beauty have not been to me, As is a landscape to a blind man’s eye: But oft, in lonely rooms, and mid the din Of towns and cities, I have owed to them, In hours of weariness, sensations sweet, Felt in the blood, and felt along the heart, And passing even into my purer mind With tranquil restoration:--feelings too Of unremembered pleasure; such, perhaps, As may have had no trivial influence On that best portion of a good man’s life; His little, nameless, unremembered acts Of kindness and of love.",towns,LANDSCAPE,model,pobj,Object of Preposition,of
s00845,"how oft, In darkness, and amid the many shapes Of joyless day-light; when the fretful stir Unprofitable, and the fever of the world, Have hung upon the beatings of my heart, How oft, in spirit, have I turned to thee O sylvan Wye!",darkness,WEATHER,model,pobj,Object of Preposition,in
s00845,"how oft, In darkness, and amid the many shapes Of joyless day-light; when the fretful stir Unprofitable, and the fever of the world, Have hung upon the beatings of my heart, How oft, in spirit, have I turned to thee O sylvan Wye!",day,WEATHER,model,compound,Other (compound),light
s00846,"Thou wanderer through the woods, How often has my spirit turned to thee!",woods,FLORA,model,pobj,Object of Preposition,through
s00864,"I heard a thousand blended notes, While in a grove I sate reclined, In that sweet mood when pleasant thoughts Bring sad thoughts to the mind.",grove,FLORA,model,pobj,Object of Preposition,in
s00873,"Books! ’tis a dull and endless strife, Come, hear the woodland linnet, How sweet his music; on my life There’s more of wisdom in it.",linnet,FLORA,model,dobj,Direct Object (action done to it),hear
s00878,Sweet is the lore which nature brings; Our meddling intellect Misshapes the beauteous forms of things; --We murder to dissect.,nature,NATURE,model,nsubj,Active Subject (doing the action),bring
s00879,"Enough of science and of art; Close up these barren leaves; Come forth, and bring with you a heart That watches and receives.",leaves,FLORA,model,dobj,Direct Object (action done to it),close
