sentence_id,author,work,sentence_text,n_candidates,candidate_words,candidate_entity_types,band
s00001,Lord Byron,Childe Harold's Pilgrimage - Canto III (Lake Leman / Alps),"Clear, placid Leman!",0,,,band_0
s00002,Lord Byron,Childe Harold's Pilgrimage - Canto III (Lake Leman / Alps),"thy contrasted lake, With the wild world I dwelt in, is a thing Which warns me, with its stillness, to forsake Earth's troubled waters for a purer spring.",4,lake; spring; stillness; water,LANDSCAPE; WEATHER,band_3plus
s00003,Lord Byron,Childe Harold's Pilgrimage - Canto III (Lake Leman / Alps),"This quiet sail is as a noiseless wing To waft me from distraction; once I loved Torn ocean's roar, but thy soft murmuring Sounds sweet as if a sister's voice reproved, That I with stern delights should e'er have been so moved.",1,ocean,LANDSCAPE,band_1
s00004,Lord Byron,Childe Harold's Pilgrimage - Canto III (Lake Leman / Alps),"It is the hush of night, and all between Thy margin and the mountains, dusk, yet clear, Mellowed and mingling, yet distinctly seen.",1,mountain,LANDSCAPE,band_1
s00005,Lord Byron,Childe Harold's Pilgrimage - Canto III (Lake Leman / Alps),"Save darkened Jura, whose capt heights appear Precipitously steep; and drawing near, There breathes a living fragrance from the shore, Of flowers yet fresh with childhood; on the ear Drops the light drip of the suspended oar, Or chirps the grasshopper one good-night carol more; He is an evening reveller, who makes His life an infancy, and sings his fill; At intervals, some bird from out the brakes Starts into voice a moment, then is still.",4,bird; brake; flower; shore,FAUNA; FLORA; LANDSCAPE,band_3plus
s00006,Lord Byron,Childe Harold's Pilgrimage - Canto III (Lake Leman / Alps),"There seems a floating whisper on the hill, But that is fancy, for the starlight dews All silently their tears of love instil, Weeping themselves away, till they infuse Deep into Nature's breast the spirit of her hues.",3,deep; dew; hill,LANDSCAPE; WEATHER,band_3plus
s00007,Lord Byron,Childe Harold's Pilgrimage - Canto III (Lake Leman / Alps),"which are the poetry of heaven, If in your bright leaves we would read the fate Of men and empires,--'tis to be forgiven, That in our aspirations to be great, Our destinies o'erleap their mortal state, And claim a kindred with you; for ye are A beauty and a mystery, and create In us such love and reverence from afar, That fortune, fame, power, life, have named themselves a star.",1,star,WEATHER,band_1
s00008,Lord Byron,Childe Harold's Pilgrimage - Canto III (Lake Leman / Alps),"All heaven and earth are still--though not in sleep, But breathless, as we grow when feeling most; And silent, as we stand in thoughts too deep: -- All heaven and earth are still: from the high host Of stars, to the lulled lake and mountain-coast, All is concentered in a life intense, Where not a beam, nor air, nor leaf is lost, But hath a part of being, and a sense Of that which is of all Creator and defence.",5,air; coast; lake; mountain; star,LANDSCAPE; WEATHER,band_3plus
s00009,Lord Byron,Childe Harold's Pilgrimage - Canto III (Lake Leman / Alps),"Then stirs the feeling infinite, so felt In solitude, where we are LEAST alone; A truth, which through our being then doth melt, And purifies from self: it is a tone, The soul and source of music, which makes known Eternal harmony, and sheds a charm, Like to the fabled Cytherea's zone, Binding all things with beauty;--'twould disarm The spectre Death, had he substantial power to harm.",0,,,band_0
s00010,Lord Byron,Childe Harold's Pilgrimage - Canto III (Lake Leman / Alps),"Nor vainly did the early Persian make His altar the high places and the peak Of earth-o'ergazing mountains, and thus take A fit and unwalled temple, there to seek The Spirit, in whose honour shrines are weak, Upreared of human hands.",1,mountain,LANDSCAPE,band_1
s00011,Lord Byron,Childe Harold's Pilgrimage - Canto III (Lake Leman / Alps),"Come, and compare Columns and idol-dwellings, Goth or Greek, With Nature's realms of worship, earth and air, Nor fix on fond abodes to circumscribe thy prayer!",1,air,WEATHER,band_1
s00012,Lord Byron,Childe Harold's Pilgrimage - Canto III (Lake Leman / Alps),The sky is changed!--and such a change!,0,,,band_0
s00013,Lord Byron,Childe Harold's Pilgrimage - Canto III (Lake Leman / Alps),"O night, And storm, and darkness, ye are wondrous strong, Yet lovely in your strength, as is the light Of a dark eye in woman!",1,storm,WEATHER,band_1
s00014,Lord Byron,Childe Harold's Pilgrimage - Canto III (Lake Leman / Alps),"Far along, From peak to peak, the rattling crags among, Leaps the live thunder!",1,crag,LANDSCAPE,band_1
s00015,Lord Byron,Childe Harold's Pilgrimage - Canto III (Lake Leman / Alps),"Not from one lone cloud, But every mountain now hath found a tongue; And Jura answers, through her misty shroud, Back to the joyous Alps, who call to her aloud!",2,cloud; mountain,LANDSCAPE; WEATHER,band_2
s00016,Lord Byron,Childe Harold's Pilgrimage - Canto III (Lake Leman / Alps),And this is in the night:--Most glorious night!,0,,,band_0
s00017,Lord Byron,Childe Harold's Pilgrimage - Canto III (Lake Leman / Alps),Thou wert not sent for slumber!,0,,,band_0
s00018,Lord Byron,Childe Harold's Pilgrimage - Canto III (Lake Leman / Alps),let me be A sharer in thy fierce and far delight-- A portion of the tempest and of thee!,1,tempest,WEATHER,band_1
s00019,Lord Byron,Childe Harold's Pilgrimage - Canto III (Lake Leman / Alps),"How the lit lake shines, a phosphoric sea, And the big rain comes dancing to the earth!",3,lake; rain; sea,LANDSCAPE; WEATHER,band_3plus
s00020,Lord Byron,Childe Harold's Pilgrimage - Canto III (Lake Leman / Alps),"And now again 'tis black,--and now, the glee Of the loud hills shakes with its mountain-mirth, As if they did rejoice o'er a young earthquake's birth.",2,hill; mountain,LANDSCAPE,band_2
s00021,Lord Byron,Childe Harold's Pilgrimage - Canto III (Lake Leman / Alps),"Now, where the swift Rhone cleaves his way between Heights which appear as lovers who have parted In hate, whose mining depths so intervene, That they can meet no more, though broken-hearted; Though in their souls, which thus each other thwarted, Love was the very root of the fond rage Which blighted their life's bloom, and then departed: Itself expired, but leaving them an age Of years all winters--war within themselves to wage.",0,,,band_0
s00022,Lord Byron,Childe Harold's Pilgrimage - Canto III (Lake Leman / Alps),"Now, where the quick Rhone thus hath cleft his way, The mightiest of the storms hath ta'en his stand; For here, not one, but many, make their play, And fling their thunderbolts from hand to hand, Flashing and cast around: of all the band, The brightest through these parted hills hath forked His lightnings, as if he did understand That in such gaps as desolation worked, There the hot shaft should blast whatever therein lurked.",4,hill; lightning; storm; thunderbolt,LANDSCAPE; WEATHER,band_3plus
s00023,Lord Byron,Childe Harold's Pilgrimage - Canto III (Lake Leman / Alps),"Sky, mountains, river, winds, lake, lightnings! ye, With night, and clouds, and thunder, and a soul To make these felt and feeling, well may be Things that have made me watchful; the far roll Of your departing voices, is the knoll Of what in me is sleepless,--if I rest.",6,cloud; knoll; lake; mountain; river; wind,LANDSCAPE; WEATHER,band_3plus
s00024,Lord Byron,Childe Harold's Pilgrimage - Canto III (Lake Leman / Alps),"But where of ye, O tempests! is the goal?",1,tempest,WEATHER,band_1
s00025,Lord Byron,Childe Harold's Pilgrimage - Canto III (Lake Leman / Alps),Are ye like those within the human breast?,0,,,band_0
s00026,Lord Byron,Childe Harold's Pilgrimage - Canto III (Lake Leman / Alps),"Or do ye find at length, like eagles, some high nest?",1,eagle,FAUNA,band_1
s00027,Lord Byron,Childe Harold's Pilgrimage - Canto III (Lake Leman / Alps),"Could I embody and unbosom now That which is most within me,--could I wreak My thoughts upon expression, and thus throw Soul, heart, mind, passions, feelings, strong or weak, All that I would have sought, and all I seek, Bear, know, feel, and yet breathe--into one word, And that one word were lightning, I would speak; But as it is, I live and die unheard, With a most voiceless thought, sheathing it as a sword.",1,bear,FAUNA,band_1
s00028,Lord Byron,Childe Harold's Pilgrimage - Canto III (Lake Leman / Alps),"The morn is up again, the dewy morn, With breath all incense, and with cheek all bloom, Laughing the clouds away with playful scorn, And living as if earth contained no tomb,-- And glowing into day: we may resume The march of our existence: and thus I, Still on thy shores, fair Leman! may find room And food for meditation, nor pass by Much, that may give us pause, if pondered fittingly.",2,cloud; shore,LANDSCAPE; WEATHER,band_2
s00029,Lord Byron,Childe Harold's Pilgrimage - Canto III (Lake Leman / Alps),Clarens! sweet Clarens! birthplace of deep Love!,0,,,band_0
s00030,Lord Byron,Childe Harold's Pilgrimage - Canto III (Lake Leman / Alps),"Thine air is the young breath of passionate thought; Thy trees take root in love; the snows above The very glaciers have his colours caught, And sunset into rose-hues sees them wrought By rays which sleep there lovingly: the rocks, The permanent crags, tell here of Love, who sought In them a refuge from the worldly shocks, Which stir and sting the soul with hope that woos, then mocks.",8,air; crag; glacier; ray; rose; snow; sunset; tree,FAUNA; FLORA; LANDSCAPE; WEATHER,band_3plus
s00031,Lord Byron,Childe Harold's Pilgrimage - Canto III (Lake Leman / Alps),"by heavenly feet thy paths are trod,-- Undying Love's, who here ascends a throne To which the steps are mountains; where the god Is a pervading life and light,--so shown Not on those summits solely, nor alone In the still cave and forest; o'er the flower His eye is sparkling, and his breath hath blown, His soft and summer breath, whose tender power Passes the strength of storms in their most desolate hour.",4,cave; flower; mountain; storm,FLORA; LANDSCAPE; WEATHER,band_3plus
s00032,Lord Byron,Childe Harold's Pilgrimage - Canto III (Lake Leman / Alps),"All things are here of HIM; from the black pines, Which are his shade on high, and the loud roar Of torrents, where he listeneth, to the vines Which slope his green path downward to the shore, Where the bowed waters meet him, and adore, Kissing his feet with murmurs; and the wood, The covert of old trees, with trunks all hoar, But light leaves, young as joy, stands where it stood, Offering to him, and his, a populous solitude.",8,black pine; pine; shore; torrent; tree; vine; water; wood,FLORA; LANDSCAPE; WEATHER,band_3plus
s00033,Lord Byron,Childe Harold's Pilgrimage - Canto III (Lake Leman / Alps),"A populous solitude of bees and birds, And fairy-formed and many coloured things, Who worship him with notes more sweet than words, And innocently open their glad wings, Fearless and full of life: the gush of springs, And fall of lofty fountains, and the bend Of stirring branches, and the bud which brings The swiftest thought of beauty, here extend, Mingling, and made by Love, unto one mighty end.",6,bee; bird; branch; fall; fountain; spring,FAUNA; LANDSCAPE,band_3plus
s00034,Lord Byron,Childe Harold's Pilgrimage - Canto III (Lake Leman / Alps),"He who hath loved not, here would learn that lore, And make his heart a spirit: he who knows That tender mystery, will love the more,",0,,,band_0
s00035,Lord Byron,Childe Harold's Pilgrimage - Canto III (Lake Leman / Alps),"For this is Love's recess, where vain men's woes, And the world's waste, have driven him far from those, For 'tis his nature to advance or die; He stands not still, but or decays, or grows Into a boundless blessing, which may vie With the immortal lights, in its eternity! '",1,recess,LANDSCAPE,band_1
s00036,Lord Byron,Childe Harold's Pilgrimage - Canto III (Lake Leman / Alps),"Twas not for fiction chose Rousseau this spot, Peopling it with affections; but he found It was the scene which passion must allot To the mind's purified beings; 'twas the ground Where early Love his Psyche's zone unbound, And hallowed it with loveliness: 'tis lone, And wonderful, and deep, and hath a sound, And sense, and sight of sweetness; here the Rhone Hath spread himself a couch, the Alps have reared a throne.",0,,,band_0
s00037,Lord Byron,Childe Harold's Pilgrimage - Canto III (Lake Leman / Alps),Lausanne! and Ferney!,0,,,band_0
s00038,Lord Byron,Childe Harold's Pilgrimage - Canto III (Lake Leman / Alps),"ye have been the abodes Of names which unto you bequeathed a name; Mortals, who sought and found, by dangerous roads, A path to perpetuity of fame: They were gigantic minds, and their steep aim Was, Titan-like, on daring doubts to pile Thoughts which should call down thunder, and the flame Of Heaven, again assailed, if Heaven the while On man and man's research could deign do more than smile.",0,,,band_0
s00039,Lord Byron,Childe Harold's Pilgrimage - Canto III (Lake Leman / Alps),"The one was fire and fickleness, a child Most mutable in wishes, but in mind A wit as various,--gay, grave, sage, or wild,-- Historian, bard, philosopher combined: He multiplied himself among mankind, The Proteus of their talents: But his own Breathed most in ridicule,--which, as the wind, Blew where it listed, laying all things prone,-- Now to o'erthrow a fool, and now to shake a throne.",2,sage; wind,FLORA; WEATHER,band_2
s00040,Lord Byron,Childe Harold's Pilgrimage - Canto III (Lake Leman / Alps),"The other, deep and slow, exhausting thought, And hiving wisdom with each studious year, In meditation dwelt, with learning wrought, And shaped his weapon with an edge severe, Sapping a solemn creed with solemn sneer; The lord of irony,--that master spell, Which stung his foes to wrath, which grew from fear, And doomed him to the zealot's ready hell, Which answers to all doubts so eloquently well.",0,,,band_0
s00041,Lord Byron,Childe Harold's Pilgrimage - Canto III (Lake Leman / Alps),"Yet, peace be with their ashes,--for by them, If merited, the penalty is paid; It is not ours to judge, far less condemn; The hour must come when such things shall be made Known unto all,--or hope and dread allayed By slumber on one pillow, in the dust, Which, thus much we are sure, must lie decayed; And when it shall revive, as is our trust, 'Twill be to be forgiven, or suffer what is just.",0,,,band_0
s00042,Lord Byron,Childe Harold's Pilgrimage - Canto III (Lake Leman / Alps),"But let me quit man's works, again to read His Maker's spread around me, and suspend This page, which from my reveries I feed, Until it seems prolonging without end.",0,,,band_0
s00043,Lord Byron,Childe Harold's Pilgrimage - Canto III (Lake Leman / Alps),"The clouds above me to the white Alps tend, And I must pierce them, and survey whate'er May be permitted, as my steps I bend To their most great and growing region, where The earth to her embrace compels the powers of air.",2,air; cloud,WEATHER,band_2
s00044,Lord Byron,Childe Harold's Pilgrimage - Canto III (Lake Leman / Alps),"looking on thee Full flashes on the soul the light of ages, Since the fierce Carthaginian almost won thee, To the last halo of the chiefs and sages Who glorify thy consecrated pages; Thou wert the throne and grave of empires; still, The fount at which the panting mind assuages Her thirst of knowledge, quaffing there her fill, Flows from the eternal source of Rome's imperial hill.",3,halo; hill; sage,FLORA; LANDSCAPE; WEATHER,band_3plus
s00045,Lord Byron,Childe Harold's Pilgrimage - Canto III (Lake Leman / Alps),"Thus far have I proceeded in a theme Renewed with no kind auspices:--to feel We are not what we have been, and to deem We are not what we should be, and to steel The heart against itself; and to conceal, With a proud caution, love or hate, or aught,-- Passion or feeling, purpose, grief, or zeal,-- Which is the tyrant spirit of our thought, Is a stern task of soul:--No matter,--it is taught.",0,,,band_0
s00046,Lord Byron,Childe Harold's Pilgrimage - Canto III (Lake Leman / Alps),"And for these words, thus woven into song, It may be that they are a harmless wile,--",0,,,band_0
s00047,Lord Byron,Childe Harold's Pilgrimage - Canto III (Lake Leman / Alps),"The colouring of the scenes which fleet along, Which I would seize, in passing, to beguile My breast, or that of others, for a while.",0,,,band_0
s00048,Lord Byron,Childe Harold's Pilgrimage - Canto III (Lake Leman / Alps),Fame is the thirst of,0,,,band_0
s00049,Lord Byron,Childe Harold's Pilgrimage - Canto III (Lake Leman / Alps),"youth,--but I am not So young as to regard men's frown or smile As loss or guerdon of a glorious lot; I stood and stand alone,--remembered or forgot.",0,,,band_0
s00050,Lord Byron,Childe Harold's Pilgrimage - Canto III (Lake Leman / Alps),"I have not loved the world, nor the world me; I have not flattered its rank breath, nor bowed To its idolatries a patient knee,-- Nor coined my cheek to smiles, nor cried aloud In worship of an echo; in the crowd They could not deem me one of such; I stood Among them, but not of them; in a shroud Of thoughts which were not their thoughts, and still could, Had I not filed my mind, which thus itself subdued.",0,,,band_0
s00051,Lord Byron,Childe Harold's Pilgrimage - Canto III (Lake Leman / Alps),"I have not loved the world, nor the world me,-- But let us part fair foes; I do believe, Though I have found them not, that there may be Words which are things,--hopes which will not deceive, And virtues which are merciful, nor weave Snares for the falling: I would also deem O'er others' griefs that some sincerely grieve; That two, or one, are almost what they seem,-- That goodness is no name, and happiness no dream.",0,,,band_0
s00052,Lord Byron,Childe Harold's Pilgrimage - Canto III (Lake Leman / Alps),with thy name this song begun-- My daughter!,0,,,band_0
s00053,Lord Byron,Childe Harold's Pilgrimage - Canto III (Lake Leman / Alps),with thy name this much shall end--,0,,,band_0
s00054,Lord Byron,Childe Harold's Pilgrimage - Canto III (Lake Leman / Alps),"I see thee not, I hear thee not,--but none Can be so wrapt in thee; thou art the friend To whom the shadows of far years extend: Albeit my brow thou never shouldst behold, My voice shall with thy future visions blend, And reach into thy heart, when mine is cold,-- A token and a tone, even from thy father's mould.",0,,,band_0
s00055,Lord Byron,Childe Harold's Pilgrimage - Canto III (Lake Leman / Alps),"To aid thy mind's development,--to watch",0,,,band_0
s00056,Lord Byron,Childe Harold's Pilgrimage - Canto III (Lake Leman / Alps),"Thy dawn of little joys,--to sit and see Almost thy very growth,--to view thee catch Knowledge of objects, wonders yet to thee!",0,,,band_0
s00057,Lord Byron,Childe Harold's Pilgrimage - Canto III (Lake Leman / Alps),"To hold thee lightly on a gentle knee, And print on thy soft cheek a parent's kiss,--",0,,,band_0
s00058,Lord Byron,Childe Harold's Pilgrimage - Canto III (Lake Leman / Alps),"This, it should seem, was not reserved for me",0,,,band_0
s00059,Lord Byron,Childe Harold's Pilgrimage - Canto III (Lake Leman / Alps),"Yet this was in my nature:--As it is, I know not what is there, yet something like to this.",0,,,band_0
s00060,Lord Byron,Childe Harold's Pilgrimage - Canto III (Lake Leman / Alps),"Yet, though dull Hate as duty should be taught, I know that thou wilt love me; though my name Should be shut from thee, as a spell still fraught With desolation, and a broken claim: Though the grave closed between us,--'twere the same, I know that thou wilt love me: though to drain MY blood from out thy being were an aim, And an attainment,--all would be in vain,--",0,,,band_0
s00061,Lord Byron,Childe Harold's Pilgrimage - Canto III (Lake Leman / Alps),"Still thou wouldst love me, still that more than life retain.",0,,,band_0
s00062,Lord Byron,Childe Harold's Pilgrimage - Canto III (Lake Leman / Alps),"The child of love,--though born in bitterness, And nurtured in convulsion.",0,,,band_0
s00063,Lord Byron,Childe Harold's Pilgrimage - Canto III (Lake Leman / Alps),"Of thy sire These were the elements, and thine no less.",1,sire,FAUNA,band_1
s00064,Lord Byron,Childe Harold's Pilgrimage - Canto III (Lake Leman / Alps),"As yet such are around thee; but thy fire Shall be more tempered, and thy hope far higher.",0,,,band_0
s00065,Lord Byron,Childe Harold's Pilgrimage - Canto III (Lake Leman / Alps),Sweet be thy cradled slumbers!,0,,,band_0
s00066,Lord Byron,Childe Harold's Pilgrimage - Canto III (Lake Leman / Alps),"O'er the sea, And from the mountains where I now respire, Fain would I waft such blessing upon thee, As, with a sigh, I deem thou mightst have been to me!",2,mountain; sea,LANDSCAPE,band_2
s00067,Lord Byron,Manfred - Act I Scene II (Jungfrau cliff),"The spirits I have raised abandon me, The spells which I have studied baffle me, The remedy I recked of tortured me",0,,,band_0
s00068,Lord Byron,Manfred - Act I Scene II (Jungfrau cliff),"I lean no more on superhuman aid; It hath no power upon the past, and for The future, till the past be gulfed in darkness, It is not of my search.--My",0,,,band_0
s00069,Lord Byron,Manfred - Act I Scene II (Jungfrau cliff),"Mother Earth!And thou fresh-breaking Day, and you, ye Mountains, Why are ye beautiful?",0,,,band_0
s00070,Lord Byron,Manfred - Act I Scene II (Jungfrau cliff),I cannot love ye.,0,,,band_0
s00071,Lord Byron,Manfred - Act I Scene II (Jungfrau cliff),"And thou, the bright Eye of the Universe, 10 That openest over all, and unto all Art a delight--thou shin'st not on my heart.",0,,,band_0
s00072,Lord Byron,Manfred - Act I Scene II (Jungfrau cliff),"And you, ye crags, upon whose extreme edge I stand, and on the torrent's brink beneath Behold the tall pines dwindled as to shrubs In dizziness of distance; when a leap, A stir, a motion, even a breath, would bring My breast upon its rocky bosom's bed To rest for ever--wherefore do I pause?",5,bed; crag; pine; shrub; torrent,FLORA; LANDSCAPE; WEATHER,band_3plus
s00073,Lord Byron,Manfred - Act I Scene II (Jungfrau cliff),I feel the impulse--yet I do not plunge; 20 I see the peril--yet do not recede; And,0,,,band_0
s00074,Lord Byron,Manfred - Act I Scene II (Jungfrau cliff),"my brain reels--and yet my foot is firm: There is a power upon me which withholds, And makes it my fatality to live,-- If it be life to wear within myself This barrenness of Spirit, and to be My own Soul's sepulchre, for I have ceased To justify my deeds unto myself-- The last infirmity of evil.",0,,,band_0
s00075,Lord Byron,Manfred - Act I Scene II (Jungfrau cliff),"Aye, Thou winged and cloud-cleaving minister, 30",1,cloud,WEATHER,band_1
s00076,Lord Byron,Manfred - Act I Scene II (Jungfrau cliff),"Whose happy flight is highest into heaven, Well may'st thou swoop so near me--I should be Thy prey, and gorge thine eaglets; thou art gone Where the eye cannot follow thee; but thine Yet pierces downward, onward, or above, With a pervading vision.--Beautiful!",3,eaglet; gorge; prey,FAUNA; LANDSCAPE,band_3plus
s00077,Lord Byron,Manfred - Act I Scene II (Jungfrau cliff),How beautiful is all this visible world!How glorious in its action and itself!,0,,,band_0
s00078,Lord Byron,Manfred - Act I Scene II (Jungfrau cliff),"But we, who name ourselves its sovereigns, we, Half dust, half deity, alike unfit 40 To sink or soar, with our mixed essence make A conflict of its elements, and breathe The breath of degradation and of pride, Contending with low wants and lofty will, Till our Mortality predominates, And men are--what they name not to themselves, And trust not to each other.",0,,,band_0
s00079,Lord Byron,Manfred - Act I Scene II (Jungfrau cliff),"the note, The natural music of the mountain reed-- For here the patriarchal days are not A pastoral fable--pipes in the liberal air, 50 Mixed with the sweet bells of the sauntering herd;My soul would drink those echoes.",2,air; mountain,LANDSCAPE; WEATHER,band_2
s00080,Lord Byron,Manfred - Act I Scene II (Jungfrau cliff),"Oh, that I were The viewless spirit of a lovely sound, A living voice, a breathing harmony, A bodiless enjoyment--born and dying With the blest tone which made me!",0,,,band_0
s00081,Lord Byron,Manfred - Act I Scene II (Jungfrau cliff),Enter from below a_ CHAMOIS HUNTER.,1,chamois,FAUNA,band_1
s00082,Lord Byron,Manfred - Act I Scene II (Jungfrau cliff),Even so This way the Chamois leapt: her nimble feet Have baffled me; my gains to-day will scarce Repay my break-neck travail.--What is here?,1,chamois,FAUNA,band_1
s00083,Lord Byron,Manfred - Act I Scene II (Jungfrau cliff),"Who seems not of my trade, and yet hath reached 60 A height which none even of our mountaineers, Save our best hunters, may attain: his garb Is goodly, his mien manly, and his air Proud as a free-born peasant's, at this distance: I will approach him nearer.",2,air; trade,WEATHER,band_2
s00084,Lord Byron,Manfred - Act I Scene II (Jungfrau cliff),(_not perceiving the other_).,0,,,band_0
s00085,Lord Byron,Manfred - Act I Scene II (Jungfrau cliff),"To be thus-- Grey-haired with anguish, like these blasted pines, Wrecks of a single winter, barkless, branchless,A blighted trunk upon a curséd root, Which but supplies a feeling to Decay-- And to be thus, eternally but thus, 70 Having been otherwise!",2,grey; pine,FAUNA; FLORA,band_2
s00086,Lord Byron,Manfred - Act I Scene II (Jungfrau cliff),"Now furrowed o'er With wrinkles, ploughed by moments, not by years And hours, all tortured into ages--hours",0,,,band_0
s00087,Lord Byron,Manfred - Act I Scene II (Jungfrau cliff),Which I outlive!--Ye toppling crags of ice!,1,crag,LANDSCAPE,band_1
s00088,Lord Byron,Manfred - Act I Scene II (Jungfrau cliff),"Ye Avalanches, whom a breath draws down In mountainous o'erwhelming, come and crush me!",0,,,band_0
s00089,Lord Byron,Manfred - Act I Scene II (Jungfrau cliff),"I hear ye momently above, beneath, Crash with a frequent conflict;but ye pass, And only fall on things that still would live; On the young flourishing forest, or the hut 80 And hamlet of the harmless villager.",0,,,band_0
s00090,Lord Byron,Manfred - Act I Scene II (Jungfrau cliff),"The mists begin to rise from up the valley; I'll warn him to descend, or he may chance To lose at once his way and life together.",1,valley,LANDSCAPE,band_1
s00091,Lord Byron,Manfred - Act I Scene II (Jungfrau cliff),"The mists boil up around the glaciers; clouds Rise curling fast beneath me, white and sulphury, Like foam from the roused ocean of deep Hell,Whose every wave breaks on a living shore, Heaped with the damned like pebbles.--I am giddy._C. Hun_.",6,cloud; glacier; ocean; rise; shore; wave,LANDSCAPE; WEATHER,band_3plus
s00092,Lord Byron,Manfred - Act I Scene II (Jungfrau cliff),"I must approach him cautiously; if near, 90 A sudden step will startle him, and he Seems tottering already.",0,,,band_0
s00093,Lord Byron,Manfred - Act I Scene II (Jungfrau cliff),"Mountains have fallen, Leaving a gap in the clouds, and with the shock Rocking their Alpine brethren; filling up The ripe green valleys with Destruction's splinters; Damming the rivers with a sudden dash, Which crushed the waters into mist, and made Their fountains find another channel--thus, Thus, in its old age, did Mount Rosenberg--Why stood I not beneath it?",8,channel; cloud; fountain; mount; mountain; river; valley; water,FAUNA; LANDSCAPE; WEATHER,band_3plus
s00094,Lord Byron,Manfred - Act I Scene II (Jungfrau cliff),"have a care, 100 Your next step may be fatal!--for the love Of Him who made you, stand not on that brink!",0,,,band_0
s00095,Lord Byron,Manfred - Act I Scene II (Jungfrau cliff),(_not hearing him_).,0,,,band_0
s00096,Lord Byron,Manfred - Act I Scene II (Jungfrau cliff),"Such would have been for me a fitting tomb; My bones had then been quiet in their depth; They had not then been strewn upon the rocks For the wind's pastime--as thus--thus they shall be-- In this one plunge.--Farewell, ye opening Heavens!",1,wind,WEATHER,band_1
s00097,Lord Byron,Manfred - Act I Scene II (Jungfrau cliff),Look not upon me thus reproachfully-- You were not meant for me--Earth!,0,,,band_0
s00098,Lord Byron,Manfred - Act I Scene II (Jungfrau cliff),take these atoms!,0,,,band_0
s00099,Lord Byron,Manfred - Act I Scene II (Jungfrau cliff),"Hold, madman!--though aweary of thy life, 110 Stain not our pure vales with thy guilty blood: Away with me----I will not quit my hold.",1,vale,LANDSCAPE,band_1
s00100,Lord Byron,Manfred - Act I Scene II (Jungfrau cliff),"I am most sick at heart--nay, grasp me not--",0,,,band_0
s00101,Lord Byron,Manfred - Act I Scene II (Jungfrau cliff),I am all feebleness--the mountains whirl Spinning around me----I grow blind----What art thou?,1,mountain,LANDSCAPE,band_1
s00102,Lord Byron,Manfred - Act I Scene II (Jungfrau cliff),I'll answer that anon.--Away with me----,0,,,band_0
s00103,Lord Byron,Manfred - Act I Scene II (Jungfrau cliff),"The clouds grow thicker----there--now lean on me-- Place your foot here--here, take this staff, and cling A moment to that shrub--now give me your hand, And hold fast by my girdle--softly--well-- 120",2,cloud; shrub,FLORA; WEATHER,band_2
s00104,Lord Byron,Manfred - Act I Scene II (Jungfrau cliff),"The Chalet will be gained within an hour: Come on, we'll quickly find a surer footing, And something like a pathway, which the torrent Hath washed since winter.--Come,'tis bravely done--",1,torrent,WEATHER,band_1
s00105,Lord Byron,Manfred - Act I Scene II (Jungfrau cliff),You should have been a hunter.--Follow me.,0,,,band_0
s00106,Lord Byron,Manfred - Act II Scene II (Witch of the Alps),"It is not noon--the Sunbow's raysstill arch The torrent with the many hues of heaven, And roll the sheeted silver's waving column O'er the crag's headlong perpendicular, And fling its lines of foaming light along, And to and fro, like the pale courser's tail, The Giant steed, to be bestrode by Death, As told in the Apocalypse.",5,courser; crag; giant; steed; torrent,FAUNA; LANDSCAPE; WEATHER,band_3plus
s00107,Lord Byron,Manfred - Act II Scene II (Witch of the Alps),"No eyes But mine now drink this sight of loveliness; I should be sole in this sweet solitude, 10 And with the Spirit of the place divide The homage of these waters.--I will call her.",0,,,band_0
s00108,Lord Byron,Manfred - Act II Scene II (Witch of the Alps),"Which of itself shows immortality, I read that thou wilt pardon to a Son Of Earth, whom the abstruser powers permit At times to commune with them--if that he 30 Avail him of his spells--to call thee thus, And gaze on thee a moment.",0,,,band_0
s00109,Lord Byron,Manfred - Act II Scene II (Witch of the Alps),Son of Earth!,0,,,band_0
s00110,Lord Byron,Manfred - Act II Scene II (Witch of the Alps),"I know thee, and the Powers which give thee power!",0,,,band_0
s00111,Lord Byron,Manfred - Act II Scene II (Witch of the Alps),"I know thee for a man of many thoughts, And deeds of good and ill, extreme in both, Fatal and fated in thy sufferings.",0,,,band_0
s00112,Lord Byron,Manfred - Act II Scene II (Witch of the Alps),I have expected this--what would'st thou with me?,0,,,band_0
s00113,Lord Byron,Manfred - Act II Scene II (Witch of the Alps),To look upon thy beauty--nothing further.,0,,,band_0
s00114,Lord Byron,Manfred - Act II Scene II (Witch of the Alps),"The face of the earth hath maddened me, and I Take refuge in her mysteries, and pierce 40 To the abodes of those who govern her--",0,,,band_0
s00115,Lord Byron,Manfred - Act II Scene II (Witch of the Alps),But they can nothing aid me.,0,,,band_0
s00116,Lord Byron,Manfred - Act II Scene II (Witch of the Alps),"I have sought From them what they could not bestow, and now I search no further.",0,,,band_0
s00117,Lord Byron,Manfred - Act II Scene II (Witch of the Alps),"What could be the quest Which is not in the power of the most powerful, The rulers of the invisible?",0,,,band_0
s00118,Lord Byron,Manfred - Act II Scene II (Witch of the Alps),A boon;-- But why should I repeat it?,0,,,band_0
s00119,Lord Byron,Manfred - Act II Scene II (Witch of the Alps),'twere in vain.,0,,,band_0
s00120,Lord Byron,Manfred - Act II Scene II (Witch of the Alps),I know not that; let thy lips utter it.,0,,,band_0
s00121,Lord Byron,Manfred - Act II Scene II (Witch of the Alps),"Well, though it torture me, 'tis but the same; My pang shall find a voice.",0,,,band_0
s00122,Lord Byron,Manfred - Act II Scene II (Witch of the Alps),"From my youth upwards 50 My Spirit walked not with the souls of men, Nor looked upon the earth with human eyes; The thirst of their ambition was not mine, The aim of their existence was not mine; My joys--my griefs--my passions--and my powers, Made me a stranger; though I wore the form, I had no sympathy with breathing flesh, Nor midst the Creatures of Clay that girded me Was there but One who--but of her anon.",1,creature,FAUNA,band_1
s00123,Lord Byron,Manfred - Act II Scene II (Witch of the Alps),"I said with men, and with the thoughts of men, 60 I held but slight communion; but instead, My joy was in the wilderness,--to breathe The difficult air of the iced mountain's top,Where the birds dare not build--nor insect's wing Flit o'er the herbless granite; or to plunge Into the torrent, and to roll along On the swift whirl of the new-breaking wave Of river-stream, or Ocean, in their flow.",9,air; bird; insect; mountain; ocean; river; stream; torrent; wave,FAUNA; LANDSCAPE; WEATHER,band_3plus
s00124,Lord Byron,Manfred - Act II Scene II (Witch of the Alps),"In these my early strength exulted; or To follow through the night the moving moon,70 The stars and their development; or catch The dazzling lightnings till my eyes grew dim; Or to look, list'ning, on the scattered leaves, While Autumn winds were at their evening song.",3,lightning; star; wind,WEATHER,band_3plus
s00125,Lord Byron,Manfred - Act II Scene II (Witch of the Alps),"These were my pastimes, and to be alone; For if the beings, of whom I was one,-- Hating to be so,--crossed me in my path, I felt myself degraded back to them, And was all clay again.",0,,,band_0
s00126,Lord Byron,Manfred - Act II Scene II (Witch of the Alps),"And then I dived, In my lone wanderings, to the caves of Death, 80 Searching its cause in its effect; and drew From withered bones, and skulls, and heaped up dust Conclusions most forbidden.",1,cave,LANDSCAPE,band_1
s00127,Lord Byron,Manfred - Act II Scene II (Witch of the Alps),"Then I passed-- The nights of years in sciences untaught, Save in the old-time; and with time and toil, And terrible ordeal, and such penance As in itself hath power upon the air, And spirits that do compass air and earth, Space, and the peopled Infinite, I made Mine eyes familiar with Eternity, 90 Such as, before me, did the Magi, and He who from out their fountain-dwellings raised Eros and Anteros,at Gadara, As I do thee;--and with my knowledge grew The thirst of knowledge, and the power and joy Of this most bright intelligence, until---- _",3,air; fountain,LANDSCAPE; WEATHER,band_3plus
s00128,Lord Byron,Manfred - Act II Scene II (Witch of the Alps),"I but thus prolonged my words, Boasting these idle attributes, because As I approach the core of my heart's grief--",0,,,band_0
s00129,Lord Byron,Manfred - Act II Scene II (Witch of the Alps),But--to my task.,0,,,band_0
s00130,Lord Byron,Manfred - Act II Scene II (Witch of the Alps),"I have not named to thee 100 Father or mother, mistress, friend, or being, With whom I wore the chain of human ties; If I had such, they seemed not such to me--",1,chain,LANDSCAPE,band_1
s00131,Lord Byron,Manfred - Act II Scene II (Witch of the Alps),Yet there was One---- _,0,,,band_0
s00132,Lord Byron,Manfred - Act II Scene II (Witch of the Alps),Spare not thyself--proceed.,0,,,band_0
s00133,Lord Byron,Manfred - Act II Scene II (Witch of the Alps),"She was like me in lineaments--her eyes-- Her hair--her features--all, to the very tone Even of her voice, they said were like to mine; But softened all, and tempered into beauty:",0,,,band_0
s00134,Lord Byron,Manfred - Act II Scene II (Witch of the Alps),"She had the same lone thoughts and wanderings, The quest of hidden knowledge, and a mind 110 To comprehend the Universe: nor these Alone, but with them gentler powers than mine, Pity, and smiles, and tears--which I had not; And tenderness--but that I had for her; Humility--and that I never had.",0,,,band_0
s00135,Lord Byron,Manfred - Act II Scene II (Witch of the Alps),"Her faults were mine--her virtues were her own-- I loved her, and destroyed her!",0,,,band_0
s00136,Lord Byron,Manfred - Act II Scene II (Witch of the Alps),With thy hand? _Man_.,0,,,band_0
s00137,Lord Byron,Manfred - Act II Scene II (Witch of the Alps),"Not with my hand, but heart, which broke her heart; It gazed on mine, and withered.",0,,,band_0
s00138,Lord Byron,Manfred - Act II Scene II (Witch of the Alps),"I have shed Blood, but not hers--and yet her blood was shed; 120 I saw--and could not stanch it.",0,,,band_0
s00139,Lord Byron,Manfred - Act II Scene II (Witch of the Alps),And for this-- A being of the race thou dost despise--,0,,,band_0
s00140,Lord Byron,Manfred - Act II Scene II (Witch of the Alps),"The order, which thine own would rise above, Mingling with us and ours,--thou dost forego",0,,,band_0
s00141,Lord Byron,Manfred - Act II Scene II (Witch of the Alps),"The gifts of our great knowledge, and shrink'st back To recreant mortality----Away!",0,,,band_0
s00142,Lord Byron,Manfred - Act II Scene II (Witch of the Alps),Daughter of Air!,1,air,WEATHER,band_1
s00143,Lord Byron,Manfred - Act II Scene II (Witch of the Alps),"I tell thee, since that hour--",0,,,band_0
s00144,Lord Byron,Manfred - Act II Scene II (Witch of the Alps),"But words are breath--look on me in my sleep, Or watch my watchings--Come and sit by me!",0,,,band_0
s00145,Lord Byron,Manfred - Act II Scene II (Witch of the Alps),"My solitude is solitude no more, 130 But peopled with the Furies;--I have gnashed My teeth in darkness till returning morn, Then cursed myself till sunset;--I have prayed For madness as a blessing--'tis denied me.",0,,,band_0
s00146,Lord Byron,Manfred - Act II Scene II (Witch of the Alps),"I have affronted Death--but in the war Of elements the waters shrunk from me,And fatal things passed harmless; the cold hand Of an all-pitiless Demon held me back, Back by a single hair, which would not break.",1,water,LANDSCAPE,band_1
s00147,Lord Byron,Manfred - Act II Scene II (Witch of the Alps),"In Fantasy, Imagination, all 140 The affluence of my soul--which one day was A Croesus in creation--I plunged deep, But, like an ebbing wave, it dashed me back Into the gulf of my unfathomed thought.",2,gulf; wave,LANDSCAPE; WEATHER,band_2
s00148,Lord Byron,Manfred - Act II Scene II (Witch of the Alps),"I plunged amidst Mankind--ForgetfulnessI sought in all, save where 'tis to be found-- And that I have to learn--my Sciences, My long pursued and superhuman art, Is mortal here: I dwell in my despair-- And live--and live for ever._Witch_.",0,,,band_0
s00149,Lord Byron,Manfred - Act II Scene II (Witch of the Alps),It may be 150 That I can aid thee.,0,,,band_0
s00150,Lord Byron,Manfred - Act II Scene II (Witch of the Alps),"To do this thy power Must wake the dead, or lay me low with them.",0,,,band_0
s00151,Lord Byron,Manfred - Act II Scene II (Witch of the Alps),Do so--in any shape--in any hour-- With any torture--so it be the last.,0,,,band_0
s00152,Lord Byron,Manfred - Act II Scene II (Witch of the Alps),"That is not in my province; but if thou Wilt swear obedience to my will, and do My bidding, it may help thee to thy wishes.",0,,,band_0
s00153,Lord Byron,Manfred - Act II Scene II (Witch of the Alps),I will not swear--Obey! and whom?,0,,,band_0
s00154,Lord Byron,Manfred - Act II Scene II (Witch of the Alps),"the Spirits Whose presence I command, and be the slave Of those who served me--Never! _",0,,,band_0
s00155,Lord Byron,Manfred - Act II Scene II (Witch of the Alps),Is this all?,0,,,band_0
s00156,Lord Byron,Manfred - Act II Scene II (Witch of the Alps),"Hast thou no gentler answer?--Yet bethink thee, And pause ere thou rejectest.",0,,,band_0
s00157,Lord Byron,Manfred - Act II Scene II (Witch of the Alps),I have said it.,0,,,band_0
s00158,Lord Byron,Manfred - Act II Scene II (Witch of the Alps),I may retire then--say! _,0,,,band_0
s00159,Lord Byron,Manfred - Act II Scene II (Witch of the Alps),"We are the fools of Time and Terror: Days Steal on us, and steal from us; yet we live, Loathing our life, and dreading still to die.",0,,,band_0
s00160,Lord Byron,Manfred - Act II Scene II (Witch of the Alps),In all the days of this detested yoke--,0,,,band_0
s00161,Lord Byron,Manfred - Act II Scene II (Witch of the Alps),"This vital weight upon the struggling heart, Which sinks with sorrow, or beats quick with pain, Or joy that ends in agony or faintness-- 170",0,,,band_0
s00162,Lord Byron,Manfred - Act II Scene II (Witch of the Alps),"In all the days of past and future--for In life there is no present--we can number How few--how less than few--wherein the soul Forbears to pant for death, and yet draws back As from a stream in winter, though the chillBe but a moment's.",1,stream,LANDSCAPE,band_1
s00163,Lord Byron,Manfred - Act II Scene II (Witch of the Alps),"I have one resource Still in my science--I can call the dead, And ask them what it is we dread to be: The sternest answer can but be the Grave, And that is nothing: if they answer not-- 180 The buried Prophet answered to the Hag Of Endor; and the Spartan Monarch drew From the Byzantine maid's unsleeping spirit An answer and his destiny--he slew That which he loved, unknowing what he slew, And died unpardoned--though he called in aid The Phyxian Jove, and in Phigalia roused The Arcadian Evocators to compel The indignant shadow to depose her wrath, Or fix her term of vengeance--she replied 190",2,hag; monarch,FAUNA,band_2
s00164,Lord Byron,Manfred - Act II Scene II (Witch of the Alps),"In words of dubious import, but fulfilled.",0,,,band_0
s00165,Lord Byron,Manfred - Act II Scene II (Witch of the Alps),"If I had never lived, that which I love Had still been living; had I never loved, That which I love would still be beautiful, Happy and giving happiness.",0,,,band_0
s00166,Lord Byron,Manfred - Act II Scene II (Witch of the Alps),What is she?,0,,,band_0
s00167,Lord Byron,Manfred - Act II Scene II (Witch of the Alps),What is she now?--a sufferer for my sins-- A thing I dare not think upon--or nothing.,0,,,band_0
s00168,Lord Byron,Manfred - Act II Scene II (Witch of the Alps),Within few hours I shall not call in vain--,0,,,band_0
s00169,Lord Byron,Manfred - Act II Scene II (Witch of the Alps),"Yet in this hour I dread the thing I dare: Until this hour I never shrunk to gaze 200 On spirit, good or evil--now I tremble, And feel a strange cold thaw upon my heart.",1,thaw,WEATHER,band_1
s00170,Lord Byron,Manfred - Act II Scene II (Witch of the Alps),"But I can act even what I most abhor, And champion human fears.--The night approaches.",0,,,band_0
s00171,Mary Shelley,Frankenstein - Chapter 10 (Mont Blanc / glacier scene),I spent the following day roaming through the valley.,1,valley,LANDSCAPE,band_1
s00172,Mary Shelley,Frankenstein - Chapter 10 (Mont Blanc / glacier scene),"I stood beside the sources of the Arveiron, which take their rise in a glacier, that with slow pace is advancing down from the summit of the hills to barricade the valley.",4,glacier; hill; rise; valley,LANDSCAPE,band_3plus
s00173,Mary Shelley,Frankenstein - Chapter 10 (Mont Blanc / glacier scene),"The abrupt sides of vast mountains were before me; the icy wall of the glacier overhung me; a few shattered pines were scattered around; and the solemn silence of this glorious presence-chamber of imperial Nature was broken only by the brawling waves or the fall of some vast fragment, the thunder sound of the avalanche or the cracking, reverberated along the mountains, of the accumulated ice, which, through the silent working of immutable laws, was ever and anon rent and torn, as if it had been but a plaything in their hands.",6,fall; mountain; pine; wall; wave,FLORA; LANDSCAPE; WEATHER,band_3plus
s00174,Mary Shelley,Frankenstein - Chapter 10 (Mont Blanc / glacier scene),These sublime and magnificent scenes afforded me the greatest consolation that I was capable of receiving.,0,,,band_0
s00175,Mary Shelley,Frankenstein - Chapter 10 (Mont Blanc / glacier scene),"They elevated me from all littleness of feeling, and although they did not remove my grief, they subdued and tranquillised it.",0,,,band_0
s00176,Mary Shelley,Frankenstein - Chapter 10 (Mont Blanc / glacier scene),"In some degree, also, they diverted my mind from the thoughts over which it had brooded for the last month.",0,,,band_0
s00177,Mary Shelley,Frankenstein - Chapter 10 (Mont Blanc / glacier scene),"I retired to rest at night; my slumbers, as it were, waited on and ministered to by the assemblance of grand shapes which I had contemplated during the day.",0,,,band_0
s00178,Mary Shelley,Frankenstein - Chapter 10 (Mont Blanc / glacier scene),"They congregated round me; the unstained snowy mountain-top, the glittering pinnacle, the pine woods, and ragged bare ravine, the eagle, soaring amidst the clouds—they all gathered round me and bade me be at peace.",6,cloud; eagle; mountain; pine; ravine; wood,FAUNA; FLORA; LANDSCAPE; WEATHER,band_3plus
s00179,Mary Shelley,Frankenstein - Chapter 10 (Mont Blanc / glacier scene),Where had they fled when the next morning I awoke?,0,,,band_0
s00180,Mary Shelley,Frankenstein - Chapter 10 (Mont Blanc / glacier scene),"All of soul-inspiriting fled with sleep, and dark melancholy clouded every thought.",0,,,band_0
s00181,Mary Shelley,Frankenstein - Chapter 10 (Mont Blanc / glacier scene),"The rain was pouring in torrents, and thick mists hid the summits of the mountains, so that I even saw not the faces of those mighty friends.",3,mountain; rain; torrent,LANDSCAPE; WEATHER,band_3plus
s00182,Mary Shelley,Frankenstein - Chapter 10 (Mont Blanc / glacier scene),Still I would penetrate their misty veil and seek them in their cloudy retreats.,0,,,band_0
s00183,Mary Shelley,Frankenstein - Chapter 10 (Mont Blanc / glacier scene),What were rain and storm to me?,2,rain; storm,WEATHER,band_2
s00184,Mary Shelley,Frankenstein - Chapter 10 (Mont Blanc / glacier scene),"My mule was brought to the door, and I resolved to ascend to the summit of Montanvert.",1,mule,FAUNA,band_1
s00185,Mary Shelley,Frankenstein - Chapter 10 (Mont Blanc / glacier scene),I remembered the effect that the view of the tremendous and ever-moving glacier had produced upon my mind when I first saw it.,1,glacier,LANDSCAPE,band_1
s00186,Mary Shelley,Frankenstein - Chapter 10 (Mont Blanc / glacier scene),It had then filled me with a sublime ecstasy that gave wings to the soul and allowed it to soar from the obscure world to light and joy.,0,,,band_0
s00187,Mary Shelley,Frankenstein - Chapter 10 (Mont Blanc / glacier scene),The sight of the awful and majestic in nature had indeed always the effect of solemnising my mind and causing me to forget the passing cares of life.,0,,,band_0
s00188,Mary Shelley,Frankenstein - Chapter 10 (Mont Blanc / glacier scene),"I determined to go without a guide, for I was well acquainted with the path, and the presence of another would destroy the solitary grandeur of the scene.",0,,,band_0
s00189,Mary Shelley,Frankenstein - Chapter 10 (Mont Blanc / glacier scene),"The ascent is precipitous, but the path is cut into continual and short windings, which enable you to surmount the perpendicularity of the mountain.",2,ascent; mountain,LANDSCAPE,band_2
s00190,Mary Shelley,Frankenstein - Chapter 10 (Mont Blanc / glacier scene),It is a scene terrifically desolate.,0,,,band_0
s00191,Mary Shelley,Frankenstein - Chapter 10 (Mont Blanc / glacier scene),"In a thousand spots the traces of the winter avalanche may be perceived, where trees lie broken and strewed on the ground, some entirely destroyed, others bent, leaning upon the jutting rocks of the mountain or transversely upon other trees.",3,mountain; tree,FLORA; LANDSCAPE,band_3plus
s00192,Mary Shelley,Frankenstein - Chapter 10 (Mont Blanc / glacier scene),"The path, as you ascend higher, is intersected by ravines of snow, down which stones continually roll from above; one of them is particularly dangerous, as the slightest sound, such as even speaking in a loud voice, produces a concussion of air sufficient to draw destruction upon the head of the speaker.",3,air; ravine; snow,LANDSCAPE; WEATHER,band_3plus
s00193,Mary Shelley,Frankenstein - Chapter 10 (Mont Blanc / glacier scene),"The pines are not tall or luxuriant, but they are sombre and add an air of severity to the scene.",2,air; pine,FLORA; WEATHER,band_2
s00194,Mary Shelley,Frankenstein - Chapter 10 (Mont Blanc / glacier scene),"I looked on the valley beneath; vast mists were rising from the rivers which ran through it and curling in thick wreaths around the opposite mountains, whose summits were hid in the uniform clouds, while rain poured from the dark sky and added to the melancholy impression I received from the objects around me.",5,cloud; mountain; rain; river; valley,LANDSCAPE; WEATHER,band_3plus
s00195,Mary Shelley,Frankenstein - Chapter 10 (Mont Blanc / glacier scene),Why does man boast of sensibilities superior to those apparent in the brute; it only renders them more necessary beings.,1,brute,FAUNA,band_1
s00196,Mary Shelley,Frankenstein - Chapter 10 (Mont Blanc / glacier scene),"If our impulses were confined to hunger, thirst, and desire, we might be nearly free; but now we are moved by every wind that blows and a chance word or scene that that word may convey to us.",1,wind,WEATHER,band_1
s00197,Mary Shelley,Frankenstein - Chapter 10 (Mont Blanc / glacier scene),We rest; a dream has power to poison sleep.,0,,,band_0
s00198,Mary Shelley,Frankenstein - Chapter 10 (Mont Blanc / glacier scene),We rise; one wand’ring thought pollutes the day.,0,,,band_0
s00199,Mary Shelley,Frankenstein - Chapter 10 (Mont Blanc / glacier scene),"We feel, conceive, or reason; laugh or weep, Embrace fond woe, or cast our cares away; It is the same: for, be it joy or sorrow, The path of its departure still is free.",0,,,band_0
s00200,Mary Shelley,Frankenstein - Chapter 10 (Mont Blanc / glacier scene),Man’s yesterday may ne’er be like his morrow; Nought may endure but mutability!,0,,,band_0
s00201,Mary Shelley,Frankenstein - Chapter 10 (Mont Blanc / glacier scene),It was nearly noon when I arrived at the top of the ascent.,1,ascent,LANDSCAPE,band_1
s00202,Mary Shelley,Frankenstein - Chapter 10 (Mont Blanc / glacier scene),For some time I sat upon the rock that overlooks the sea of ice.,1,sea,LANDSCAPE,band_1
s00203,Mary Shelley,Frankenstein - Chapter 10 (Mont Blanc / glacier scene),A mist covered both that and the surrounding mountains.,1,mountain,LANDSCAPE,band_1
s00204,Mary Shelley,Frankenstein - Chapter 10 (Mont Blanc / glacier scene),"Presently a breeze dissipated the cloud, and I descended upon the glacier.",3,breeze; cloud; glacier,LANDSCAPE; WEATHER,band_3plus
s00205,Mary Shelley,Frankenstein - Chapter 10 (Mont Blanc / glacier scene),"The surface is very uneven, rising like the waves of a troubled sea, descending low, and interspersed by rifts that sink deep.",2,sea; wave,LANDSCAPE; WEATHER,band_2
s00206,Mary Shelley,Frankenstein - Chapter 10 (Mont Blanc / glacier scene),"The field of ice is almost a league in width, but I spent nearly two hours in crossing it.",0,,,band_0
s00207,Mary Shelley,Frankenstein - Chapter 10 (Mont Blanc / glacier scene),The opposite mountain is a bare perpendicular rock.,1,mountain,LANDSCAPE,band_1
s00208,Mary Shelley,Frankenstein - Chapter 10 (Mont Blanc / glacier scene),"From the side where I now stood Montanvert was exactly opposite, at the distance of a league; and above it rose Mont Blanc, in awful majesty.",0,,,band_0
s00209,Mary Shelley,Frankenstein - Chapter 10 (Mont Blanc / glacier scene),"I remained in a recess of the rock, gazing on this wonderful and stupendous scene.",1,recess,LANDSCAPE,band_1
s00210,Mary Shelley,Frankenstein - Chapter 10 (Mont Blanc / glacier scene),"The sea, or rather the vast river of ice, wound among its dependent mountains, whose aerial summits hung over its recesses.",4,mountain; recess; river; sea,LANDSCAPE,band_3plus
s00211,Mary Shelley,Frankenstein - Chapter 10 (Mont Blanc / glacier scene),Their icy and glittering peaks shone in the sunlight over the clouds.,1,cloud,WEATHER,band_1
s00212,Mary Shelley,Frankenstein - Chapter 10 (Mont Blanc / glacier scene),"My heart, which was before sorrowful, now swelled with something like joy; I exclaimed, “Wandering spirits, if indeed ye wander, and do not rest in your narrow beds, allow me this faint happiness, or take me, as your companion, away from the joys of life.”",1,bed,LANDSCAPE,band_1
s00213,Mary Shelley,Frankenstein - Chapter 10 (Mont Blanc / glacier scene),"As I said this I suddenly beheld the figure of a man, at some distance, advancing towards me with superhuman speed.",0,,,band_0
s00214,Mary Shelley,Frankenstein - Chapter 10 (Mont Blanc / glacier scene),"He bounded over the crevices in the ice, among which I had walked with caution; his stature, also, as he approached, seemed to exceed that of man.",0,,,band_0
s00215,Mary Shelley,Frankenstein - Chapter 10 (Mont Blanc / glacier scene),"I was troubled; a mist came over my eyes, and I felt a faintness seize me, but I was quickly restored by the cold gale of the mountains.",2,gale; mountain,LANDSCAPE; WEATHER,band_2
s00216,Mary Shelley,Frankenstein - Chapter 10 (Mont Blanc / glacier scene),"I perceived, as the shape came nearer (sight tremendous and abhorred!)",0,,,band_0
s00217,Mary Shelley,Frankenstein - Chapter 10 (Mont Blanc / glacier scene),that it was the wretch whom I had created.,0,,,band_0
s00218,Mary Shelley,Frankenstein - Chapter 10 (Mont Blanc / glacier scene),"I trembled with rage and horror, resolving to wait his approach and then close with him in mortal combat.",0,,,band_0
s00219,Mary Shelley,Frankenstein - Chapter 10 (Mont Blanc / glacier scene),"He approached; his countenance bespoke bitter anguish, combined with disdain and malignity, while its unearthly ugliness rendered it almost too horrible for human eyes.",0,,,band_0
s00220,Mary Shelley,Frankenstein - Chapter 10 (Mont Blanc / glacier scene),"But I scarcely observed this; rage and hatred had at first deprived me of utterance, and I recovered only to overwhelm him with words expressive of furious detestation and contempt.",0,,,band_0
s00221,Mary Shelley,Frankenstein - Chapter 10 (Mont Blanc / glacier scene),"“Devil,” I exclaimed, “do you dare approach me?",0,,,band_0
s00222,Mary Shelley,Frankenstein - Chapter 10 (Mont Blanc / glacier scene),And do not you fear the fierce vengeance of my arm wreaked on your miserable head?,0,,,band_0
s00223,Mary Shelley,Frankenstein - Chapter 10 (Mont Blanc / glacier scene),"Begone, vile insect!",1,insect,FAUNA,band_1
s00224,Mary Shelley,Frankenstein - Chapter 10 (Mont Blanc / glacier scene),"Or rather, stay, that I may trample you to dust!",0,,,band_0
s00225,Mary Shelley,Frankenstein - Chapter 10 (Mont Blanc / glacier scene),"That I could, with the extinction of your miserable existence, restore those victims whom you have so diabolically murdered!”",0,,,band_0
s00226,Mary Shelley,Frankenstein - Chapter 10 (Mont Blanc / glacier scene),"“I expected this reception,” said the dæmon.",0,,,band_0
s00227,Mary Shelley,Frankenstein - Chapter 10 (Mont Blanc / glacier scene),"“All men hate the wretched; how, then, must I be hated, who am miserable beyond all living things!",0,,,band_0
s00228,Mary Shelley,Frankenstein - Chapter 10 (Mont Blanc / glacier scene),"Yet you, my creator, detest and spurn me, thy creature, to whom thou art bound by ties only dissoluble by the annihilation of one of us.",1,creature,FAUNA,band_1
s00229,Mary Shelley,Frankenstein - Chapter 10 (Mont Blanc / glacier scene),You purpose to kill me.,0,,,band_0
s00230,Mary Shelley,Frankenstein - Chapter 10 (Mont Blanc / glacier scene),How dare you sport thus with life?,0,,,band_0
s00231,Mary Shelley,Frankenstein - Chapter 10 (Mont Blanc / glacier scene),"Do your duty towards me, and I will do mine towards you and the rest of mankind.",0,,,band_0
s00232,Mary Shelley,Frankenstein - Chapter 10 (Mont Blanc / glacier scene),"If you will comply with my conditions, I will leave them and you at peace; but if you refuse, I will glut the maw of death, until it be satiated with the blood of your remaining friends.”",0,,,band_0
s00233,Mary Shelley,Frankenstein - Chapter 10 (Mont Blanc / glacier scene),Fiend that thou art!,0,,,band_0
s00234,Mary Shelley,Frankenstein - Chapter 10 (Mont Blanc / glacier scene),The tortures of hell are too mild a vengeance for thy crimes.,0,,,band_0
s00235,Mary Shelley,Frankenstein - Chapter 10 (Mont Blanc / glacier scene),"You reproach me with your creation, come on, then, that I may extinguish the spark which I so negligently bestowed.”",0,,,band_0
s00236,Mary Shelley,Frankenstein - Chapter 10 (Mont Blanc / glacier scene),"My rage was without bounds; I sprang on him, impelled by all the feelings which can arm one being against the existence of another.",0,,,band_0
s00237,Mary Shelley,Frankenstein - Chapter 10 (Mont Blanc / glacier scene),"He easily eluded me and said, “Be calm!",0,,,band_0
s00238,Mary Shelley,Frankenstein - Chapter 10 (Mont Blanc / glacier scene),I entreat you to hear me before you give vent to your hatred on my devoted head.,0,,,band_0
s00239,Mary Shelley,Frankenstein - Chapter 10 (Mont Blanc / glacier scene),"Have I not suffered enough, that you seek to increase my misery?",0,,,band_0
s00240,Mary Shelley,Frankenstein - Chapter 10 (Mont Blanc / glacier scene),"Life, although it may only be an accumulation of anguish, is dear to me, and I will defend it.",0,,,band_0
s00241,Mary Shelley,Frankenstein - Chapter 10 (Mont Blanc / glacier scene),"Remember, thou hast made me more powerful than thyself; my height is superior to thine, my joints more supple.",0,,,band_0
s00242,Mary Shelley,Frankenstein - Chapter 10 (Mont Blanc / glacier scene),But I will not be tempted to set myself in opposition to thee.,0,,,band_0
s00243,Mary Shelley,Frankenstein - Chapter 10 (Mont Blanc / glacier scene),"I am thy creature, and I will be even mild and docile to my natural lord and king if thou wilt also perform thy part, the which thou owest me.",1,creature,FAUNA,band_1
s00244,Mary Shelley,Frankenstein - Chapter 10 (Mont Blanc / glacier scene),"Oh, Frankenstein, be not equitable to every other and trample upon me alone, to whom thy justice, and even thy clemency and affection, is most due.",1,clemency,WEATHER,band_1
s00245,Mary Shelley,Frankenstein - Chapter 10 (Mont Blanc / glacier scene),"Remember that I am thy creature; I ought to be thy Adam, but I am rather the fallen angel, whom thou drivest from joy for no misdeed.",1,creature,FAUNA,band_1
s00246,Mary Shelley,Frankenstein - Chapter 10 (Mont Blanc / glacier scene),"Everywhere I see bliss, from which I alone am irrevocably excluded.",0,,,band_0
s00247,Mary Shelley,Frankenstein - Chapter 10 (Mont Blanc / glacier scene),I was benevolent and good; misery made me a fiend.,0,,,band_0
s00248,Mary Shelley,Frankenstein - Chapter 10 (Mont Blanc / glacier scene),"Make me happy, and I shall again be virtuous.”",0,,,band_0
s00249,Mary Shelley,Frankenstein - Chapter 10 (Mont Blanc / glacier scene),I will not hear you.,0,,,band_0
s00250,Mary Shelley,Frankenstein - Chapter 10 (Mont Blanc / glacier scene),There can be no community between you and me; we are enemies.,0,,,band_0
s00251,Mary Shelley,Frankenstein - Chapter 10 (Mont Blanc / glacier scene),"Begone, or let us try our strength in a fight, in which one must fall.”",0,,,band_0
s00252,Mary Shelley,Frankenstein - Chapter 10 (Mont Blanc / glacier scene),“How can I move thee?,0,,,band_0
s00253,Mary Shelley,Frankenstein - Chapter 10 (Mont Blanc / glacier scene),"Will no entreaties cause thee to turn a favourable eye upon thy creature, who implores thy goodness and compassion?",1,creature,FAUNA,band_1
s00254,Mary Shelley,Frankenstein - Chapter 10 (Mont Blanc / glacier scene),"Believe me, Frankenstein, I was benevolent; my soul glowed with love and humanity; but am I not alone, miserably alone?",1,humanity,FAUNA,band_1
s00255,Mary Shelley,Frankenstein - Chapter 10 (Mont Blanc / glacier scene),"You, my creator, abhor me; what hope can I gather from your fellow creatures, who owe me nothing?",1,creature,FAUNA,band_1
s00256,Mary Shelley,Frankenstein - Chapter 10 (Mont Blanc / glacier scene),They spurn and hate me.,0,,,band_0
s00257,Mary Shelley,Frankenstein - Chapter 10 (Mont Blanc / glacier scene),The desert mountains and dreary glaciers are my refuge.,2,glacier; mountain,LANDSCAPE,band_2
s00258,Mary Shelley,Frankenstein - Chapter 10 (Mont Blanc / glacier scene),"I have wandered here many days; the caves of ice, which I only do not fear, are a dwelling to me, and the only one which man does not grudge.",1,cave,LANDSCAPE,band_1
s00259,Mary Shelley,Frankenstein - Chapter 10 (Mont Blanc / glacier scene),"These bleak skies I hail, for they are kinder to me than your fellow beings.",0,,,band_0
s00260,Mary Shelley,Frankenstein - Chapter 10 (Mont Blanc / glacier scene),"If the multitude of mankind knew of my existence, they would do as you do, and arm themselves for my destruction.",0,,,band_0
s00261,Mary Shelley,Frankenstein - Chapter 10 (Mont Blanc / glacier scene),Shall I not then hate them who abhor me?,0,,,band_0
s00262,Mary Shelley,Frankenstein - Chapter 10 (Mont Blanc / glacier scene),I will keep no terms with my enemies.,0,,,band_0
s00263,Mary Shelley,Frankenstein - Chapter 10 (Mont Blanc / glacier scene),"I am miserable, and they shall share my wretchedness.",0,,,band_0
s00264,Mary Shelley,Frankenstein - Chapter 10 (Mont Blanc / glacier scene),"Yet it is in your power to recompense me, and deliver them from an evil which it only remains for you to make so great, that not only you and your family, but thousands of others, shall be swallowed up in the whirlwinds of its rage.",1,whirlwind,WEATHER,band_1
s00265,Mary Shelley,Frankenstein - Chapter 10 (Mont Blanc / glacier scene),"Let your compassion be moved, and do not disdain me.",0,,,band_0
s00266,Mary Shelley,Frankenstein - Chapter 10 (Mont Blanc / glacier scene),"Listen to my tale; when you have heard that, abandon or commiserate me, as you shall judge that I deserve.",0,,,band_0
s00267,Mary Shelley,Frankenstein - Chapter 10 (Mont Blanc / glacier scene),But hear me.,0,,,band_0
s00268,Mary Shelley,Frankenstein - Chapter 10 (Mont Blanc / glacier scene),"The guilty are allowed, by human laws, bloody as they are, to speak in their own defence before they are condemned.",0,,,band_0
s00269,Mary Shelley,Frankenstein - Chapter 10 (Mont Blanc / glacier scene),"Listen to me, Frankenstein.",0,,,band_0
s00270,Mary Shelley,Frankenstein - Chapter 10 (Mont Blanc / glacier scene),"You accuse me of murder, and yet you would, with a satisfied conscience, destroy your own creature.",1,creature,FAUNA,band_1
s00271,Mary Shelley,Frankenstein - Chapter 10 (Mont Blanc / glacier scene),"Oh, praise the eternal justice of man!",0,,,band_0
s00272,Mary Shelley,Frankenstein - Chapter 10 (Mont Blanc / glacier scene),"Yet I ask you not to spare me; listen to me, and then, if you can, and if you will, destroy the work of your hands.”",0,,,band_0
s00273,Mary Shelley,Frankenstein - Chapter 10 (Mont Blanc / glacier scene),"“Why do you call to my remembrance,” I rejoined, “circumstances of which I shudder to reflect, that I have been the miserable origin and author?",0,,,band_0
s00274,Mary Shelley,Frankenstein - Chapter 10 (Mont Blanc / glacier scene),"Cursed be the day, abhorred devil, in which you first saw light!",0,,,band_0
s00275,Mary Shelley,Frankenstein - Chapter 10 (Mont Blanc / glacier scene),Cursed (although I curse myself) be the hands that formed you!,0,,,band_0
s00276,Mary Shelley,Frankenstein - Chapter 10 (Mont Blanc / glacier scene),You have made me wretched beyond expression.,0,,,band_0
s00277,Mary Shelley,Frankenstein - Chapter 10 (Mont Blanc / glacier scene),You have left me no power to consider whether I am just to you or not.,0,,,band_0
s00278,Mary Shelley,Frankenstein - Chapter 10 (Mont Blanc / glacier scene),Relieve me from the sight of your detested form.”,0,,,band_0
s00279,Mary Shelley,Frankenstein - Chapter 10 (Mont Blanc / glacier scene),"“Thus I relieve thee, my creator,” he said, and placed his hated hands before my eyes, which I flung from me with violence; “thus I take from thee a sight which you abhor.",0,,,band_0
s00280,Mary Shelley,Frankenstein - Chapter 10 (Mont Blanc / glacier scene),Still thou canst listen to me and grant me thy compassion.,0,,,band_0
s00281,Mary Shelley,Frankenstein - Chapter 10 (Mont Blanc / glacier scene),"By the virtues that I once possessed, I demand this from you.",0,,,band_0
s00282,Mary Shelley,Frankenstein - Chapter 10 (Mont Blanc / glacier scene),"Hear my tale; it is long and strange, and the temperature of this place is not fitting to your fine sensations; come to the hut upon the mountain.",1,mountain,LANDSCAPE,band_1
s00283,Mary Shelley,Frankenstein - Chapter 10 (Mont Blanc / glacier scene),"The sun is yet high in the heavens; before it descends to hide itself behind your snowy precipices and illuminate another world, you will have heard my story and can decide.",2,precipice; sun,LANDSCAPE; WEATHER,band_2
s00284,Mary Shelley,Frankenstein - Chapter 10 (Mont Blanc / glacier scene),"On you it rests, whether I quit for ever the neighbourhood of man and lead a harmless life, or become the scourge of your fellow creatures and the author of your own speedy ruin.”",1,creature,FAUNA,band_1
s00285,Mary Shelley,Frankenstein - Chapter 10 (Mont Blanc / glacier scene),As he said this he led the way across the ice; I followed.,0,,,band_0
s00286,Mary Shelley,Frankenstein - Chapter 10 (Mont Blanc / glacier scene),"My heart was full, and I did not answer him, but as I proceeded, I weighed the various arguments that he had used and determined at least to listen to his tale.",0,,,band_0
s00287,Mary Shelley,Frankenstein - Chapter 10 (Mont Blanc / glacier scene),"I was partly urged by curiosity, and compassion confirmed my resolution.",0,,,band_0
s00288,Mary Shelley,Frankenstein - Chapter 10 (Mont Blanc / glacier scene),"I had hitherto supposed him to be the murderer of my brother, and I eagerly sought a confirmation or denial of this opinion.",0,,,band_0
s00289,Mary Shelley,Frankenstein - Chapter 10 (Mont Blanc / glacier scene),"For the first time, also, I felt what the duties of a creator towards his creature were, and that I ought to render him happy before I complained of his wickedness.",1,creature,FAUNA,band_1
s00290,Mary Shelley,Frankenstein - Chapter 10 (Mont Blanc / glacier scene),These motives urged me to comply with his demand.,0,,,band_0
s00291,Mary Shelley,Frankenstein - Chapter 10 (Mont Blanc / glacier scene),"We crossed the ice, therefore, and ascended the opposite rock.",0,,,band_0
s00292,Mary Shelley,Frankenstein - Chapter 10 (Mont Blanc / glacier scene),"The air was cold, and the rain again began to descend; we entered the hut, the fiend with an air of exultation, I with a heavy heart and depressed spirits.",3,air; rain,WEATHER,band_3plus
s00293,Mary Shelley,Frankenstein - Chapter 10 (Mont Blanc / glacier scene),"But I consented to listen, and seating myself by the fire which my odious companion had lighted, he thus began his tale.",0,,,band_0
s00294,Mary Shelley,Frankenstein - Letters 1-4 (Arctic frame),You will rejoice to hear that no disaster has accompanied the commencement of an enterprise which you have regarded with such evil forebodings.,0,,,band_0
s00295,Mary Shelley,Frankenstein - Letters 1-4 (Arctic frame),"I arrived here yesterday, and my first task is to assure my dear sister of my welfare and increasing confidence in the success of my undertaking.",0,,,band_0
s00296,Mary Shelley,Frankenstein - Letters 1-4 (Arctic frame),"I am already far north of London, and as I walk in the streets of Petersburgh, I feel a cold northern breeze play upon my cheeks, which braces my nerves and fills me with delight.",1,breeze,WEATHER,band_1
s00297,Mary Shelley,Frankenstein - Letters 1-4 (Arctic frame),Do you understand this feeling?,0,,,band_0
s00298,Mary Shelley,Frankenstein - Letters 1-4 (Arctic frame),"This breeze, which has travelled from the regions towards which I am advancing, gives me a foretaste of those icy climes.",1,breeze,WEATHER,band_1
s00299,Mary Shelley,Frankenstein - Letters 1-4 (Arctic frame),"Inspirited by this wind of promise, my daydreams become more fervent and vivid.",1,wind,WEATHER,band_1
s00300,Mary Shelley,Frankenstein - Letters 1-4 (Arctic frame),I try in vain to be persuaded that the pole is the seat of frost and desolation; it ever presents itself to my imagination as the region of beauty and delight.,1,frost,WEATHER,band_1
s00301,Mary Shelley,Frankenstein - Letters 1-4 (Arctic frame),"There, Margaret, the sun is for ever visible, its broad disk just skirting the horizon and diffusing a perpetual splendour.",1,sun,WEATHER,band_1
s00302,Mary Shelley,Frankenstein - Letters 1-4 (Arctic frame),"There—for with your leave, my sister, I will put some trust in preceding navigators—there snow and frost are banished; and, sailing over a calm sea, we may be wafted to a land surpassing in wonders and in beauty every region hitherto discovered on the habitable globe.",3,frost; sea; snow,LANDSCAPE; WEATHER,band_3plus
s00303,Mary Shelley,Frankenstein - Letters 1-4 (Arctic frame),"Its productions and features may be without example, as the phenomena of the heavenly bodies undoubtedly are in those undiscovered solitudes.",1,heavenly body,WEATHER,band_1
s00304,Mary Shelley,Frankenstein - Letters 1-4 (Arctic frame),What may not be expected in a country of eternal light?,0,,,band_0
s00305,Mary Shelley,Frankenstein - Letters 1-4 (Arctic frame),I may there discover the wondrous power which attracts the needle and may regulate a thousand celestial observations that require only this voyage to render their seeming eccentricities consistent for ever.,0,,,band_0
s00306,Mary Shelley,Frankenstein - Letters 1-4 (Arctic frame),"I shall satiate my ardent curiosity with the sight of a part of the world never before visited, and may tread a land never before imprinted by the foot of man.",0,,,band_0
s00307,Mary Shelley,Frankenstein - Letters 1-4 (Arctic frame),"These are my enticements, and they are sufficient to conquer all fear of danger or death and to induce me to commence this laborious voyage with the joy a child feels when he embarks in a little boat, with his holiday mates, on an expedition of discovery up his native river.",2,mate; river,FAUNA; FLORA; LANDSCAPE,band_2
s00308,Mary Shelley,Frankenstein - Letters 1-4 (Arctic frame),"But supposing all these conjectures to be false, you cannot contest the inestimable benefit which I shall confer on all mankind, to the last generation, by discovering a passage near the pole to those countries, to reach which at present so many months are requisite; or by ascertaining the secret of the magnet, which, if at all possible, can only be effected by an undertaking such as mine.",0,,,band_0
s00309,Mary Shelley,Frankenstein - Letters 1-4 (Arctic frame),"These reflections have dispelled the agitation with which I began my letter, and I feel my heart glow with an enthusiasm which elevates me to heaven, for nothing contributes so much to tranquillise the mind as a steady purpose—a point on which the soul may fix its intellectual eye.",1,point,LANDSCAPE,band_1
s00310,Mary Shelley,Frankenstein - Letters 1-4 (Arctic frame),This expedition has been the favourite dream of my early years.,0,,,band_0
s00311,Mary Shelley,Frankenstein - Letters 1-4 (Arctic frame),I have read with ardour the accounts of the various voyages which have been made in the prospect of arriving at the North Pacific Ocean through the seas which surround the pole.,2,ocean; sea,LANDSCAPE,band_2
s00312,Mary Shelley,Frankenstein - Letters 1-4 (Arctic frame),You may remember that a history of all the voyages made for purposes of discovery composed the whole of our good Uncle Thomas’ library.,0,,,band_0
s00313,Mary Shelley,Frankenstein - Letters 1-4 (Arctic frame),"My education was neglected, yet I was passionately fond of reading.",0,,,band_0
s00314,Mary Shelley,Frankenstein - Letters 1-4 (Arctic frame),"These volumes were my study day and night, and my familiarity with them increased that regret which I had felt, as a child, on learning that my father’s dying injunction had forbidden my uncle to allow me to embark in a seafaring life.",0,,,band_0
s00315,Mary Shelley,Frankenstein - Letters 1-4 (Arctic frame),"These visions faded when I perused, for the first time, those poets whose effusions entranced my soul and lifted it to heaven.",0,,,band_0
s00316,Mary Shelley,Frankenstein - Letters 1-4 (Arctic frame),I also became a poet and for one year lived in a paradise of my own creation; I imagined that I also might obtain a niche in the temple where the names of Homer and Shakespeare are consecrated.,1,homer,FAUNA,band_1
s00317,Mary Shelley,Frankenstein - Letters 1-4 (Arctic frame),You are well acquainted with my failure and how heavily I bore the disappointment.,0,,,band_0
s00318,Mary Shelley,Frankenstein - Letters 1-4 (Arctic frame),"But just at that time I inherited the fortune of my cousin, and my thoughts were turned into the channel of their earlier bent.",2,bent; channel,FLORA; LANDSCAPE,band_2
s00319,Mary Shelley,Frankenstein - Letters 1-4 (Arctic frame),Six years have passed since I resolved on my present undertaking.,0,,,band_0
s00320,Mary Shelley,Frankenstein - Letters 1-4 (Arctic frame),"I can, even now, remember the hour from which I dedicated myself to this great enterprise.",0,,,band_0
s00321,Mary Shelley,Frankenstein - Letters 1-4 (Arctic frame),I commenced by inuring my body to hardship.,0,,,band_0
s00322,Mary Shelley,Frankenstein - Letters 1-4 (Arctic frame),"I accompanied the whale-fishers on several expeditions to the North Sea; I voluntarily endured cold, famine, thirst, and want of sleep; I often worked harder than the common sailors during the day and devoted my nights to the study of mathematics, the theory of medicine, and those branches of physical science from which a naval adventurer might derive the greatest practical advantage.",4,branch; fisher; sea; whale,FAUNA; LANDSCAPE,band_3plus
s00323,Mary Shelley,Frankenstein - Letters 1-4 (Arctic frame),"Twice I actually hired myself as an under-mate in a Greenland whaler, and acquitted myself to admiration.",1,mate,FAUNA; FLORA,band_1
s00324,Mary Shelley,Frankenstein - Letters 1-4 (Arctic frame),"I must own I felt a little proud when my captain offered me the second dignity in the vessel and entreated me to remain with the greatest earnestness, so valuable did he consider my services.",0,,,band_0
s00325,Mary Shelley,Frankenstein - Letters 1-4 (Arctic frame),"And now, dear Margaret, do I not deserve to accomplish some great purpose?",0,,,band_0
s00326,Mary Shelley,Frankenstein - Letters 1-4 (Arctic frame),"My life might have been passed in ease and luxury, but I preferred glory to every enticement that wealth placed in my path.",0,,,band_0
s00327,Mary Shelley,Frankenstein - Letters 1-4 (Arctic frame),"Oh, that some encouraging voice would answer in the affirmative!",0,,,band_0
s00328,Mary Shelley,Frankenstein - Letters 1-4 (Arctic frame),"My courage and my resolution is firm; but my hopes fluctuate, and my spirits are often depressed.",0,,,band_0
s00329,Mary Shelley,Frankenstein - Letters 1-4 (Arctic frame),"I am about to proceed on a long and difficult voyage, the emergencies of which will demand all my fortitude: I am required not only to raise the spirits of others, but sometimes to sustain my own, when theirs are failing.",0,,,band_0
s00330,Mary Shelley,Frankenstein - Letters 1-4 (Arctic frame),This is the most favourable period for travelling in Russia.,0,,,band_0
s00331,Mary Shelley,Frankenstein - Letters 1-4 (Arctic frame),"They fly quickly over the snow in their sledges; the motion is pleasant, and, in my opinion, far more agreeable than that of an English stagecoach.",1,snow,WEATHER,band_1
s00332,Mary Shelley,Frankenstein - Letters 1-4 (Arctic frame),"The cold is not excessive, if you are wrapped in furs—a dress which I have already adopted, for there is a great difference between walking the deck and remaining seated motionless for hours, when no exercise prevents the blood from actually freezing in your veins.",1,vein,LANDSCAPE,band_1
s00333,Mary Shelley,Frankenstein - Letters 1-4 (Arctic frame),I have no ambition to lose my life on the post-road between St. Petersburgh and Archangel.,1,archangel,FLORA,band_1
s00334,Mary Shelley,Frankenstein - Letters 1-4 (Arctic frame),"I shall depart for the latter town in a fortnight or three weeks; and my intention is to hire a ship there, which can easily be done by paying the insurance for the owner, and to engage as many sailors as I think necessary among those who are accustomed to the whale-fishing.",1,whale,FAUNA,band_1
s00335,Mary Shelley,Frankenstein - Letters 1-4 (Arctic frame),I do not intend to sail until the month of June; and when shall I return?,0,,,band_0
s00336,Mary Shelley,Frankenstein - Letters 1-4 (Arctic frame),"Ah, dear sister, how can I answer this question?",0,,,band_0
s00337,Mary Shelley,Frankenstein - Letters 1-4 (Arctic frame),"If I succeed, many, many months, perhaps years, will pass before you and I may meet.",0,,,band_0
s00338,Mary Shelley,Frankenstein - Letters 1-4 (Arctic frame),"If I fail, you will see me again soon, or never.",0,,,band_0
s00339,Mary Shelley,Frankenstein - Letters 1-4 (Arctic frame),"Farewell, my dear, excellent Margaret.",0,,,band_0
s00340,Mary Shelley,Frankenstein - Letters 1-4 (Arctic frame),"Heaven shower down blessings on you, and save me, that I may again and again testify my gratitude for all your love and kindness.",0,,,band_0
s00341,Mary Shelley,Frankenstein - Letters 1-4 (Arctic frame),"Your affectionate brother, R. Walton Archangel, 28th March, 17—. How slowly the time passes here, encompassed as I am by frost and snow!",3,archangel; frost; snow,FLORA; WEATHER,band_3plus
s00342,Mary Shelley,Frankenstein - Letters 1-4 (Arctic frame),Yet a second step is taken towards my enterprise.,0,,,band_0
s00343,Mary Shelley,Frankenstein - Letters 1-4 (Arctic frame),I have hired a vessel and am occupied in collecting my sailors; those whom I have already engaged appear to be men on whom I can depend and are certainly possessed of dauntless courage.,0,,,band_0
s00344,Mary Shelley,Frankenstein - Letters 1-4 (Arctic frame),"But I have one want which I have never yet been able to satisfy, and the absence of the object of which I now feel as a most severe evil, I have no friend, Margaret: when I am glowing with the enthusiasm of success, there will be none to participate my joy; if I am assailed by disappointment, no one will endeavour to sustain me in dejection.",0,,,band_0
s00345,Mary Shelley,Frankenstein - Letters 1-4 (Arctic frame),"I shall commit my thoughts to paper, it is true; but that is a poor medium for the communication of feeling.",0,,,band_0
s00346,Mary Shelley,Frankenstein - Letters 1-4 (Arctic frame),"I desire the company of a man who could sympathise with me, whose eyes would reply to mine.",0,,,band_0
s00347,Mary Shelley,Frankenstein - Letters 1-4 (Arctic frame),"You may deem me romantic, my dear sister, but I bitterly feel the want of a friend.",0,,,band_0
s00348,Mary Shelley,Frankenstein - Letters 1-4 (Arctic frame),"I have no one near me, gentle yet courageous, possessed of a cultivated as well as of a capacious mind, whose tastes are like my own, to approve or amend my plans.",0,,,band_0
s00349,Mary Shelley,Frankenstein - Letters 1-4 (Arctic frame),How would such a friend repair the faults of your poor brother!,0,,,band_0
s00350,Mary Shelley,Frankenstein - Letters 1-4 (Arctic frame),I am too ardent in execution and too impatient of difficulties.,0,,,band_0
s00351,Mary Shelley,Frankenstein - Letters 1-4 (Arctic frame),But it is a still greater evil to me that I am self-educated: for the first fourteen years of my life I ran wild on a common and read nothing but our Uncle Thomas’ books of voyages.,0,,,band_0
s00352,Mary Shelley,Frankenstein - Letters 1-4 (Arctic frame),At that age I became acquainted with the celebrated poets of our own country; but it was only when it had ceased to be in my power to derive its most important benefits from such a conviction that I perceived the necessity of becoming acquainted with more languages than that of my native country.,0,,,band_0
s00353,Mary Shelley,Frankenstein - Letters 1-4 (Arctic frame),Now I am twenty-eight and am in reality more illiterate than many schoolboys of fifteen.,0,,,band_0
s00354,Mary Shelley,Frankenstein - Letters 1-4 (Arctic frame),"It is true that I have thought more and that my daydreams are more extended and magnificent, but they want (as the painters call it) _",1,painter,FAUNA,band_1
s00355,Mary Shelley,Frankenstein - Letters 1-4 (Arctic frame),"and I greatly need a friend who would have sense enough not to despise me as romantic, and affection enough for me to endeavour to regulate my mind.",0,,,band_0
s00356,Mary Shelley,Frankenstein - Letters 1-4 (Arctic frame),"Well, these are useless complaints; I shall certainly find no friend on the wide ocean, nor even here in Archangel, among merchants and seamen.",2,archangel; ocean,FLORA; LANDSCAPE,band_2
s00357,Mary Shelley,Frankenstein - Letters 1-4 (Arctic frame),"Yet some feelings, unallied to the dross of human nature, beat even in these rugged bosoms.",0,,,band_0
s00358,Mary Shelley,Frankenstein - Letters 1-4 (Arctic frame),"My lieutenant, for instance, is a man of wonderful courage and enterprise; he is madly desirous of glory, or rather, to word my phrase more characteristically, of advancement in his profession.",0,,,band_0
s00359,Mary Shelley,Frankenstein - Letters 1-4 (Arctic frame),"He is an Englishman, and in the midst of national and professional prejudices, unsoftened by cultivation, retains some of the noblest endowments of humanity.",1,humanity,FAUNA,band_1
s00360,Mary Shelley,Frankenstein - Letters 1-4 (Arctic frame),"I first became acquainted with him on board a whale vessel; finding that he was unemployed in this city, I easily engaged him to assist in my enterprise.",0,,,band_0
s00361,Mary Shelley,Frankenstein - Letters 1-4 (Arctic frame),The master is a person of an excellent disposition and is remarkable in the ship for his gentleness and the mildness of his discipline.,1,mildness,WEATHER,band_1
s00362,Mary Shelley,Frankenstein - Letters 1-4 (Arctic frame),"This circumstance, added to his well-known integrity and dauntless courage, made me very desirous to engage him.",0,,,band_0
s00363,Mary Shelley,Frankenstein - Letters 1-4 (Arctic frame),"A youth passed in solitude, my best years spent under your gentle and feminine fosterage, has so refined the groundwork of my character that I cannot overcome an intense distaste to the usual brutality exercised on board ship: I have never believed it to be necessary, and when I heard of a mariner equally noted for his kindliness of heart and the respect and obedience paid to him by his crew, I felt myself peculiarly fortunate in being able to secure his services.",0,,,band_0
s00364,Mary Shelley,Frankenstein - Letters 1-4 (Arctic frame),"I heard of him first in rather a romantic manner, from a lady who owes to him the happiness of her life.",0,,,band_0
s00365,Mary Shelley,Frankenstein - Letters 1-4 (Arctic frame),"This, briefly, is his story.",0,,,band_0
s00366,Mary Shelley,Frankenstein - Letters 1-4 (Arctic frame),"Some years ago he loved a young Russian lady of moderate fortune, and having amassed a considerable sum in prize-money, the father of the girl consented to the match.",0,,,band_0
s00367,Mary Shelley,Frankenstein - Letters 1-4 (Arctic frame),"He saw his mistress once before the destined ceremony; but she was bathed in tears, and throwing herself at his feet, entreated him to spare her, confessing at the same time that she loved another, but that he was poor, and that her father would never consent to the union.",0,,,band_0
s00368,Mary Shelley,Frankenstein - Letters 1-4 (Arctic frame),"My generous friend reassured the suppliant, and on being informed of the name of her lover, instantly abandoned his pursuit.",0,,,band_0
s00369,Mary Shelley,Frankenstein - Letters 1-4 (Arctic frame),"He had already bought a farm with his money, on which he had designed to pass the remainder of his life; but he bestowed the whole on his rival, together with the remains of his prize-money to purchase stock, and then himself solicited the young woman’s father to consent to her marriage with her lover.",1,stock,FAUNA; FLORA,band_1
s00370,Mary Shelley,Frankenstein - Letters 1-4 (Arctic frame),"But the old man decidedly refused, thinking himself bound in honour to my friend, who, when he found the father inexorable, quitted his country, nor returned until he heard that his former mistress was married according to her inclinations.",1,old man,FLORA,band_1
s00371,Mary Shelley,Frankenstein - Letters 1-4 (Arctic frame),“What a noble fellow!”,0,,,band_0
s00372,Mary Shelley,Frankenstein - Letters 1-4 (Arctic frame),you will exclaim.,0,,,band_0
s00373,Mary Shelley,Frankenstein - Letters 1-4 (Arctic frame),"He is so; but then he is wholly uneducated: he is as silent as a Turk, and a kind of ignorant carelessness attends him, which, while it renders his conduct the more astonishing, detracts from the interest and sympathy which otherwise he would command.",0,,,band_0
s00374,Mary Shelley,Frankenstein - Letters 1-4 (Arctic frame),"Yet do not suppose, because I complain a little or because I can conceive a consolation for my toils which I may never know, that I am wavering in my resolutions.",0,,,band_0
s00375,Mary Shelley,Frankenstein - Letters 1-4 (Arctic frame),"Those are as fixed as fate, and my voyage is only now delayed until the weather shall permit my embarkation.",1,weather,WEATHER,band_1
s00376,Mary Shelley,Frankenstein - Letters 1-4 (Arctic frame),"The winter has been dreadfully severe, but the spring promises well, and it is considered as a remarkably early season, so that perhaps I may sail sooner than I expected.",1,spring,LANDSCAPE,band_1
s00377,Mary Shelley,Frankenstein - Letters 1-4 (Arctic frame),I shall do nothing rashly: you know me sufficiently to confide in my prudence and considerateness whenever the safety of others is committed to my care.,0,,,band_0
s00378,Mary Shelley,Frankenstein - Letters 1-4 (Arctic frame),I cannot describe to you my sensations on the near prospect of my undertaking.,0,,,band_0
s00379,Mary Shelley,Frankenstein - Letters 1-4 (Arctic frame),"It is impossible to communicate to you a conception of the trembling sensation, half pleasurable and half fearful, with which I am preparing to depart.",0,,,band_0
s00380,Mary Shelley,Frankenstein - Letters 1-4 (Arctic frame),"I am going to unexplored regions, to “the land of mist and snow,” but I shall kill no albatross; therefore do not be alarmed for my safety or if I should come back to you as worn and woeful as the “Ancient Mariner.”",2,albatross; snow,FAUNA; WEATHER,band_2
s00381,Mary Shelley,Frankenstein - Letters 1-4 (Arctic frame),"You will smile at my allusion, but I will disclose a secret.",0,,,band_0
s00382,Mary Shelley,Frankenstein - Letters 1-4 (Arctic frame),"I have often attributed my attachment to, my passionate enthusiasm for, the dangerous mysteries of ocean to that production of the most imaginative of modern poets.",1,ocean,LANDSCAPE,band_1
s00383,Mary Shelley,Frankenstein - Letters 1-4 (Arctic frame),There is something at work in my soul which I do not understand.,0,,,band_0
s00384,Mary Shelley,Frankenstein - Letters 1-4 (Arctic frame),"I am practically industrious—painstaking, a workman to execute with perseverance and labour—but besides this there is a love for the marvellous, a belief in the marvellous, intertwined in all my projects, which hurries me out of the common pathways of men, even to the wild sea and unvisited regions I am about to explore.",1,sea,LANDSCAPE,band_1
s00385,Mary Shelley,Frankenstein - Letters 1-4 (Arctic frame),But to return to dearer considerations.,0,,,band_0
s00386,Mary Shelley,Frankenstein - Letters 1-4 (Arctic frame),"Shall I meet you again, after having traversed immense seas, and returned by the most southern cape of Africa or America?",1,sea,LANDSCAPE,band_1
s00387,Mary Shelley,Frankenstein - Letters 1-4 (Arctic frame),"I dare not expect such success, yet I cannot bear to look on the reverse of the picture.",0,,,band_0
s00388,Mary Shelley,Frankenstein - Letters 1-4 (Arctic frame),Continue for the present to write to me by every opportunity: I may receive your letters on some occasions when I need them most to support my spirits.,0,,,band_0
s00389,Mary Shelley,Frankenstein - Letters 1-4 (Arctic frame),I love you very tenderly.,0,,,band_0
s00390,Mary Shelley,Frankenstein - Letters 1-4 (Arctic frame),"Remember me with affection, should you never hear from me again.",0,,,band_0
s00391,Mary Shelley,Frankenstein - Letters 1-4 (Arctic frame),"Your affectionate brother, Robert Walton July 7th, 17—.",0,,,band_0
s00392,Mary Shelley,Frankenstein - Letters 1-4 (Arctic frame),"My dear Sister, I write a few lines in haste to say that I am safe—and well advanced on my voyage.",0,,,band_0
s00393,Mary Shelley,Frankenstein - Letters 1-4 (Arctic frame),"This letter will reach England by a merchantman now on its homeward voyage from Archangel; more fortunate than I, who may not see my native land, perhaps, for many years.",1,archangel,FLORA,band_1
s00394,Mary Shelley,Frankenstein - Letters 1-4 (Arctic frame),"I am, however, in good spirits: my men are bold and apparently firm of purpose, nor do the floating sheets of ice that continually pass us, indicating the dangers of the region towards which we are advancing, appear to dismay them.",0,,,band_0
s00395,Mary Shelley,Frankenstein - Letters 1-4 (Arctic frame),"We have already reached a very high latitude; but it is the height of summer, and although not so warm as in England, the southern gales, which blow us speedily towards those shores which I so ardently desire to attain, breathe a degree of renovating warmth which I had not expected.",2,gale; shore,LANDSCAPE; WEATHER,band_2
s00396,Mary Shelley,Frankenstein - Letters 1-4 (Arctic frame),No incidents have hitherto befallen us that would make a figure in a letter.,0,,,band_0
s00397,Mary Shelley,Frankenstein - Letters 1-4 (Arctic frame),"One or two stiff gales and the springing of a leak are accidents which experienced navigators scarcely remember to record, and I shall be well content if nothing worse happen to us during our voyage.",1,gale,WEATHER,band_1
s00398,Mary Shelley,Frankenstein - Letters 1-4 (Arctic frame),"Adieu, my dear Margaret.",0,,,band_0
s00399,Mary Shelley,Frankenstein - Letters 1-4 (Arctic frame),"Be assured that for my own sake, as well as yours, I will not rashly encounter danger.",0,,,band_0
s00400,Mary Shelley,Frankenstein - Letters 1-4 (Arctic frame),"I will be cool, persevering, and prudent.",0,,,band_0
s00401,Mary Shelley,Frankenstein - Letters 1-4 (Arctic frame),But success _shall_ crown my endeavours.,0,,,band_0
s00402,Mary Shelley,Frankenstein - Letters 1-4 (Arctic frame),"Thus far I have gone, tracing a secure way over the pathless seas, the very stars themselves being witnesses and testimonies of my triumph.",2,sea; star,LANDSCAPE; WEATHER,band_2
s00403,Mary Shelley,Frankenstein - Letters 1-4 (Arctic frame),Why not still proceed over the untamed yet obedient element?,0,,,band_0
s00404,Mary Shelley,Frankenstein - Letters 1-4 (Arctic frame),What can stop the determined heart and resolved will of man?,0,,,band_0
s00405,Mary Shelley,Frankenstein - Letters 1-4 (Arctic frame),My swelling heart involuntarily pours itself out thus.,0,,,band_0
s00406,Mary Shelley,Frankenstein - Letters 1-4 (Arctic frame),But I must finish.,0,,,band_0
s00407,Mary Shelley,Frankenstein - Letters 1-4 (Arctic frame),Heaven bless my beloved sister!,0,,,band_0
s00408,Mary Shelley,Frankenstein - Letters 1-4 (Arctic frame),"R.W. August 5th, 17—.",0,,,band_0
s00409,Mary Shelley,Frankenstein - Letters 1-4 (Arctic frame),"So strange an accident has happened to us that I cannot forbear recording it, although it is very probable that you will see me before these papers can come into your possession.",0,,,band_0
s00410,Mary Shelley,Frankenstein - Letters 1-4 (Arctic frame),Last Monday (July 31st),0,,,band_0
s00411,Mary Shelley,Frankenstein - Letters 1-4 (Arctic frame),"we were nearly surrounded by ice, which closed in the ship on all sides, scarcely leaving her the sea-room in which she floated.",1,sea,LANDSCAPE,band_1
s00412,Mary Shelley,Frankenstein - Letters 1-4 (Arctic frame),"Our situation was somewhat dangerous, especially as we were compassed round by a very thick fog.",1,fog,WEATHER,band_1
s00413,Mary Shelley,Frankenstein - Letters 1-4 (Arctic frame),"We accordingly lay to, hoping that some change would take place in the atmosphere and weather.",2,atmosphere; weather,WEATHER,band_2
s00414,Mary Shelley,Frankenstein - Letters 1-4 (Arctic frame),"About two o’clock the mist cleared away, and we beheld, stretched out in every direction, vast and irregular plains of ice, which seemed to have no end.",0,,,band_0
s00415,Mary Shelley,Frankenstein - Letters 1-4 (Arctic frame),"Some of my comrades groaned, and my own mind began to grow watchful with anxious thoughts, when a strange sight suddenly attracted our attention and diverted our solicitude from our own situation.",0,,,band_0
s00416,Mary Shelley,Frankenstein - Letters 1-4 (Arctic frame),"We perceived a low carriage, fixed on a sledge and drawn by dogs, pass on towards the north, at the distance of half a mile; a being which had the shape of a man, but apparently of gigantic stature, sat in the sledge and guided the dogs.",2,dog,FAUNA,band_2
s00417,Mary Shelley,Frankenstein - Letters 1-4 (Arctic frame),We watched the rapid progress of the traveller with our telescopes until he was lost among the distant inequalities of the ice.,0,,,band_0
s00418,Mary Shelley,Frankenstein - Letters 1-4 (Arctic frame),This appearance excited our unqualified wonder.,0,,,band_0
s00419,Mary Shelley,Frankenstein - Letters 1-4 (Arctic frame),"We were, as we believed, many hundred miles from any land; but this apparition seemed to denote that it was not, in reality, so distant as we had supposed.",0,,,band_0
s00420,Mary Shelley,Frankenstein - Letters 1-4 (Arctic frame),"Shut in, however, by ice, it was impossible to follow his track, which we had observed with the greatest attention.",0,,,band_0
s00421,Mary Shelley,Frankenstein - Letters 1-4 (Arctic frame),"About two hours after this occurrence we heard the ground sea, and before night the ice broke and freed our ship.",1,sea,LANDSCAPE,band_1
s00422,Mary Shelley,Frankenstein - Letters 1-4 (Arctic frame),"We, however, lay to until the morning, fearing to encounter in the dark those large loose masses which float about after the breaking up of the ice.",0,,,band_0
s00423,Mary Shelley,Frankenstein - Letters 1-4 (Arctic frame),I profited of this time to rest for a few hours.,0,,,band_0
s00424,Mary Shelley,Frankenstein - Letters 1-4 (Arctic frame),"In the morning, however, as soon as it was light, I went upon deck and found all the sailors busy on one side of the vessel, apparently talking to someone in the sea.",1,sea,LANDSCAPE,band_1
s00425,Mary Shelley,Frankenstein - Letters 1-4 (Arctic frame),"It was, in fact, a sledge, like that we had seen before, which had drifted towards us in the night on a large fragment of ice.",0,,,band_0
s00426,Mary Shelley,Frankenstein - Letters 1-4 (Arctic frame),Only one dog remained alive; but there was a human being within it whom the sailors were persuading to enter the vessel.,2,dog; human being,FAUNA,band_2
s00427,Mary Shelley,Frankenstein - Letters 1-4 (Arctic frame),"He was not, as the other traveller seemed to be, a savage inhabitant of some undiscovered island, but a European.",0,,,band_0
s00428,Mary Shelley,Frankenstein - Letters 1-4 (Arctic frame),"When I appeared on deck the master said, “Here is our captain, and he will not allow you to perish on the open sea.”",1,sea,LANDSCAPE,band_1
s00429,Mary Shelley,Frankenstein - Letters 1-4 (Arctic frame),"On perceiving me, the stranger addressed me in English, although with a foreign accent.",0,,,band_0
s00430,Mary Shelley,Frankenstein - Letters 1-4 (Arctic frame),"“Before I come on board your vessel,” said he, “will you have the kindness to inform me whither you are bound?”",0,,,band_0
s00431,Mary Shelley,Frankenstein - Letters 1-4 (Arctic frame),You may conceive my astonishment on hearing such a question addressed to me from a man on the brink of destruction and to whom I should have supposed that my vessel would have been a resource which he would not have exchanged for the most precious wealth the earth can afford.,0,,,band_0
s00432,Mary Shelley,Frankenstein - Letters 1-4 (Arctic frame),"I replied, however, that we were on a voyage of discovery towards the northern pole.",0,,,band_0
s00433,Mary Shelley,Frankenstein - Letters 1-4 (Arctic frame),Upon hearing this he appeared satisfied and consented to come on board.,0,,,band_0
s00434,Mary Shelley,Frankenstein - Letters 1-4 (Arctic frame),"Margaret, if you had seen the man who thus capitulated for his safety, your surprise would have been boundless.",0,,,band_0
s00435,Mary Shelley,Frankenstein - Letters 1-4 (Arctic frame),"His limbs were nearly frozen, and his body dreadfully emaciated by fatigue and suffering.",0,,,band_0
s00436,Mary Shelley,Frankenstein - Letters 1-4 (Arctic frame),I never saw a man in so wretched a condition.,0,,,band_0
s00437,Mary Shelley,Frankenstein - Letters 1-4 (Arctic frame),"We attempted to carry him into the cabin, but as soon as he had quitted the fresh air he fainted.",1,air,WEATHER,band_1
s00438,Mary Shelley,Frankenstein - Letters 1-4 (Arctic frame),We accordingly brought him back to the deck and restored him to animation by rubbing him with brandy and forcing him to swallow a small quantity.,0,,,band_0
s00439,Mary Shelley,Frankenstein - Letters 1-4 (Arctic frame),As soon as he showed signs of life we wrapped him up in blankets and placed him near the chimney of the kitchen stove.,0,,,band_0
s00440,Mary Shelley,Frankenstein - Letters 1-4 (Arctic frame),"By slow degrees he recovered and ate a little soup, which restored him wonderfully.",0,,,band_0
s00441,Mary Shelley,Frankenstein - Letters 1-4 (Arctic frame),"Two days passed in this manner before he was able to speak, and I often feared that his sufferings had deprived him of understanding.",0,,,band_0
s00442,Mary Shelley,Frankenstein - Letters 1-4 (Arctic frame),"When he had in some measure recovered, I removed him to my own cabin and attended on him as much as my duty would permit.",0,,,band_0
s00443,Mary Shelley,Frankenstein - Letters 1-4 (Arctic frame),"I never saw a more interesting creature: his eyes have generally an expression of wildness, and even madness, but there are moments",1,creature,FAUNA,band_1
s00444,Mary Shelley,Frankenstein - Letters 1-4 (Arctic frame),"when, if anyone performs an act of kindness towards him or does him any the most trifling service, his whole countenance is lighted up, as it were, with a beam of benevolence and sweetness that I never saw equalled.",0,,,band_0
s00445,Mary Shelley,Frankenstein - Letters 1-4 (Arctic frame),"But he is generally melancholy and despairing, and sometimes he gnashes his teeth, as if impatient of the weight of woes that oppresses him.",0,,,band_0
s00446,Mary Shelley,Frankenstein - Letters 1-4 (Arctic frame),"When my guest was a little recovered I had great trouble to keep off the men, who wished to ask him a thousand questions; but I would not allow him to be tormented by their idle curiosity, in a state of body and mind whose restoration evidently depended upon entire repose.",0,,,band_0
s00447,Mary Shelley,Frankenstein - Letters 1-4 (Arctic frame),"Once, however, the lieutenant asked why he had come so far upon the ice in so strange a vehicle.",0,,,band_0
s00448,Mary Shelley,Frankenstein - Letters 1-4 (Arctic frame),"His countenance instantly assumed an aspect of the deepest gloom, and he replied, “To seek one who fled from me.”",0,,,band_0
s00449,Mary Shelley,Frankenstein - Letters 1-4 (Arctic frame),“And did the man whom you pursued travel in the same fashion?”,0,,,band_0
s00450,Mary Shelley,Frankenstein - Letters 1-4 (Arctic frame),"“Then I fancy we have seen him, for the day before we picked you up we saw some dogs drawing a sledge, with a man in it, across the ice.”",1,dog,FAUNA,band_1
s00451,Mary Shelley,Frankenstein - Letters 1-4 (Arctic frame),"This aroused the stranger’s attention, and he asked a multitude of questions concerning the route which the dæmon, as he called him, had pursued.",0,,,band_0
s00452,Mary Shelley,Frankenstein - Letters 1-4 (Arctic frame),"Soon after, when he was alone with me, he said, “I have, doubtless, excited your curiosity, as well as that of these good people; but you are too considerate to make inquiries.”",0,,,band_0
s00453,Mary Shelley,Frankenstein - Letters 1-4 (Arctic frame),“Certainly; it would indeed be very impertinent and inhuman in me to trouble you with any inquisitiveness of mine.”,0,,,band_0
s00454,Mary Shelley,Frankenstein - Letters 1-4 (Arctic frame),“And yet you rescued me from a strange and perilous situation; you have benevolently restored me to life.”,0,,,band_0
s00455,Mary Shelley,Frankenstein - Letters 1-4 (Arctic frame),Soon after this he inquired if I thought that the breaking up of the ice had destroyed the other sledge.,0,,,band_0
s00456,Mary Shelley,Frankenstein - Letters 1-4 (Arctic frame),"I replied that I could not answer with any degree of certainty, for the ice had not broken until near midnight, and the traveller might have arrived at a place of safety before that time; but of this I could not judge.",0,,,band_0
s00457,Mary Shelley,Frankenstein - Letters 1-4 (Arctic frame),From this time a new spirit of life animated the decaying frame of the stranger.,0,,,band_0
s00458,Mary Shelley,Frankenstein - Letters 1-4 (Arctic frame),"He manifested the greatest eagerness to be upon deck to watch for the sledge which had before appeared; but I have persuaded him to remain in the cabin, for he is far too weak to sustain the rawness of the atmosphere.",1,atmosphere,WEATHER,band_1
s00459,Mary Shelley,Frankenstein - Letters 1-4 (Arctic frame),I have promised that someone should watch for him and give him instant notice if any new object should appear in sight.,0,,,band_0
s00460,Mary Shelley,Frankenstein - Letters 1-4 (Arctic frame),Such is my journal of what relates to this strange occurrence up to the present day.,0,,,band_0
s00461,Mary Shelley,Frankenstein - Letters 1-4 (Arctic frame),The stranger has gradually improved in health but is very silent and appears uneasy when anyone except myself enters his cabin.,0,,,band_0
s00462,Mary Shelley,Frankenstein - Letters 1-4 (Arctic frame),"Yet his manners are so conciliating and gentle that the sailors are all interested in him, although they have had very little communication with him.",0,,,band_0
s00463,Mary Shelley,Frankenstein - Letters 1-4 (Arctic frame),"For my own part, I begin to love him as a brother, and his constant and deep grief fills me with sympathy and compassion.",0,,,band_0
s00464,Mary Shelley,Frankenstein - Letters 1-4 (Arctic frame),"He must have been a noble creature in his better days, being even now in wreck so attractive and amiable.",1,creature,FAUNA,band_1
s00465,Mary Shelley,Frankenstein - Letters 1-4 (Arctic frame),"I said in one of my letters, my dear Margaret, that I should find no friend on the wide ocean; yet I have found a man who, before his spirit had been broken by misery, I should have been happy to have possessed as the brother of my heart.",1,ocean,LANDSCAPE,band_1
s00466,Mary Shelley,Frankenstein - Letters 1-4 (Arctic frame),"I shall continue my journal concerning the stranger at intervals, should I have any fresh incidents to record.",0,,,band_0
s00467,Mary Shelley,Frankenstein - Letters 1-4 (Arctic frame),"August 13th, 17—.",0,,,band_0
s00468,Mary Shelley,Frankenstein - Letters 1-4 (Arctic frame),My affection for my guest increases every day.,0,,,band_0
s00469,Mary Shelley,Frankenstein - Letters 1-4 (Arctic frame),He excites at once my admiration and my pity to an astonishing degree.,0,,,band_0
s00470,Mary Shelley,Frankenstein - Letters 1-4 (Arctic frame),How can I see so noble a creature destroyed by misery without feeling the most poignant grief?,1,creature,FAUNA,band_1
s00471,Mary Shelley,Frankenstein - Letters 1-4 (Arctic frame),"He is so gentle, yet so wise; his mind is so cultivated, and when he speaks, although his words are culled with the choicest art, yet they flow with rapidity and unparalleled eloquence.",0,,,band_0
s00472,Mary Shelley,Frankenstein - Letters 1-4 (Arctic frame),"He is now much recovered from his illness and is continually on the deck, apparently watching for the sledge that preceded his own.",0,,,band_0
s00473,Mary Shelley,Frankenstein - Letters 1-4 (Arctic frame),"Yet, although unhappy, he is not so utterly occupied by his own misery but that he interests himself deeply in the projects of others.",0,,,band_0
s00474,Mary Shelley,Frankenstein - Letters 1-4 (Arctic frame),"He has frequently conversed with me on mine, which I have communicated to him without disguise.",0,,,band_0
s00475,Mary Shelley,Frankenstein - Letters 1-4 (Arctic frame),He entered attentively into all my arguments in favour of my eventual success and into every minute detail of the measures I had taken to secure it.,0,,,band_0
s00476,Mary Shelley,Frankenstein - Letters 1-4 (Arctic frame),"I was easily led by the sympathy which he evinced to use the language of my heart, to give utterance to the burning ardour of my soul and to say, with all the fervour that warmed me, how gladly I would sacrifice my fortune, my existence, my every hope, to the furtherance of my enterprise.",0,,,band_0
s00477,Mary Shelley,Frankenstein - Letters 1-4 (Arctic frame),"One man’s life or death were but a small price to pay for the acquirement of the knowledge which I sought, for the dominion I should acquire and transmit over the elemental foes of our race.",0,,,band_0
s00478,Mary Shelley,Frankenstein - Letters 1-4 (Arctic frame),"As I spoke, a dark gloom spread over my listener’s countenance.",0,,,band_0
s00479,Mary Shelley,Frankenstein - Letters 1-4 (Arctic frame),"At first I perceived that he tried to suppress his emotion; he placed his hands before his eyes, and my voice quivered and failed me as I beheld tears trickle fast from between his fingers; a groan burst from his heaving breast.",0,,,band_0
s00480,Mary Shelley,Frankenstein - Letters 1-4 (Arctic frame),"I paused; at length he spoke, in broken accents: “Unhappy man!",0,,,band_0
s00481,Mary Shelley,Frankenstein - Letters 1-4 (Arctic frame),Do you share my madness?,0,,,band_0
s00482,Mary Shelley,Frankenstein - Letters 1-4 (Arctic frame),Have you drunk also of the intoxicating draught?,1,draught,WEATHER,band_1
s00483,Mary Shelley,Frankenstein - Letters 1-4 (Arctic frame),"Hear me; let me reveal my tale, and you will dash the cup from your lips!”",0,,,band_0
s00484,Mary Shelley,Frankenstein - Letters 1-4 (Arctic frame),"Such words, you may imagine, strongly excited my curiosity; but the paroxysm of grief that had seized the stranger overcame his weakened powers, and many hours of repose and tranquil conversation were necessary to restore his composure.",0,,,band_0
s00485,Mary Shelley,Frankenstein - Letters 1-4 (Arctic frame),"Having conquered the violence of his feelings, he appeared to despise himself for being the slave of passion; and quelling the dark tyranny of despair, he led me again to converse concerning myself personally.",0,,,band_0
s00486,Mary Shelley,Frankenstein - Letters 1-4 (Arctic frame),He asked me the history of my earlier years.,0,,,band_0
s00487,Mary Shelley,Frankenstein - Letters 1-4 (Arctic frame),"The tale was quickly told, but it awakened various trains of reflection.",0,,,band_0
s00488,Mary Shelley,Frankenstein - Letters 1-4 (Arctic frame),"I spoke of my desire of finding a friend, of my thirst for a more intimate sympathy with a fellow mind than had ever fallen to my lot, and expressed my conviction that a man could boast of little happiness who did not enjoy this blessing.",0,,,band_0
s00489,Mary Shelley,Frankenstein - Letters 1-4 (Arctic frame),"“I agree with you,” replied the stranger; “we are unfashioned creatures, but half made up, if one wiser, better, dearer than ourselves—such a friend ought to be—do not lend his aid to perfectionate our weak and faulty natures.",1,creature,FAUNA,band_1
s00490,Mary Shelley,Frankenstein - Letters 1-4 (Arctic frame),"I once had a friend, the most noble of human creatures, and am entitled, therefore, to judge respecting friendship.",1,creature,FAUNA,band_1
s00491,Mary Shelley,Frankenstein - Letters 1-4 (Arctic frame),"You have hope, and the world before you, and have no cause for despair.",0,,,band_0
s00492,Mary Shelley,Frankenstein - Letters 1-4 (Arctic frame),But I—I have lost everything and cannot begin life anew.”,0,,,band_0
s00493,Mary Shelley,Frankenstein - Letters 1-4 (Arctic frame),"As he said this his countenance became expressive of a calm, settled grief that touched me to the heart.",0,,,band_0
s00494,Mary Shelley,Frankenstein - Letters 1-4 (Arctic frame),But he was silent and presently retired to his cabin.,0,,,band_0
s00495,Mary Shelley,Frankenstein - Letters 1-4 (Arctic frame),"Even broken in spirit as he is, no one can feel more deeply than he does the beauties of nature.",0,,,band_0
s00496,Mary Shelley,Frankenstein - Letters 1-4 (Arctic frame),"The starry sky, the sea, and every sight afforded by these wonderful regions seem still to have the power of elevating his soul from earth.",1,sea,LANDSCAPE,band_1
s00497,Mary Shelley,Frankenstein - Letters 1-4 (Arctic frame),"Such a man has a double existence: he may suffer misery and be overwhelmed by disappointments, yet when he has retired into himself, he will be like a celestial spirit that has a halo around him, within whose circle no grief or folly ventures.",1,halo,WEATHER,band_1
s00498,Mary Shelley,Frankenstein - Letters 1-4 (Arctic frame),Will you smile at the enthusiasm I express concerning this divine wanderer?,0,,,band_0
s00499,Mary Shelley,Frankenstein - Letters 1-4 (Arctic frame),You would not if you saw him.,0,,,band_0
s00500,Mary Shelley,Frankenstein - Letters 1-4 (Arctic frame),"You have been tutored and refined by books and retirement from the world, and you are therefore somewhat fastidious; but this only renders you the more fit to appreciate the extraordinary merits of this wonderful man.",0,,,band_0
s00501,Mary Shelley,Frankenstein - Letters 1-4 (Arctic frame),Sometimes I have endeavoured to discover what quality it is which he possesses that elevates him so immeasurably above any other person I ever knew.,0,,,band_0
s00502,Mary Shelley,Frankenstein - Letters 1-4 (Arctic frame),"I believe it to be an intuitive discernment, a quick but never-failing power of judgment, a penetration into the causes of things, unequalled for clearness and precision; add to this a facility of expression and a voice whose varied intonations are soul-subduing music.",0,,,band_0
s00503,Mary Shelley,Frankenstein - Letters 1-4 (Arctic frame),"August 19th, 17—. Yesterday the stranger said to me, “You may easily perceive, Captain Walton, that I have suffered great and unparalleled misfortunes.",0,,,band_0
s00504,Mary Shelley,Frankenstein - Letters 1-4 (Arctic frame),"I had determined at one time that the memory of these evils should die with me, but you have won me to alter my determination.",0,,,band_0
s00505,Mary Shelley,Frankenstein - Letters 1-4 (Arctic frame),"You seek for knowledge and wisdom, as I once did; and I ardently hope that the gratification of your wishes may not be a serpent to sting you, as mine has been.",1,serpent,FAUNA,band_1
s00506,Mary Shelley,Frankenstein - Letters 1-4 (Arctic frame),"I do not know that the relation of my disasters will be useful to you; yet, when I reflect that you are pursuing the same course, exposing yourself to the same dangers which have rendered me what I am, I imagine that you may deduce an apt moral from my tale, one that may direct you if you succeed in your undertaking and console you in case of failure.",0,,,band_0
s00507,Mary Shelley,Frankenstein - Letters 1-4 (Arctic frame),Prepare to hear of occurrences which are usually deemed marvellous.,0,,,band_0
s00508,Mary Shelley,Frankenstein - Letters 1-4 (Arctic frame),"Were we among the tamer scenes of nature I might fear to encounter your unbelief, perhaps your ridicule; but many things will appear possible in these wild and mysterious regions which would provoke the laughter of those unacquainted with the ever-varied powers of nature; nor can I doubt but that my tale conveys in its series internal evidence of the truth of the events of which it is composed.”",0,,,band_0
s00509,Mary Shelley,Frankenstein - Letters 1-4 (Arctic frame),"You may easily imagine that I was much gratified by the offered communication, yet I could not endure that he should renew his grief by a recital of his misfortunes.",0,,,band_0
s00510,Mary Shelley,Frankenstein - Letters 1-4 (Arctic frame),"I felt the greatest eagerness to hear the promised narrative, partly from curiosity and partly from a strong desire to ameliorate his fate if it were in my power.",0,,,band_0
s00511,Mary Shelley,Frankenstein - Letters 1-4 (Arctic frame),I expressed these feelings in my answer.,0,,,band_0
s00512,Mary Shelley,Frankenstein - Letters 1-4 (Arctic frame),"“I thank you,” he replied, “for your sympathy, but it is useless; my fate is nearly fulfilled.",0,,,band_0
s00513,Mary Shelley,Frankenstein - Letters 1-4 (Arctic frame),"but for one event, and then I shall repose in peace.",0,,,band_0
s00514,Mary Shelley,Frankenstein - Letters 1-4 (Arctic frame),"I understand your feeling,” continued he, perceiving that I wished to interrupt him; “but you are mistaken, my friend, if thus you will allow me to name you; nothing can alter my destiny; listen to my history, and you will perceive how irrevocably it is determined.”",0,,,band_0
s00515,Mary Shelley,Frankenstein - Letters 1-4 (Arctic frame),He then told me that he would commence his narrative the next day when I should be at leisure.,0,,,band_0
s00516,Mary Shelley,Frankenstein - Letters 1-4 (Arctic frame),This promise drew from me the warmest thanks.,0,,,band_0
s00517,Mary Shelley,Frankenstein - Letters 1-4 (Arctic frame),"I have resolved every night, when I am not imperatively occupied by my duties, to record, as nearly as possible in his own words, what he has related during the day.",0,,,band_0
s00518,Mary Shelley,Frankenstein - Letters 1-4 (Arctic frame),"If I should be engaged, I will at least make notes.",0,,,band_0
s00519,Mary Shelley,Frankenstein - Letters 1-4 (Arctic frame),"This manuscript will doubtless afford you the greatest pleasure; but to me, who know him, and who hear it from his own lips—with what interest and sympathy shall I read it in some future day!",0,,,band_0
s00520,Mary Shelley,Frankenstein - Letters 1-4 (Arctic frame),"Even now, as I commence my task, his full-toned voice swells in my ears; his lustrous eyes dwell on me with all their melancholy sweetness; I see his thin hand raised in animation, while the lineaments of his face are irradiated by the soul within.",0,,,band_0
s00521,Mary Shelley,Frankenstein - Letters 1-4 (Arctic frame),"Strange and harrowing must be his story, frightful the storm which embraced the gallant vessel on its course and wrecked it—thus!",1,storm,WEATHER,band_1
s00522,Percy Shelley,Mont Blanc,"The everlasting universe of things Flows through the mind, and rolls its rapid waves, Now dark—now glittering—now reflecting gloom— Now lending splendour, where from secret springs The source of human thought its tribute brings Of waters,—with a sound but half its own, Such as a feeble brook will oft assume In the wild woods, among the mountains lone, Where waterfalls around it leap for ever, Where woods and winds contend, and a vast river Over its rocks ceaselessly bursts and raves.",9,brook; mountain; river; spring; waterfall; wave; wind; wood,FLORA; LANDSCAPE; WEATHER,band_3plus
s00523,Percy Shelley,Mont Blanc,"Thus thou, Ravine of Arve—dark, deep Ravine— Thou many-coloured, many-voiced vale, Over whose pines, and crags, and caverns sail Fast cloud-shadows and sunbeams: awful scene, Where Power in likeness of the Arve comes down From the ice-gulfs that gird his secret throne, Bursting through these dark mountains like the flame Of lightning through the tempest;—thou dost lie, Thy giant brood of pines around thee clinging, Children of elder time, in whose devotion The chainless winds still come and ever came To drink their odours, and their mighty swinging To hear—an old and solemn harmony; Thine earthly rainbows stretched across the sweep Of the ethereal waterfall, whose veil Robes some unsculptured image; the strange sleep Which when the voices of the desert fail Wraps all in its own deep eternity;— Thy caverns echoing to the Arve’s commotion, A loud, lone sound no other sound can tame; Thou art pervaded with that ceaseless motion, Thou art the path of that unresting sound— Dizzy Ravine!",12,cavern; cloud; crag; mountain; pine; ravine; vale; waterfall; wind,FLORA; LANDSCAPE; WEATHER,band_3plus
s00524,Percy Shelley,Mont Blanc,"and when I gaze on thee I seem as in a trance sublime and strange To muse on my own separate fantasy, My own, my human mind, which passively Now renders and receives fast influencings, Holding an unremitting interchange With the clear universe of things around; One legion of wild thoughts, whose wandering wings Now float above thy darkness, and now rest Where that or thou art no unbidden guest, In the still cave of the witch Poesy, Seeking among the shadows that pass by Ghosts of all things that are, some shade of thee, Some phantom, some faint image; till the breast From which they fled recalls them, thou art there!",1,cave,LANDSCAPE,band_1
s00525,Percy Shelley,Mont Blanc,"Some say that gleams of a remoter world Visit the soul in sleep,—that death is slumber, And that its shapes the busy thoughts outnumber Of those who wake and live.—I look on high; Has some unknown omnipotence unfurled The veil of life and death?",0,,,band_0
s00526,Percy Shelley,Mont Blanc,"or do I lie In dream, and does the mightier world of sleep Spread far around and inaccessibly Its circles?",0,,,band_0
s00527,Percy Shelley,Mont Blanc,"For the very spirit fails, Driven like a homeless cloud from steep to steep That vanishes among the viewless gales!",2,cloud; gale,WEATHER,band_2
s00528,Percy Shelley,Mont Blanc,"Far, far above, piercing the infinite sky, Mont Blanc appears,—still, snowy, and serene— Its subject mountains their unearthly forms Pile around it, ice and rock; broad vales between Of frozen floods, unfathomable deeps, Blue as the overhanging heaven, that spread And wind among the accumulated steeps; A desert peopled by the storms alone, Save when the eagle brings some hunter’s bone, And the wolf tracts her there—how hideously Its shapes are heaped around!",9,blue; deep; eagle; mountain; steep; storm; vale; wind; wolf,FAUNA; LANDSCAPE; WEATHER,band_3plus
s00529,Percy Shelley,Mont Blanc,"rude, bare, and high, Ghastly, and scarred, and riven.—Is this the scene Where the old Earthquake-daemon taught her young Ruin? Were these their toys?",1,toy,FAUNA,band_1
s00530,Percy Shelley,Mont Blanc,or did a sea Of fire envelope once this silent snow?,2,sea; snow,LANDSCAPE; WEATHER,band_2
s00531,Percy Shelley,Mont Blanc,None can reply—all seems eternal now.,0,,,band_0
s00532,Percy Shelley,Mont Blanc,"The wilderness has a mysterious tongue Which teaches awful doubt, or faith so mild, So solemn, so serene, that man may be, But for such faith, with nature reconciled; Thou hast a voice, great Mountain, to repeal Large codes of fraud and woe; not understood By all, but which the wise, and great, and good Interpret, or make felt, or deeply feel.",1,mountain,LANDSCAPE,band_1
s00533,Percy Shelley,Mont Blanc,"The fields, the lakes, the forests, and the streams, Ocean, and all the living things that dwell Within the daedal earth; lightning, and rain, Earthquake, and fiery flood, and hurricane, The torpor of the year when feeble dreams Visit the hidden buds, or dreamless sleep Holds every future leaf and flower;—the bound With which from that detested trance they leap; The works and ways of man, their death and birth, And that of him and all that his may be; All things that move and breathe with toil and sound Are born and die; revolve, subside, and swell.",6,hurricane; lake; lightning; ocean; rain; stream,LANDSCAPE; WEATHER,band_3plus
s00534,Percy Shelley,Mont Blanc,"Power dwells apart in its tranquillity, Remote, serene, and inaccessible: And THIS, the naked countenance of earth, On which I gaze, even these primaeval mountains Teach the adverting mind.",1,mountain,LANDSCAPE,band_1
s00535,Percy Shelley,Mont Blanc,"The glaciers creep Like snakes that watch their prey, from their far fountains, Slow rolling on; there, many a precipice, Frost and the Sun in scorn of mortal power Have piled: dome, pyramid, and pinnacle, A city of death, distinct with many a tower And wall impregnable of beaming ice.",8,fountain; frost; glacier; precipice; prey; snake; sun; wall,FAUNA; LANDSCAPE; WEATHER,band_3plus
s00536,Percy Shelley,Mont Blanc,"Yet not a city, but a flood of ruin Is there, that from the boundaries of the sky Rolls its perpetual stream; vast pines are strewing Its destined path, or in the mangled soil Branchless and shattered stand; the rocks, drawn down From yon remotest waste, have overthrown The limits of the dead and living world, Never to be reclaimed.",2,pine; stream,FLORA; LANDSCAPE,band_2
s00537,Percy Shelley,Mont Blanc,"The dwelling-place Of insects, beasts, and birds, becomes its spoil; Their food and their retreat for ever gone, So much of life and joy is lost.",3,beast; bird; insect,FAUNA,band_3plus
s00538,Percy Shelley,Mont Blanc,"The race Of man flies far in dread; his work and dwelling Vanish, like smoke before the tempest’s stream, And their place is not known.",2,stream; tempest,LANDSCAPE; WEATHER,band_2
s00539,Percy Shelley,Mont Blanc,"Below, vast caves Shine in the rushing torrents’ restless gleam, Which from those secret chasms in tumult welling Meet in the vale, and one majestic River, The breath and blood of distant lands, for ever Rolls its loud waters to the ocean waves, Breathes its swift vapours to the circling air.",8,air; cave; ocean; river; torrent; vale; water; wave,LANDSCAPE; WEATHER,band_3plus
s00540,Percy Shelley,Mont Blanc,"Mont Blanc yet gleams on high—the power is there, The still and solemn power of many sights, And many sounds, and much of life and death.",0,,,band_0
s00541,Percy Shelley,Mont Blanc,"In the calm darkness of the moonless nights, In the lone glare of day, the snows descend Upon that Mountain; none beholds them there, Nor when the flakes burn in the sinking sun, Or the star-beams dart through them:—Winds contend Silently there, and heap the snow with breath Rapid and strong, but silently!",6,mountain; rapid; snow; star; sun,LANDSCAPE; WEATHER,band_3plus
s00542,Percy Shelley,Mont Blanc,"Its home The voiceless lightning in these solitudes Keeps innocently, and like vapour broods Over the snow.",2,lightning; snow,WEATHER,band_2
s00543,Percy Shelley,Mont Blanc,"The secret strength of things Which governs thought, and to the infinite dome Of heaven is as a law, inhabits thee!",0,,,band_0
s00544,Percy Shelley,Mont Blanc,"And what were thou, and earth, and stars, and sea, If to the human mind’s imaginings Silence and solitude were vacancy?",2,sea; star,LANDSCAPE; WEATHER,band_2
s00545,Percy Shelley,Ode to the West Wind,"O wild West Wind, thou breath of Autumn’s being, Thou, from whose unseen presence the leaves dead Are driven, like ghosts from an enchanter fleeing, Yellow, and black, and pale, and hectic red, Pestilence-stricken multitudes: O thou, Who chariotest to their dark wintry bed The winged seeds, where they lie cold and low, Each like a corpse within its grave, until Thine azure sister of the Spring shall blow Her clarion o’er the dreaming earth, and fill (Driving sweet buds like flocks to feed in air) With living hues and odours plain and hill: Wild Spirit, which art moving everywhere; Destroyer and preserver; hear, oh, hear!",6,air; bed; hill; spring; west wind; wind,LANDSCAPE; WEATHER,band_3plus
s00546,Percy Shelley,Ode to the West Wind,"Thou on whose stream, mid the steep sky’s commotion, Loose clouds like earth’s decaying leaves are shed, Shook from the tangled boughs of Heaven and Ocean, Angels of rain and lightning: there are spread On the blue surface of thine aery surge, Like the bright hair uplifted from the head Of some fierce Maenad, even from the dim verge Of the horizon to the zenith’s height, The locks of the approaching storm.",6,cloud; lightning; ocean; rain; storm; stream,LANDSCAPE; WEATHER,band_3plus
s00547,Percy Shelley,Ode to the West Wind,"Thou dirge Of the dying year, to which this closing night Will be the dome of a vast sepulchre, Vaulted with all thy congregated might Of vapours, from whose solid atmosphere Black rain, and fire, and hail will burst: oh, hear!",3,atmosphere; hail; rain,WEATHER,band_3plus
s00548,Percy Shelley,Ode to the West Wind,"Thou who didst waken from his summer dreams The blue Mediterranean, where he lay, Lulled by the coil of his crystalline streams, Beside a pumice isle in Baiae’s bay, And saw in sleep old palaces and towers Quivering within the wave’s intenser day, All overgrown with azure moss and flowers So sweet, the sense faints picturing them!",5,bay; blue; flower; stream; wave,FAUNA; FLORA; LANDSCAPE; WEATHER,band_3plus
s00549,Percy Shelley,Ode to the West Wind,"Thou For whose path the Atlantic’s level powers Cleave themselves into chasms, while far below The sea-blooms and the oozy woods which wear The sapless foliage of the ocean, know Thy voice, and suddenly grow gray with fear, And tremble and despoil themselves:",3,ocean; sea; wood,FLORA; LANDSCAPE,band_3plus
s00550,Percy Shelley,Ode to the West Wind,"If I were a dead leaf thou mightest bear; If I were a swift cloud to fly with thee; A wave to pant beneath thy power, and share The impulse of thy strength, only less free Than thou, O uncontrollable!",3,bear; cloud; wave,FAUNA; WEATHER,band_3plus
s00551,Percy Shelley,Ode to the West Wind,"If even I were as in my boyhood, and could be The comrade of thy wanderings over Heaven, As then, when to outstrip thy skiey speed Scarce seemed a vision; I would ne’er have striven As thus with thee in prayer in my sore need.",0,,,band_0
s00552,Percy Shelley,Ode to the West Wind,"Oh, lift me as a wave, a leaf, a cloud!",2,cloud; wave,WEATHER,band_2
s00553,Percy Shelley,Ode to the West Wind,I fall upon the thorns of life!,0,,,band_0
s00554,Percy Shelley,Ode to the West Wind,"A heavy weight of hours has chained and bowed One too like thee: tameless, and swift, and proud.",0,,,band_0
s00555,Percy Shelley,Ode to the West Wind,"Make me thy lyre, even as the forest is: What if my leaves are falling like its own!",0,,,band_0
s00556,Percy Shelley,Ode to the West Wind,"The tumult of thy mighty harmonies Will take from both a deep, autumnal tone, Sweet though in sadness.",0,,,band_0
s00557,Percy Shelley,Ode to the West Wind,"Be thou, Spirit fierce, My spirit!",0,,,band_0
s00558,Percy Shelley,Ode to the West Wind,"Be thou me, impetuous one!",0,,,band_0
s00559,Percy Shelley,Ode to the West Wind,Drive my dead thoughts over the universe Like withered leaves to quicken a new birth!,0,,,band_0
s00560,Percy Shelley,Ode to the West Wind,"And, by the incantation of this verse, Scatter, as from an unextinguished hearth Ashes and sparks, my words among mankind!",0,,,band_0
s00561,Percy Shelley,Ode to the West Wind,Be through my lips to unawakened earth The trumpet of a prophecy!,0,,,band_0
s00562,Percy Shelley,Ode to the West Wind,"O, Wind, If Winter comes, can Spring be far behind?",2,spring; wind,LANDSCAPE; WEATHER,band_2
s00563,Percy Shelley,The Cloud,"I bring fresh showers for the thirsting flowers, From the seas and the streams; I bear light shade for the leaves when laid In their noonday dreams.",4,flower; sea; shower; stream,FLORA; LANDSCAPE; WEATHER,band_3plus
s00564,Percy Shelley,The Cloud,"From my wings are shaken the dews that waken The sweet buds every one, When rocked to rest on their mother’s breast, As she dances about the sun.",2,dew; sun,WEATHER,band_2
s00565,Percy Shelley,The Cloud,"I wield the flail of the lashing hail, And whiten the green plains under, And then again I dissolve it in rain, And laugh as I pass in thunder.",2,hail; rain,WEATHER,band_2
s00566,Percy Shelley,The Cloud,"I sift the snow on the mountains below, And their great pines groan aghast; And all the night ’tis my pillow white, While I sleep in the arms of the blast.",4,blast; mountain; pine; snow,FLORA; LANDSCAPE; WEATHER,band_3plus
s00567,Percy Shelley,The Cloud,"Sublime on the towers of my skiey bowers, Lightning my pilot sits; In a cavern under is fettered the thunder, It struggles and howls at fits; Over earth and ocean, with gentle motion, This pilot is guiding me, Lured by the love of the genii that move In the depths of the purple sea; Over the rills, and the crags, and the hills.",7,cavern; crag; hill; lightning; ocean; rill; sea,LANDSCAPE; WEATHER,band_3plus
s00568,Percy Shelley,The Cloud,"Over the lakes and the plains, Wherever he dream, under mountain or stream, The Spirit he loves remains; And I all the while bask in Heaven’s blue smile, Whilst he is dissolving in rains.",4,lake; mountain; rain; stream,LANDSCAPE; WEATHER,band_3plus
s00569,Percy Shelley,The Cloud,"The sanguine Sunrise, with his meteor eyes, And his burning plumes outspread, Leaps on the back of my sailing rack, When the morning star shines dead; As on the jag of a mountain crag, Which an earthquake rocks and swings, An eagle alit one moment may sit In the light of its golden wings.",6,crag; eagle; morning star; mountain; star; sunrise,FAUNA; LANDSCAPE; WEATHER,band_3plus
s00570,Percy Shelley,The Cloud,"And when Sunset may breathe, from the lit sea beneath, Its ardours of rest and of love, And the crimson pall of eve may fall From the depth of Heaven above.",2,sea; sunset,LANDSCAPE; WEATHER,band_2
s00571,Percy Shelley,The Cloud,"With wings folded I rest, on mine aery nest, As still as a brooding dove.",1,dove,FAUNA,band_1
s00572,Percy Shelley,The Cloud,"That orbed maiden with white fire laden, Whom mortals call the Moon, Glides glimmering o’er my fleece-like floor, By the midnight breezes strewn; And wherever the beat of her unseen feet, Which only the angels hear, May have broken the woof of my tent’s thin roof.",2,breeze; moon,WEATHER,band_2
s00573,Percy Shelley,The Cloud,"The stars peep behind her and peer; And I laugh to see them whirl and flee, Like a swarm of golden bees.",2,bee; star,FAUNA; WEATHER,band_2
s00574,Percy Shelley,The Cloud,"When I widen the rent in my wind-built tent, Till the calm rivers, lakes, and seas, Like strips of the sky fallen through me on high, Are each paved with the moon and these.",5,lake; moon; river; sea; wind,LANDSCAPE; WEATHER,band_3plus
s00575,Percy Shelley,The Cloud,"I bind the Sun’s throne with a burning zone, And the Moon’s with a girdle of pearl; The volcanoes are dim, and the stars reel and swim, When the whirlwinds my banner unfurl.",5,moon; star; sun; volcano; whirlwind,LANDSCAPE; WEATHER,band_3plus
s00576,Percy Shelley,The Cloud,"From cape to cape, with a bridge-like shape, Over a torrent sea, Sunbeam-proof, I hand like a roof,— The mountains its columns be.",2,mountain; sea,LANDSCAPE,band_2
s00577,Percy Shelley,The Cloud,"The triumphal arch through which I march With hurricane, fire, and snow, When the Powers of the air are chained to my chair, Is the million-coloured bow; The sphere-fire above its soft colours wove, While the moist Earth was laughing below.",3,air; hurricane; snow,WEATHER,band_3plus
s00578,Percy Shelley,The Cloud,"I am the daughter of Earth and Water, And the nursling of the Sky; I pass through the pores of the ocean and shores; I change, but I cannot die.",3,ocean; shore; water,LANDSCAPE,band_3plus
s00579,Percy Shelley,The Cloud,"For after the rain when with never a stain The pavilion of Heaven is bare, And the winds and sunbeams with their convex gleams Build up the blue dome of air, I silently laugh at my own cenotaph, And out of the caverns of rain, Like a child from the womb, like a ghost from the tomb, I arise and unbuild it again.",5,air; cavern; rain; wind,LANDSCAPE; WEATHER,band_3plus
s00580,Percy Shelley,To a Skylark,"Hail to thee, blithe Spirit!",1,hail,WEATHER,band_1
s00581,Percy Shelley,To a Skylark,"Bird thou never wert, That from Heaven, or near it, Pourest thy full heart In profuse strains of unpremeditated art.",1,bird,FAUNA,band_1
s00582,Percy Shelley,To a Skylark,"Higher still and higher From the earth thou springest Like a cloud of fire; The blue deep thou wingest, And singing still dost soar, and soaring ever singest.",1,cloud,WEATHER,band_1
s00583,Percy Shelley,To a Skylark,"In the golden lightning Of the sunken sun, O’er which clouds are bright’ning.",3,cloud; lightning; sun,WEATHER,band_3plus
s00584,Percy Shelley,To a Skylark,Thou dost float and run; Like an unbodied joy whose race is just begun.,0,,,band_0
s00585,Percy Shelley,To a Skylark,"The pale purple even Melts around thy flight; Like a star of Heaven, In the broad daylight Thou art unseen, but yet I hear thy shrill delight, Keen as are the arrows Of that silver sphere, Whose intense lamp narrows In the white dawn clear Until we hardly see—we feel that it is there.",1,star,WEATHER,band_1
s00586,Percy Shelley,To a Skylark,"All the earth and air With thy voice is loud, As, when night is bare, From one lonely cloud The moon rains out her beams, and Heaven is overflowed.",3,air; cloud; moon,WEATHER,band_3plus
s00587,Percy Shelley,To a Skylark,What thou art we know not; What is most like thee?,0,,,band_0
s00588,Percy Shelley,To a Skylark,From rainbow clouds there flow not Drops so bright to see As from thy presence showers a rain of melody.,4,cloud; drop; rain; shower,LANDSCAPE; WEATHER,band_3plus
s00589,Percy Shelley,To a Skylark,"Like a Poet hidden In the light of thought, Singing hymns unbidden, Till the world is wrought To sympathy with hopes and fears it heeded not: Like a high-born maiden In a palace-tower, Soothing her love-laden Soul in secret hour With music sweet as love, which overflows her bower: Like a glow-worm golden In a dell of dew, Scattering unbeholden Its aereal hue Among the flowers and grass, which screen it from the view!",5,dell; dew; flower; grass; worm,FAUNA; FLORA; LANDSCAPE; WEATHER,band_3plus
s00590,Percy Shelley,To a Skylark,"Like a rose embowered In its own green leaves, By warm winds deflowered, Till the scent it gives Makes faint with too much sweet those heavy-winged thieves: Sound of vernal showers On the twinkling grass, Rain-awakened flowers, All that ever was Joyous, and clear, and fresh, thy music doth surpass: Teach us, Sprite or Bird, What sweet thoughts are thine: I have never heard Praise of love or wine That panted forth a flood of rapture so divine.",7,bird; flower; grass; rain; rose; shower; wind,FAUNA; FLORA; WEATHER,band_3plus
s00591,Percy Shelley,To a Skylark,"Chorus Hymeneal, Or triumphal chant, Matched with thine would be all But an empty vaunt, A thing wherein we feel there is some hidden want.",0,,,band_0
s00592,Percy Shelley,To a Skylark,What objects are the fountains Of thy happy strain?,1,fountain,LANDSCAPE,band_1
s00593,Percy Shelley,To a Skylark,"What fields, or waves, or mountains?",2,mountain; wave,LANDSCAPE; WEATHER,band_2
s00594,Percy Shelley,To a Skylark,What shapes of sky or plain?,0,,,band_0
s00595,Percy Shelley,To a Skylark,What love of thine own kind?,0,,,band_0
s00596,Percy Shelley,To a Skylark,what ignorance of pain?,0,,,band_0
s00597,Percy Shelley,To a Skylark,With thy clear keen joyance Languor cannot be: Shadow of annoyance Never came near thee:,0,,,band_0
s00598,Percy Shelley,To a Skylark,Thou lovest—but ne’er knew love’s sad satiety.,0,,,band_0
s00599,Percy Shelley,To a Skylark,"Waking or asleep, Thou of death must deem Things more true and deep Than we mortals dream, Or how could thy notes flow in such a crystal stream?",1,stream,LANDSCAPE,band_1
s00600,Percy Shelley,To a Skylark,"We look before and after, And pine for what is not: Our sincerest laughter With some pain is fraught; Our sweetest songs are those that tell of saddest thought.",1,pine,FLORA,band_1
s00601,Percy Shelley,To a Skylark,"Yet if we could scorn Hate, and pride, and fear; If we were things born Not to shed a tear, I know not how thy joy we ever should come near.",0,,,band_0
s00602,Percy Shelley,To a Skylark,"Better than all measures Of delightful sound, Better than all treasures That in books are found, Thy skill to poet were, thou scorner of the ground!",0,,,band_0
s00603,Percy Shelley,To a Skylark,"Teach me half the gladness That thy brain must know, Such harmonious madness From my lips would flow The world should listen then—as I am listening now.",0,,,band_0
s00604,Samuel Taylor Coleridge,The Rime of the Ancient Mariner,"It is an ancient Mariner, And he stoppeth one of three.",0,,,band_0
s00605,Samuel Taylor Coleridge,The Rime of the Ancient Mariner,"""By thy long grey beard and glittering eye, Now wherefore stopp'st thou me?",1,grey,FAUNA,band_1
s00606,Samuel Taylor Coleridge,The Rime of the Ancient Mariner,"""The Bridegroom's doors are opened wide, And I am next of kin; The guests are met, the feast is set: May'st hear the merry din.""",0,,,band_0
s00607,Samuel Taylor Coleridge,The Rime of the Ancient Mariner,"He holds him with his skinny hand, ""There was a ship,"" quoth he.",0,,,band_0
s00608,Samuel Taylor Coleridge,The Rime of the Ancient Mariner,"unhand me, grey-beard loon!""",1,loon,FAUNA,band_1
s00609,Samuel Taylor Coleridge,The Rime of the Ancient Mariner,Eftsoons his hand dropt he.,0,,,band_0
s00610,Samuel Taylor Coleridge,The Rime of the Ancient Mariner,He holds him with his glittering eye--,0,,,band_0
s00611,Samuel Taylor Coleridge,The Rime of the Ancient Mariner,"The Wedding-Guest stood still, And listens like a three years child: The Mariner hath his will.",0,,,band_0
s00612,Samuel Taylor Coleridge,The Rime of the Ancient Mariner,"The Wedding-Guest sat on a stone: He cannot chuse but hear; And thus spake on that ancient man, The bright-eyed Mariner.",0,,,band_0
s00613,Samuel Taylor Coleridge,The Rime of the Ancient Mariner,"The ship was cheered, the harbour cleared, Merrily did we drop Below the kirk, below the hill, Below the light-house top.",1,hill,LANDSCAPE,band_1
s00614,Samuel Taylor Coleridge,The Rime of the Ancient Mariner,"The Sun came up upon the left, Out of the sea came he!",2,sea; sun,LANDSCAPE; WEATHER,band_2
s00615,Samuel Taylor Coleridge,The Rime of the Ancient Mariner,"And he shone bright, and on the right Went down into the sea.",1,sea,LANDSCAPE,band_1
s00616,Samuel Taylor Coleridge,The Rime of the Ancient Mariner,"Higher and higher every day, Till over the mast at noon-- The Wedding-Guest here beat his breast, For he heard the loud bassoon.",0,,,band_0
s00617,Samuel Taylor Coleridge,The Rime of the Ancient Mariner,"The bride hath paced into the hall, Red as a rose is she; Nodding their heads before her goes The merry minstrelsy.",1,rose,FLORA,band_1
s00618,Samuel Taylor Coleridge,The Rime of the Ancient Mariner,"The Wedding-Guest he beat his breast, Yet he cannot chuse but hear; And thus spake on that ancient man, The bright-eyed Mariner.",0,,,band_0
s00619,Samuel Taylor Coleridge,The Rime of the Ancient Mariner,"And now the STORM-BLAST came, and he Was tyrannous and strong: He struck with his o'ertaking wings, And chased south along.",2,blast; storm,WEATHER,band_2
s00620,Samuel Taylor Coleridge,The Rime of the Ancient Mariner,"With sloping masts and dipping prow, As who pursued with yell and blow Still treads the shadow of his foe And forward bends his head, The ship drove fast, loud roared the blast, And southward aye we fled.",1,blast,WEATHER,band_1
s00621,Samuel Taylor Coleridge,The Rime of the Ancient Mariner,"And now there came both mist and snow, And it grew wondrous cold: And ice, mast-high, came floating by, As green as emerald.",1,snow,WEATHER,band_1
s00622,Samuel Taylor Coleridge,The Rime of the Ancient Mariner,And through the drifts the snowy clifts Did send a dismal sheen: Nor shapes of men nor beasts we ken--,1,beast,FAUNA,band_1
s00623,Samuel Taylor Coleridge,The Rime of the Ancient Mariner,The ice was all between.,0,,,band_0
s00624,Samuel Taylor Coleridge,The Rime of the Ancient Mariner,"The ice was here, the ice was there, The ice was all around: It cracked and growled, and roared and howled, Like noises in a swound!",0,,,band_0
s00625,Samuel Taylor Coleridge,The Rime of the Ancient Mariner,"At length did cross an Albatross: Thorough the fog it came; As if it had been a Christian soul, We hailed it in God's name.",2,albatross; fog,FAUNA; WEATHER,band_2
s00626,Samuel Taylor Coleridge,The Rime of the Ancient Mariner,"It ate the food it ne'er had eat, And round and round it flew.",0,,,band_0
s00627,Samuel Taylor Coleridge,The Rime of the Ancient Mariner,The ice did split with a thunder-fit; The helmsman steered us through!,0,,,band_0
s00628,Samuel Taylor Coleridge,The Rime of the Ancient Mariner,"And a good south wind sprung up behind; The Albatross did follow, And every day, for food or play, Came to the mariners' hollo!",3,albatross; south wind; wind,FAUNA; WEATHER,band_3plus
s00629,Samuel Taylor Coleridge,The Rime of the Ancient Mariner,"In mist or cloud, on mast or shroud, It perched for vespers nine;",1,cloud,WEATHER,band_1
s00630,Samuel Taylor Coleridge,The Rime of the Ancient Mariner,"Whiles all the night, through fog-smoke white, Glimmered the white Moon-shine.",2,fog; moon,WEATHER,band_2
s00631,Samuel Taylor Coleridge,The Rime of the Ancient Mariner,"""God save thee, ancient Mariner!",0,,,band_0
s00632,Samuel Taylor Coleridge,The Rime of the Ancient Mariner,"From the fiends, that plague thee thus!-- Why look'st thou so?""--With my cross-bow I shot the ALBATROSS.",1,albatross,FAUNA,band_1
s00633,Samuel Taylor Coleridge,The Rime of the Ancient Mariner,"The Sun now rose upon the right: Out of the sea came he, Still hid in mist, and on the left Went down into the sea.",3,sea; sun,LANDSCAPE; WEATHER,band_3plus
s00634,Samuel Taylor Coleridge,The Rime of the Ancient Mariner,"And the good south wind still blew behind But no sweet bird did follow, Nor any day for food or play Came to the mariners' hollo!",3,bird; south wind; wind,FAUNA; WEATHER,band_3plus
s00635,Samuel Taylor Coleridge,The Rime of the Ancient Mariner,"And I had done an hellish thing, And it would work 'em woe: For all averred, I had killed the bird That made the breeze to blow.",2,bird; breeze,FAUNA; WEATHER,band_2
s00636,Samuel Taylor Coleridge,The Rime of the Ancient Mariner,"Ah wretch! said they, the bird to slay That made the breeze to blow!",2,bird; breeze,FAUNA; WEATHER,band_2
s00637,Samuel Taylor Coleridge,The Rime of the Ancient Mariner,"Nor dim nor red, like God's own head, The glorious Sun uprist: Then all averred, I had killed the bird That brought the fog and mist.",3,bird; fog; sun,FAUNA; WEATHER,band_3plus
s00638,Samuel Taylor Coleridge,The Rime of the Ancient Mariner,"'Twas right, said they, such birds to slay, That bring the fog and mist.",2,bird; fog,FAUNA; WEATHER,band_2
s00639,Samuel Taylor Coleridge,The Rime of the Ancient Mariner,"The fair breeze blew, the white foam flew, The furrow followed free: We were the first that ever burst Into that silent sea.",2,breeze; sea,LANDSCAPE; WEATHER,band_2
s00640,Samuel Taylor Coleridge,The Rime of the Ancient Mariner,"Down dropt the breeze, the sails dropt down, 'Twas sad as sad could be; And we did speak only to break The silence of the sea!",2,breeze; sea,LANDSCAPE; WEATHER,band_2
s00641,Samuel Taylor Coleridge,The Rime of the Ancient Mariner,"All in a hot and copper sky, The bloody Sun, at noon, Right up above the mast did stand, No bigger than the Moon.",3,copper; moon; sun,FAUNA; WEATHER,band_3plus
s00642,Samuel Taylor Coleridge,The Rime of the Ancient Mariner,"Day after day, day after day, We stuck, nor breath nor motion; As idle as a painted ship Upon a painted ocean.",1,ocean,LANDSCAPE,band_1
s00643,Samuel Taylor Coleridge,The Rime of the Ancient Mariner,"Water, water, every where, And all the boards did shrink; Water, water, every where, Nor any drop to drink.",5,drop; water,LANDSCAPE,band_3plus
s00644,Samuel Taylor Coleridge,The Rime of the Ancient Mariner,The very deep did rot: O Christ!,0,,,band_0
s00645,Samuel Taylor Coleridge,The Rime of the Ancient Mariner,That ever this should be!,0,,,band_0
s00646,Samuel Taylor Coleridge,The Rime of the Ancient Mariner,"Yea, slimy things did crawl with legs Upon the slimy sea.",1,sea,LANDSCAPE,band_1
s00647,Samuel Taylor Coleridge,The Rime of the Ancient Mariner,"About, about, in reel and rout The death-fires danced at night;",0,,,band_0
s00648,Samuel Taylor Coleridge,The Rime of the Ancient Mariner,"The water, like a witch's oils, Burnt green, and blue and white.",1,water,LANDSCAPE,band_1
s00649,Samuel Taylor Coleridge,The Rime of the Ancient Mariner,And some in dreams assured were Of the spirit that plagued us so: Nine fathom deep he had followed us From the land of mist and snow.,1,snow,WEATHER,band_1
s00650,Samuel Taylor Coleridge,The Rime of the Ancient Mariner,"And every tongue, through utter drought, Was withered at the root; We could not speak, no more than if We had been choked with soot.",0,,,band_0
s00651,Samuel Taylor Coleridge,The Rime of the Ancient Mariner,what evil looks Had I from old and young!,0,,,band_0
s00652,Samuel Taylor Coleridge,The Rime of the Ancient Mariner,"Instead of the cross, the Albatross About my neck was hung.",1,albatross,FAUNA,band_1
s00653,Samuel Taylor Coleridge,The Rime of the Ancient Mariner,There passed a weary time.,0,,,band_0
s00654,Samuel Taylor Coleridge,The Rime of the Ancient Mariner,"Each throat Was parched, and glazed each eye.",0,,,band_0
s00655,Samuel Taylor Coleridge,The Rime of the Ancient Mariner,A weary time!,0,,,band_0
s00656,Samuel Taylor Coleridge,The Rime of the Ancient Mariner,a weary time!,0,,,band_0
s00657,Samuel Taylor Coleridge,The Rime of the Ancient Mariner,"How glazed each weary eye, When looking westward, I beheld A something in the sky.",0,,,band_0
s00658,Samuel Taylor Coleridge,The Rime of the Ancient Mariner,"At first it seemed a little speck, And then it seemed a mist: It moved and moved, and took at last A certain shape, I wist.",0,,,band_0
s00659,Samuel Taylor Coleridge,The Rime of the Ancient Mariner,"A speck, a mist, a shape, I wist!",0,,,band_0
s00660,Samuel Taylor Coleridge,The Rime of the Ancient Mariner,And still it neared and neared:,0,,,band_0
s00661,Samuel Taylor Coleridge,The Rime of the Ancient Mariner,"As if it dodged a water-sprite, It plunged and tacked and veered.",1,water,LANDSCAPE,band_1
s00662,Samuel Taylor Coleridge,The Rime of the Ancient Mariner,"With throats unslaked, with black lips baked, We could not laugh nor wail; Through utter drought all dumb we stood!",0,,,band_0
s00663,Samuel Taylor Coleridge,The Rime of the Ancient Mariner,"I bit my arm, I sucked the blood, And cried, A sail!",0,,,band_0
s00664,Samuel Taylor Coleridge,The Rime of the Ancient Mariner,"With throats unslaked, with black lips baked, Agape they heard me call: Gramercy!",0,,,band_0
s00665,Samuel Taylor Coleridge,The Rime of the Ancient Mariner,"they for joy did grin, And all at once their breath drew in, As they were drinking all.",0,,,band_0
s00666,Samuel Taylor Coleridge,The Rime of the Ancient Mariner,she tacks no more!,0,,,band_0
s00667,Samuel Taylor Coleridge,The Rime of the Ancient Mariner,"Hither to work us weal; Without a breeze, without a tide, She steadies with upright keel!",1,breeze,WEATHER,band_1
s00668,Samuel Taylor Coleridge,The Rime of the Ancient Mariner,The western wave was all a-flame The day was well nigh done!,1,wave,WEATHER,band_1
s00669,Samuel Taylor Coleridge,The Rime of the Ancient Mariner,Almost upon the western wave Rested the broad bright Sun; When that strange shape drove suddenly Betwixt us and the Sun.,3,sun; wave,WEATHER,band_3plus
s00670,Samuel Taylor Coleridge,The Rime of the Ancient Mariner,"And straight the Sun was flecked with bars, (Heaven's Mother send us grace!)",2,bar; sun,LANDSCAPE; WEATHER,band_2
s00671,Samuel Taylor Coleridge,The Rime of the Ancient Mariner,"As if through a dungeon-grate he peered, With broad and burning face.",0,,,band_0
s00672,Samuel Taylor Coleridge,The Rime of the Ancient Mariner,"(thought I, and my heart beat loud)",0,,,band_0
s00673,Samuel Taylor Coleridge,The Rime of the Ancient Mariner,How fast she nears and nears!,0,,,band_0
s00674,Samuel Taylor Coleridge,The Rime of the Ancient Mariner,"Are those her sails that glance in the Sun, Like restless gossameres!",1,sun,WEATHER,band_1
s00675,Samuel Taylor Coleridge,The Rime of the Ancient Mariner,"Are those her ribs through which the Sun Did peer, as through a grate?",1,sun,WEATHER,band_1
s00676,Samuel Taylor Coleridge,The Rime of the Ancient Mariner,And is that Woman all her crew?,0,,,band_0
s00677,Samuel Taylor Coleridge,The Rime of the Ancient Mariner,Is that a DEATH?,0,,,band_0
s00678,Samuel Taylor Coleridge,The Rime of the Ancient Mariner,and are there two?,0,,,band_0
s00679,Samuel Taylor Coleridge,The Rime of the Ancient Mariner,Is DEATH that woman's mate?,1,mate,FAUNA; FLORA,band_1
s00680,Samuel Taylor Coleridge,The Rime of the Ancient Mariner,"Her lips were red, her looks were free, Her locks were yellow as gold: Her skin was as white as leprosy, The Night-Mare LIFE-IN-DEATH was she, Who thicks man's blood with cold.",1,mare,FAUNA,band_1
s00681,Samuel Taylor Coleridge,The Rime of the Ancient Mariner,"The naked hulk alongside came, And the twain were casting dice; ""The game is done!",1,game,FAUNA,band_1
s00682,Samuel Taylor Coleridge,The Rime of the Ancient Mariner,"Quoth she, and whistles thrice.",0,,,band_0
s00683,Samuel Taylor Coleridge,The Rime of the Ancient Mariner,"The Sun's rim dips; the stars rush out: At one stride comes the dark; With far-heard whisper, o'er the sea.",3,sea; star; sun,LANDSCAPE; WEATHER,band_3plus
s00684,Samuel Taylor Coleridge,The Rime of the Ancient Mariner,Off shot the spectre-bark.,0,,,band_0
s00685,Samuel Taylor Coleridge,The Rime of the Ancient Mariner,We listened and looked sideways up!,0,,,band_0
s00686,Samuel Taylor Coleridge,The Rime of the Ancient Mariner,"Fear at my heart, as at a cup, My life-blood seemed to sip!",0,,,band_0
s00687,Samuel Taylor Coleridge,The Rime of the Ancient Mariner,"The stars were dim, and thick the night, The steersman's face by his lamp gleamed white; From the sails the dew did drip-- Till clombe above the eastern bar The horned Moon, with one bright star Within the nether tip.",5,bar; dew; moon; star,LANDSCAPE; WEATHER,band_3plus
s00688,Samuel Taylor Coleridge,The Rime of the Ancient Mariner,"One after one, by the star-dogged Moon Too quick for groan or sigh, Each turned his face with a ghastly pang, And cursed me with his eye.",2,moon; star,WEATHER,band_2
s00689,Samuel Taylor Coleridge,The Rime of the Ancient Mariner,"Four times fifty living men, (And I heard nor sigh nor groan)",0,,,band_0
s00690,Samuel Taylor Coleridge,The Rime of the Ancient Mariner,"With heavy thump, a lifeless lump, They dropped down one by one.",0,,,band_0
s00691,Samuel Taylor Coleridge,The Rime of the Ancient Mariner,"The souls did from their bodies fly,-- They fled to bliss or woe!",0,,,band_0
s00692,Samuel Taylor Coleridge,The Rime of the Ancient Mariner,"And every soul, it passed me by, Like the whizz of my CROSS-BOW!",0,,,band_0
s00693,Samuel Taylor Coleridge,The Rime of the Ancient Mariner,"""I fear thee, ancient Mariner!",0,,,band_0
s00694,Samuel Taylor Coleridge,The Rime of the Ancient Mariner,I fear thy skinny hand!,0,,,band_0
s00695,Samuel Taylor Coleridge,The Rime of the Ancient Mariner,"And thou art long, and lank, and brown, As is the ribbed sea-sand.",1,sea,LANDSCAPE,band_1
s00696,Samuel Taylor Coleridge,The Rime of the Ancient Mariner,"""I fear thee and thy glittering eye, And thy skinny hand, so brown.""--",0,,,band_0
s00697,Samuel Taylor Coleridge,The Rime of the Ancient Mariner,"Fear not, fear not, thou Wedding-Guest!",0,,,band_0
s00698,Samuel Taylor Coleridge,The Rime of the Ancient Mariner,This body dropt not down.,0,,,band_0
s00699,Samuel Taylor Coleridge,The Rime of the Ancient Mariner,"Alone, alone, all, all alone, Alone on a wide wide sea!",1,sea,LANDSCAPE,band_1
s00700,Samuel Taylor Coleridge,The Rime of the Ancient Mariner,And never a saint took pity on My soul in agony.,0,,,band_0
s00701,Samuel Taylor Coleridge,The Rime of the Ancient Mariner,"The many men, so beautiful!",0,,,band_0
s00702,Samuel Taylor Coleridge,The Rime of the Ancient Mariner,And they all dead did lie: And a thousand thousand slimy things Lived on; and so did I.,0,,,band_0
s00703,Samuel Taylor Coleridge,The Rime of the Ancient Mariner,"I looked upon the rotting sea, And drew my eyes away; I looked upon the rotting deck, And there the dead men lay.",1,sea,LANDSCAPE,band_1
s00704,Samuel Taylor Coleridge,The Rime of the Ancient Mariner,"I looked to Heaven, and tried to pray: But or ever a prayer had gusht, A wicked whisper came, and made my heart as dry as dust.",0,,,band_0
s00705,Samuel Taylor Coleridge,The Rime of the Ancient Mariner,"I closed my lids, and kept them close, And the balls like pulses beat; For the sky and the sea, and the sea and the sky Lay like a load on my weary eye, And the dead were at my feet.",2,sea,LANDSCAPE,band_2
s00706,Samuel Taylor Coleridge,The Rime of the Ancient Mariner,"The cold sweat melted from their limbs, Nor rot nor reek did they: The look with which they looked on me Had never passed away.",1,sweat,WEATHER,band_1
s00707,Samuel Taylor Coleridge,The Rime of the Ancient Mariner,An orphan's curse would drag to Hell A spirit from on high; But oh! more horrible than that Is a curse in a dead man's eye!,1,orphan,FAUNA,band_1
s00708,Samuel Taylor Coleridge,The Rime of the Ancient Mariner,"Seven days, seven nights, I saw that curse, And yet I could not die.",0,,,band_0
s00709,Samuel Taylor Coleridge,The Rime of the Ancient Mariner,"The moving Moon went up the sky, And no where did abide: Softly she was going up, And a star or two beside.",2,moon; star,WEATHER,band_2
s00710,Samuel Taylor Coleridge,The Rime of the Ancient Mariner,"Her beams bemocked the sultry main, Like April hoar-frost spread; But where the ship's huge shadow lay, The charmed water burnt alway A still and awful red.",2,frost; water,LANDSCAPE; WEATHER,band_2
s00711,Samuel Taylor Coleridge,The Rime of the Ancient Mariner,"Beyond the shadow of the ship, I watched the water-snakes: They moved in tracks of shining white, And when they reared, the elfish light Fell off in hoary flakes.",3,snake; water; water snake,FAUNA; LANDSCAPE,band_3plus
s00712,Samuel Taylor Coleridge,The Rime of the Ancient Mariner,"Within the shadow of the ship I watched their rich attire: Blue, glossy green, and velvet black, They coiled and swam; and every track Was a flash of golden fire.",1,blue,FAUNA,band_1
s00713,Samuel Taylor Coleridge,The Rime of the Ancient Mariner,O happy living things!,0,,,band_0
s00714,Samuel Taylor Coleridge,The Rime of the Ancient Mariner,"no tongue Their beauty might declare: A spring of love gushed from my heart, And I blessed them unaware: Sure my kind saint took pity on me, And I blessed them unaware.",1,spring,LANDSCAPE,band_1
s00715,Samuel Taylor Coleridge,The Rime of the Ancient Mariner,"The self same moment I could pray; And from my neck so free The Albatross fell off, and sank Like lead into the sea.",2,albatross; sea,FAUNA; LANDSCAPE,band_2
s00716,Samuel Taylor Coleridge,The Rime of the Ancient Mariner,"it is a gentle thing, Beloved from pole to pole!",0,,,band_0
s00717,Samuel Taylor Coleridge,The Rime of the Ancient Mariner,To Mary Queen the praise be given!,1,queen,FAUNA,band_1
s00718,Samuel Taylor Coleridge,The Rime of the Ancient Mariner,"She sent the gentle sleep from Heaven, That slid into my soul.",0,,,band_0
s00719,Samuel Taylor Coleridge,The Rime of the Ancient Mariner,"The silly buckets on the deck, That had so long remained, I dreamt that they were filled with dew; And when I awoke, it rained.",1,dew,WEATHER,band_1
s00720,Samuel Taylor Coleridge,The Rime of the Ancient Mariner,"My lips were wet, my throat was cold, My garments all were dank; Sure I had drunken in my dreams, And still my body drank.",0,,,band_0
s00721,Samuel Taylor Coleridge,The Rime of the Ancient Mariner,"I moved, and could not feel my limbs: I was so light--almost I thought that I had died in sleep, And was a blessed ghost.",0,,,band_0
s00722,Samuel Taylor Coleridge,The Rime of the Ancient Mariner,"And soon I heard a roaring wind: It did not come anear; But with its sound it shook the sails, That were so thin and sere.",1,wind,WEATHER,band_1
s00723,Samuel Taylor Coleridge,The Rime of the Ancient Mariner,The upper air burst into life!,1,air,WEATHER,band_1
s00724,Samuel Taylor Coleridge,The Rime of the Ancient Mariner,"And a hundred fire-flags sheen, To and fro they were hurried about!",1,flag,FLORA,band_1
s00725,Samuel Taylor Coleridge,The Rime of the Ancient Mariner,"And to and fro, and in and out, The wan stars danced between.",1,star,WEATHER,band_1
s00726,Samuel Taylor Coleridge,The Rime of the Ancient Mariner,"And the coming wind did roar more loud, And the sails did sigh like sedge; And the rain poured down from one black cloud; The Moon was at its edge.",5,cloud; moon; rain; sedge; wind,FLORA; WEATHER,band_3plus
s00727,Samuel Taylor Coleridge,The Rime of the Ancient Mariner,"The thick black cloud was cleft, and still The Moon was at its side: Like waters shot from some high crag, The lightning fell with never a jag, A river steep and wide.",6,cloud; crag; lightning; moon; river; water,LANDSCAPE; WEATHER,band_3plus
s00728,Samuel Taylor Coleridge,The Rime of the Ancient Mariner,"The loud wind never reached the ship, Yet now the ship moved on!",1,wind,WEATHER,band_1
s00729,Samuel Taylor Coleridge,The Rime of the Ancient Mariner,Beneath the lightning and the Moon The dead men gave a groan.,2,lightning; moon,WEATHER,band_2
s00730,Samuel Taylor Coleridge,The Rime of the Ancient Mariner,"They groaned, they stirred, they all uprose, Nor spake, nor moved their eyes; It had been strange, even in a dream, To have seen those dead men rise.",0,,,band_0
s00731,Samuel Taylor Coleridge,The Rime of the Ancient Mariner,"The helmsman steered, the ship moved on; Yet never a breeze up blew; The mariners all 'gan work the ropes, Where they were wont to do: They raised their limbs like lifeless tools-- We were a ghastly crew.",1,breeze,WEATHER,band_1
s00732,Samuel Taylor Coleridge,The Rime of the Ancient Mariner,"The body of my brother's son, Stood by me, knee to knee: The body and I pulled at one rope, But he said nought to me.",0,,,band_0
s00733,Samuel Taylor Coleridge,The Rime of the Ancient Mariner,"""I fear thee, ancient Mariner!""",0,,,band_0
s00734,Samuel Taylor Coleridge,The Rime of the Ancient Mariner,"Be calm, thou Wedding-Guest! '",0,,,band_0
s00735,Samuel Taylor Coleridge,The Rime of the Ancient Mariner,"Twas not those souls that fled in pain, Which to their corses came again, But a troop of spirits blest:",0,,,band_0
s00736,Samuel Taylor Coleridge,The Rime of the Ancient Mariner,"For when it dawned--they dropped their arms, And clustered round the mast; Sweet sounds rose slowly through their mouths, And from their bodies passed.",1,mouth,LANDSCAPE,band_1
s00737,Samuel Taylor Coleridge,The Rime of the Ancient Mariner,"Around, around, flew each sweet sound, Then darted to the Sun; Slowly the sounds came back again, Now mixed, now one by one.",1,sun,WEATHER,band_1
s00738,Samuel Taylor Coleridge,The Rime of the Ancient Mariner,"Sometimes a-dropping from the sky I heard the sky-lark sing; Sometimes all little birds that are, How they seemed to fill the sea and air With their sweet jargoning!",3,air; bird; sea,FAUNA; LANDSCAPE; WEATHER,band_3plus
s00739,Samuel Taylor Coleridge,The Rime of the Ancient Mariner,"And now 'twas like all instruments, Now like a lonely flute;",0,,,band_0
s00740,Samuel Taylor Coleridge,The Rime of the Ancient Mariner,"And now it is an angel's song, That makes the Heavens be mute.",0,,,band_0
s00741,Samuel Taylor Coleridge,The Rime of the Ancient Mariner,"It ceased; yet still the sails made on A pleasant noise till noon, A noise like of a hidden brook In the leafy month of June, That to the sleeping woods all night Singeth a quiet tune.",2,brook; wood,FLORA; LANDSCAPE,band_2
s00742,Samuel Taylor Coleridge,The Rime of the Ancient Mariner,"Till noon we quietly sailed on, Yet never a breeze did breathe: Slowly and smoothly went the ship, Moved onward from beneath.",1,breeze,WEATHER,band_1
s00743,Samuel Taylor Coleridge,The Rime of the Ancient Mariner,"Under the keel nine fathom deep, From the land of mist and snow, The spirit slid: and it was he That made the ship to go.",1,snow,WEATHER,band_1
s00744,Samuel Taylor Coleridge,The Rime of the Ancient Mariner,"The sails at noon left off their tune, And the ship stood still also.",0,,,band_0
s00745,Samuel Taylor Coleridge,The Rime of the Ancient Mariner,"The Sun, right up above the mast, Had fixed her to the ocean: But in a minute she 'gan stir, With a short uneasy motion-- Backwards and forwards half her length With a short uneasy motion.",2,ocean; sun,LANDSCAPE; WEATHER,band_2
s00746,Samuel Taylor Coleridge,The Rime of the Ancient Mariner,"Then like a pawing horse let go, She made a sudden bound: It flung the blood into my head, And I fell down in a swound.",1,horse,FAUNA,band_1
s00747,Samuel Taylor Coleridge,The Rime of the Ancient Mariner,"How long in that same fit I lay, I have not to declare; But ere my living life returned, I heard and in my soul discerned Two VOICES in the air.",1,air,WEATHER,band_1
s00748,Samuel Taylor Coleridge,The Rime of the Ancient Mariner,"""Is it he?""",0,,,band_0
s00749,Samuel Taylor Coleridge,The Rime of the Ancient Mariner,"quoth one, ""Is this the man?",0,,,band_0
s00750,Samuel Taylor Coleridge,The Rime of the Ancient Mariner,"By him who died on cross, With his cruel bow he laid full low, The harmless Albatross.",1,albatross,FAUNA,band_1
s00751,Samuel Taylor Coleridge,The Rime of the Ancient Mariner,"""The spirit who bideth by himself In the land of mist and snow, He loved the bird that loved the man Who shot him with his bow.""",2,bird; snow,FAUNA; WEATHER,band_2
s00752,Samuel Taylor Coleridge,The Rime of the Ancient Mariner,"The other was a softer voice, As soft as honey-dew: Quoth he, ""The man hath penance done, And penance more will do.""",1,dew,WEATHER,band_1
s00753,Samuel Taylor Coleridge,The Rime of the Ancient Mariner,"But tell me, tell me!",0,,,band_0
s00754,Samuel Taylor Coleridge,The Rime of the Ancient Mariner,"speak again, Thy soft response renewing--",0,,,band_0
s00755,Samuel Taylor Coleridge,The Rime of the Ancient Mariner,What makes that ship drive on so fast?,0,,,band_0
s00756,Samuel Taylor Coleridge,The Rime of the Ancient Mariner,What is the OCEAN doing?,1,ocean,LANDSCAPE,band_1
s00757,Samuel Taylor Coleridge,The Rime of the Ancient Mariner,"Still as a slave before his lord, The OCEAN hath no blast; His great bright eye most silently Up to the Moon is cast--",3,blast; moon; ocean,LANDSCAPE; WEATHER,band_3plus
s00758,Samuel Taylor Coleridge,The Rime of the Ancient Mariner,"If he may know which way to go; For she guides him smooth or grim See, brother, see!",0,,,band_0
s00759,Samuel Taylor Coleridge,The Rime of the Ancient Mariner,how graciously She looketh down on him.,0,,,band_0
s00760,Samuel Taylor Coleridge,The Rime of the Ancient Mariner,"But why drives on that ship so fast, Without or wave or wind?",2,wave; wind,WEATHER,band_2
s00761,Samuel Taylor Coleridge,The Rime of the Ancient Mariner,"The air is cut away before, And closes from behind.",1,air,WEATHER,band_1
s00762,Samuel Taylor Coleridge,The Rime of the Ancient Mariner,"Fly, brother, fly!",1,fly,FAUNA,band_1
s00763,Samuel Taylor Coleridge,The Rime of the Ancient Mariner,"more high, more high",0,,,band_0
s00764,Samuel Taylor Coleridge,The Rime of the Ancient Mariner,"Or we shall be belated: For slow and slow that ship will go, When the Mariner's trance is abated.",0,,,band_0
s00765,Samuel Taylor Coleridge,The Rime of the Ancient Mariner,"I woke, and we were sailing on As in a gentle weather: 'Twas night, calm night, the Moon was high; The dead men stood together.",2,moon; weather,WEATHER,band_2
s00766,Samuel Taylor Coleridge,The Rime of the Ancient Mariner,"All stood together on the deck, For a charnel-dungeon fitter: All fixed on me their stony eyes, That in the Moon did glitter.",1,moon,WEATHER,band_1
s00767,Samuel Taylor Coleridge,The Rime of the Ancient Mariner,"The pang, the curse, with which they died, Had never passed away: I could not draw my eyes from theirs, Nor turn them up to pray.",0,,,band_0
s00768,Samuel Taylor Coleridge,The Rime of the Ancient Mariner,And now this spell was snapt: once more I viewed the ocean green.,1,ocean,LANDSCAPE,band_1
s00769,Samuel Taylor Coleridge,The Rime of the Ancient Mariner,"And looked far forth, yet little saw Of what had else been seen-- Like one that on a lonesome road Doth walk in fear and dread, And having once turned round walks on, And turns no more his head; Because he knows, a frightful fiend Doth close behind him tread.",0,,,band_0
s00770,Samuel Taylor Coleridge,The Rime of the Ancient Mariner,"But soon there breathed a wind on me, Nor sound nor motion made: Its path was not upon the sea, In ripple or in shade.",2,sea; wind,LANDSCAPE; WEATHER,band_2
s00771,Samuel Taylor Coleridge,The Rime of the Ancient Mariner,"It raised my hair, it fanned my cheek Like a meadow-gale of spring-- It mingled strangely with my fears, Yet it felt like a welcoming.",1,gale,WEATHER,band_1
s00772,Samuel Taylor Coleridge,The Rime of the Ancient Mariner,"Swiftly, swiftly flew the ship, Yet she sailed softly too: Sweetly, sweetly blew the breeze-- On me alone it blew.",0,,,band_0
s00773,Samuel Taylor Coleridge,The Rime of the Ancient Mariner,Oh! dream of joy!,0,,,band_0
s00774,Samuel Taylor Coleridge,The Rime of the Ancient Mariner,is this indeed The light-house top I see?,0,,,band_0
s00775,Samuel Taylor Coleridge,The Rime of the Ancient Mariner,Is this the hill?,1,hill,LANDSCAPE,band_1
s00776,Samuel Taylor Coleridge,The Rime of the Ancient Mariner,is this the kirk?,0,,,band_0
s00777,Samuel Taylor Coleridge,The Rime of the Ancient Mariner,Is this mine own countree!,0,,,band_0
s00778,Samuel Taylor Coleridge,The Rime of the Ancient Mariner,"We drifted o'er the harbour-bar, And I with sobs did pray-- O let me be awake, my God!",1,bar,LANDSCAPE,band_1
s00779,Samuel Taylor Coleridge,The Rime of the Ancient Mariner,Or let me sleep alway.,0,,,band_0
s00780,Samuel Taylor Coleridge,The Rime of the Ancient Mariner,"The harbour-bay was clear as glass, So smoothly it was strewn!",1,bay,FAUNA; FLORA; LANDSCAPE,band_1
s00781,Samuel Taylor Coleridge,The Rime of the Ancient Mariner,"And on the bay the moonlight lay, And the shadow of the moon.",2,bay; moon,FAUNA; FLORA; LANDSCAPE; WEATHER,band_2
s00782,Samuel Taylor Coleridge,The Rime of the Ancient Mariner,"The rock shone bright, the kirk no less, That stands above the rock: The moonlight steeped in silentness The steady weathercock.",0,,,band_0
s00783,Samuel Taylor Coleridge,The Rime of the Ancient Mariner,"And the bay was white with silent light, Till rising from the same, Full many shapes, that shadows were, In crimson colours came.",1,bay,FAUNA; FLORA; LANDSCAPE,band_1
s00784,Samuel Taylor Coleridge,The Rime of the Ancient Mariner,"A little distance from the prow Those crimson shadows were: I turned my eyes upon the deck-- Oh, Christ!",0,,,band_0
s00785,Samuel Taylor Coleridge,The Rime of the Ancient Mariner,what saw I there!,0,,,band_0
s00786,Samuel Taylor Coleridge,The Rime of the Ancient Mariner,"Each corse lay flat, lifeless and flat, And, by the holy rood!",0,,,band_0
s00787,Samuel Taylor Coleridge,The Rime of the Ancient Mariner,"A man all light, a seraph-man, On every corse there stood.",0,,,band_0
s00788,Samuel Taylor Coleridge,The Rime of the Ancient Mariner,"This seraph band, each waved his hand: It was a heavenly sight!",0,,,band_0
s00789,Samuel Taylor Coleridge,The Rime of the Ancient Mariner,"They stood as signals to the land, Each one a lovely light: This seraph-band, each waved his hand, No voice did they impart-- No voice; but",0,,,band_0
s00790,Samuel Taylor Coleridge,The Rime of the Ancient Mariner,the silence sank Like music on my heart.,0,,,band_0
s00791,Samuel Taylor Coleridge,The Rime of the Ancient Mariner,"But soon I heard the dash of oars; I heard the Pilot's cheer; My head was turned perforce away, And I saw a boat appear.",0,,,band_0
s00792,Samuel Taylor Coleridge,The Rime of the Ancient Mariner,"The Pilot, and the Pilot's boy, I heard them coming fast: Dear Lord in Heaven!",0,,,band_0
s00793,Samuel Taylor Coleridge,The Rime of the Ancient Mariner,it was a joy The dead men could not blast.,0,,,band_0
s00794,Samuel Taylor Coleridge,The Rime of the Ancient Mariner,I saw a third--I heard his voice: It is the Hermit good!,0,,,band_0
s00795,Samuel Taylor Coleridge,The Rime of the Ancient Mariner,He singeth loud his godly hymns That he makes in the wood.,1,wood,FLORA,band_1
s00796,Samuel Taylor Coleridge,The Rime of the Ancient Mariner,"He'll shrieve my soul, he'll wash away The Albatross's blood.",1,albatross,FAUNA,band_1
s00797,Samuel Taylor Coleridge,The Rime of the Ancient Mariner,This Hermit good lives in that wood Which slopes down to the sea.,2,sea; wood,FLORA; LANDSCAPE,band_2
s00798,Samuel Taylor Coleridge,The Rime of the Ancient Mariner,How loudly his sweet voice he rears!,0,,,band_0
s00799,Samuel Taylor Coleridge,The Rime of the Ancient Mariner,He loves to talk with marineres That come from a far countree.,0,,,band_0
s00800,Samuel Taylor Coleridge,The Rime of the Ancient Mariner,He kneels at morn and noon and eve-- He hath a cushion plump: It is the moss that wholly hides The rotted old oak-stump.,1,oak,FLORA,band_1
s00801,Samuel Taylor Coleridge,The Rime of the Ancient Mariner,The skiff-boat neared:,0,,,band_0
s00802,Samuel Taylor Coleridge,The Rime of the Ancient Mariner,"I heard them talk, ""Why this is strange, I trow!",0,,,band_0
s00803,Samuel Taylor Coleridge,The Rime of the Ancient Mariner,"Where are those lights so many and fair, That signal made but now?""",0,,,band_0
s00804,Samuel Taylor Coleridge,The Rime of the Ancient Mariner,"""Strange, by my faith!""",0,,,band_0
s00805,Samuel Taylor Coleridge,The Rime of the Ancient Mariner,"the Hermit said-- ""And they answered not our cheer!",0,,,band_0
s00806,Samuel Taylor Coleridge,The Rime of the Ancient Mariner,The planks looked warped!,0,,,band_0
s00807,Samuel Taylor Coleridge,The Rime of the Ancient Mariner,"and see those sails, How thin they are and sere!",0,,,band_0
s00808,Samuel Taylor Coleridge,The Rime of the Ancient Mariner,"I never saw aught like to them, Unless perchance it were ""Brown skeletons of leaves that lag My forest-brook along; When the ivy-tod is heavy with snow, And the owlet whoops to the wolf below, That eats the she-wolf's young.""",6,brook; ivy; owlet; snow; wolf,FAUNA; FLORA; LANDSCAPE; WEATHER,band_3plus
s00809,Samuel Taylor Coleridge,The Rime of the Ancient Mariner,it hath a fiendish look-- (The Pilot made reply),0,,,band_0
s00810,Samuel Taylor Coleridge,The Rime of the Ancient Mariner,"I am a-feared""--""Push on, push on!""",0,,,band_0
s00811,Samuel Taylor Coleridge,The Rime of the Ancient Mariner,Said the Hermit cheerily.,0,,,band_0
s00812,Samuel Taylor Coleridge,The Rime of the Ancient Mariner,"The boat came closer to the ship, But I nor spake nor stirred; The boat came close beneath the ship, And straight a sound was heard.",0,,,band_0
s00813,Samuel Taylor Coleridge,The Rime of the Ancient Mariner,"Under the water it rumbled on, Still louder and more dread: It reached the ship, it split the bay; The ship went down like lead.",2,bay; water,FAUNA; FLORA; LANDSCAPE,band_2
s00814,Samuel Taylor Coleridge,The Rime of the Ancient Mariner,"Stunned by that loud and dreadful sound, Which sky and ocean smote, Like one that hath been seven days drowned My body lay afloat; But swift as dreams, myself I found Within the Pilot's boat.",1,ocean,LANDSCAPE,band_1
s00815,Samuel Taylor Coleridge,The Rime of the Ancient Mariner,"Upon the whirl, where sank the ship, The boat spun round and round; And all was still, save that the hill Was telling of the sound.",1,hill,LANDSCAPE,band_1
s00816,Samuel Taylor Coleridge,The Rime of the Ancient Mariner,"I moved my lips--the Pilot shrieked And fell down in a fit; The holy Hermit raised his eyes, And prayed where he did sit.",0,,,band_0
s00817,Samuel Taylor Coleridge,The Rime of the Ancient Mariner,"I took the oars: the Pilot's boy, Who now doth crazy go, Laughed loud and long, and all the while His eyes went to and fro.",0,,,band_0
s00818,Samuel Taylor Coleridge,The Rime of the Ancient Mariner,"quoth he, ""full plain I see, The Devil knows how to row.""",0,,,band_0
s00819,Samuel Taylor Coleridge,The Rime of the Ancient Mariner,"And now, all in my own countree, I stood on the firm land!",0,,,band_0
s00820,Samuel Taylor Coleridge,The Rime of the Ancient Mariner,"The Hermit stepped forth from the boat, And scarcely he could stand.",0,,,band_0
s00821,Samuel Taylor Coleridge,The Rime of the Ancient Mariner,"""O shrieve me, shrieve me, holy man!""",0,,,band_0
s00822,Samuel Taylor Coleridge,The Rime of the Ancient Mariner,The Hermit crossed his brow.,0,,,band_0
s00823,Samuel Taylor Coleridge,The Rime of the Ancient Mariner,"""Say quick,"" quoth he, ""I bid thee say--",0,,,band_0
s00824,Samuel Taylor Coleridge,The Rime of the Ancient Mariner,"What manner of man art thou?""",0,,,band_0
s00825,Samuel Taylor Coleridge,The Rime of the Ancient Mariner,"Forthwith this frame of mine was wrenched With a woeful agony, Which forced me to begin my tale; And then it left me free.",0,,,band_0
s00826,Samuel Taylor Coleridge,The Rime of the Ancient Mariner,"Since then, at an uncertain hour, That agony returns; And till my ghastly tale is told, This heart within me burns.",0,,,band_0
s00827,Samuel Taylor Coleridge,The Rime of the Ancient Mariner,"I pass, like night, from land to land; I have strange power of speech; That moment that his face I see, I know the man that must hear me: To him my tale I teach.",0,,,band_0
s00828,Samuel Taylor Coleridge,The Rime of the Ancient Mariner,What loud uproar bursts from that door!,0,,,band_0
s00829,Samuel Taylor Coleridge,The Rime of the Ancient Mariner,"The wedding-guests are there: But in the garden-bower the bride And bride-maids singing are: And hark the little vesper bell, Which biddeth me to prayer!",0,,,band_0
s00830,Samuel Taylor Coleridge,The Rime of the Ancient Mariner,"this soul hath been Alone on a wide wide sea: So lonely 'twas, that God himself Scarce seemed there to be.",1,sea,LANDSCAPE,band_1
s00831,Samuel Taylor Coleridge,The Rime of the Ancient Mariner,"O sweeter than the marriage-feast, 'Tis sweeter far to me, To walk together to the kirk With a goodly company!-- To walk together to the kirk, And all together pray, While each to his great Father bends, Old men, and babes, and loving friends, And youths and maidens gay!",1,old man,FLORA,band_1
s00832,Samuel Taylor Coleridge,The Rime of the Ancient Mariner,"but this I tell To thee, thou Wedding-Guest!",0,,,band_0
s00833,Samuel Taylor Coleridge,The Rime of the Ancient Mariner,"He prayeth well, who loveth well Both man and bird and beast.",2,beast; bird,FAUNA,band_2
s00834,Samuel Taylor Coleridge,The Rime of the Ancient Mariner,"He prayeth best, who loveth best All things both great and small; For the dear God who loveth us He made and loveth all.",0,,,band_0
s00835,Samuel Taylor Coleridge,The Rime of the Ancient Mariner,"The Mariner, whose eye is bright, Whose beard with age is hoar, Is gone: and now the Wedding-Guest Turned from the bridegroom's door.",0,,,band_0
s00836,Samuel Taylor Coleridge,The Rime of the Ancient Mariner,"He went like one that hath been stunned, And is of sense forlorn: A sadder and a wiser man, He rose the morrow morn.",0,,,band_0
s00837,William Wordsworth,Lines Written a Few Miles above Tintern Abbey,"Five years have passed; five summers, with the length Of five long winters!",0,,,band_0
s00838,William Wordsworth,Lines Written a Few Miles above Tintern Abbey,"and again I hear These waters, rolling from their mountain-springs With a sweet inland murmur.--Once",3,mountain; spring; water,LANDSCAPE,band_3plus
s00839,William Wordsworth,Lines Written a Few Miles above Tintern Abbey,"again Do I behold these steep and lofty cliffs, Which on a wild secluded scene impress Thoughts of more deep seclusion; and connect The landscape with the quiet of the sky.",1,cliff,LANDSCAPE,band_1
s00840,William Wordsworth,Lines Written a Few Miles above Tintern Abbey,"The day is come when I again repose Here, under this dark sycamore, and view These plots of cottage-ground, these orchard-tufts, Which, at this season, with their unripe fruits, Among the woods and copses lose themselves, Nor, with their green and simple hue, disturb The wild green landscape.",2,sycamore; wood,FLORA,band_2
s00841,William Wordsworth,Lines Written a Few Miles above Tintern Abbey,"Once again I see These hedge-rows, hardly hedge-rows, little lines Of sportive wood run wild; these pastoral farms Green to the very door; and wreathes of smoke Sent up, in silence, from among the trees, With some uncertain notice, as might seem, Of vagrant dwellers in the houseless woods, Or of some hermit’s cave, where by his fire The hermit sits alone.",5,cave; run; tree; wood,FLORA; LANDSCAPE,band_3plus
s00842,William Wordsworth,Lines Written a Few Miles above Tintern Abbey,"Though absent long, These forms of beauty have not been to me, As is a landscape to a blind man’s eye: But oft, in lonely rooms, and mid the din Of towns and cities, I have owed to them, In hours of weariness, sensations sweet, Felt in the blood, and felt along the heart, And passing even into my purer mind With tranquil restoration:--feelings too Of unremembered pleasure; such, perhaps, As may have had no trivial influence On that best portion of a good man’s life; His little, nameless, unremembered acts Of kindness and of love.",0,,,band_0
s00843,William Wordsworth,Lines Written a Few Miles above Tintern Abbey,"Nor less, I trust, To them I may have owed another gift, Of aspect more sublime; that blessed mood, In which the burthen of the mystery, In which the heavy and the weary weight Of all this unintelligible world Is lighten’d:--that serene and blessed mood, In which the affections gently lead us on, Until, the breath of this corporeal frame, And even the motion of our human blood Almost suspended, we are laid asleep In body, and become a living soul: While with an eye made quiet by the power Of harmony, and the deep power of joy, We see into the life of things.",0,,,band_0
s00844,William Wordsworth,Lines Written a Few Miles above Tintern Abbey,"If this Be but a vain belief, yet, oh!",0,,,band_0
s00845,William Wordsworth,Lines Written a Few Miles above Tintern Abbey,"how oft, In darkness, and amid the many shapes Of joyless day-light; when the fretful stir Unprofitable, and the fever of the world, Have hung upon the beatings of my heart, How oft, in spirit, have I turned to thee O sylvan Wye!",0,,,band_0
s00846,William Wordsworth,Lines Written a Few Miles above Tintern Abbey,"Thou wanderer through the woods, How often has my spirit turned to thee!",1,wood,FLORA,band_1
s00847,William Wordsworth,Lines Written a Few Miles above Tintern Abbey,"And now, with gleams of half-extinguish’d thought, With many recognitions dim and faint, And somewhat of a sad perplexity, The picture of the mind revives again: While here I stand, not only with the sense Of present pleasure, but with pleasing thoughts That in this moment there is life and food For future years.",0,,,band_0
s00848,William Wordsworth,Lines Written a Few Miles above Tintern Abbey,"And so I dare to hope Though changed, no doubt, from what I was, when first I came among these hills; when like a roe I bounded o’er the mountains, by the sides Of the deep rivers, and the lonely streams, Wherever nature led; more like a man Flying from something that he dreads, than one Who sought the thing he loved.",4,hill; mountain; river; stream,LANDSCAPE,band_3plus
s00849,William Wordsworth,Lines Written a Few Miles above Tintern Abbey,"For nature then (The coarser pleasures of my boyish days, And their glad animal movements all gone by,)",1,animal,FAUNA,band_1
s00850,William Wordsworth,Lines Written a Few Miles above Tintern Abbey,To me was all in all.--I cannot paint What then I was.,0,,,band_0
s00851,William Wordsworth,Lines Written a Few Miles above Tintern Abbey,"The sounding cataract Haunted me like a passion: the tall rock, The mountain, and the deep and gloomy wood, Their colours and their forms, were then to me An appetite: a feeling and a love, That had no need of a remoter charm, By thought supplied, or any interest Unborrowed from the eye.--That time is past, And all its aching joys are now no more, And all its dizzy raptures.",3,cataract; mountain; wood,FLORA; LANDSCAPE,band_3plus
s00852,William Wordsworth,Lines Written a Few Miles above Tintern Abbey,"Not for this Faint I, nor mourn nor murmur: other gifts Have followed, for such loss, I would believe, Abundant recompence.",0,,,band_0
s00853,William Wordsworth,Lines Written a Few Miles above Tintern Abbey,"For I have learned To look on nature, not as in the hour Of thoughtless youth, but hearing oftentimes The still, sad music of humanity, Not harsh nor grating, though of ample power To chasten and subdue.",1,humanity,FAUNA,band_1
s00854,William Wordsworth,Lines Written a Few Miles above Tintern Abbey,"And I have felt A presence that disturbs me with the joy Of elevated thoughts; a sense sublime Of something far more deeply interfused, Whose dwelling is the light of setting suns, And the round ocean, and the living air, And the blue sky, and in the mind of man, A motion and a spirit, that impels All thinking things, all objects of all thought, And rolls through all things.",3,air; ocean; sun,LANDSCAPE; WEATHER,band_3plus
s00855,William Wordsworth,Lines Written a Few Miles above Tintern Abbey,"Therefore am I still A lover of the meadows and the woods, And mountains; and of all that we behold From this green earth; of all the mighty world Of eye and ear, both what they half-create,And what perceive; well pleased to recognize In nature and the language of the sense, The anchor of my purest thoughts, the nurse, The guide, the guardian of my heart, and soul Of all my moral being.",2,mountain; wood,FLORA; LANDSCAPE,band_2
s00856,William Wordsworth,Lines Written a Few Miles above Tintern Abbey,"Nor, perchance, If I were not thus taught, should I the more Suffer my genial spirits to decay: For thou art with me, here, upon the banks Of this fair river; thou, my dearest Friend, My dear, dear Friend, and in thy voice I catch The language of my former heart, and read My former pleasures in the shooting lights Of thy wild eyes.",2,bank; river,LANDSCAPE,band_2
s00857,William Wordsworth,Lines Written a Few Miles above Tintern Abbey,"yet a little while May I behold in thee what I was once, My dear, dear Sister!",0,,,band_0
s00858,William Wordsworth,Lines Written a Few Miles above Tintern Abbey,"And this prayer I make, Knowing that Nature never did betray The heart that loved her; ’tis her privilege, Through all the years of this our life, to lead From joy to joy: for she can so inform The mind that is within us, so impress With quietness and beauty, and so feed With lofty thoughts, that neither evil tongues, Rash judgments, nor the sneers of selfish men, Nor greetings where no kindness is, nor all The dreary intercourse of daily life, Shall e’er prevail against us, or disturb Our chearful faith that all which we behold Is full of blessings.",0,,,band_0
s00859,William Wordsworth,Lines Written a Few Miles above Tintern Abbey,"Therefore let the moon Shine on thee in thy solitary walk; And let the misty mountain winds be free To blow against thee: and in after years, When these wild ecstasies shall be matured Into a sober pleasure, when thy mind Shall be a mansion for all lovely forms, Thy memory be as a dwelling-place For all sweet sounds and harmonies; Oh!",3,moon; mountain; wind,LANDSCAPE; WEATHER,band_3plus
s00860,William Wordsworth,Lines Written a Few Miles above Tintern Abbey,"then, If solitude, or fear, or pain, or grief, Should be thy portion, with what healing thoughts Of tender joy wilt thou remember me, And these my exhortations!",0,,,band_0
s00861,William Wordsworth,Lines Written a Few Miles above Tintern Abbey,"Nor, perchance, If I should be, where I no more can hear Thy voice, nor catch from thy wild eyes these gleams Of past existence, wilt thou then forget That on the banks of this delightful stream We stood together; and that I, so long A worshipper of Nature, hither came, Unwearied in that service: rather say With warmer love, oh!",2,bank; stream,LANDSCAPE,band_2
s00862,William Wordsworth,Lines Written a Few Miles above Tintern Abbey,with far deeper zeal Of holier love.,0,,,band_0
s00863,William Wordsworth,Lines Written a Few Miles above Tintern Abbey,"Nor wilt thou then forget, That after many wanderings, many years Of absence, these steep woods and lofty cliffs, And this green pastoral landscape, were to me More dear, both for themselves, and for thy sake.",2,cliff; wood,FLORA; LANDSCAPE,band_2
s00864,William Wordsworth,Lines Written in Early Spring,"I heard a thousand blended notes, While in a grove I sate reclined, In that sweet mood when pleasant thoughts Bring sad thoughts to the mind.",0,,,band_0
s00865,William Wordsworth,Lines Written in Early Spring,To her fair works did nature link The human soul that through me ran; And much it griev’d my heart to think What man has made of man.,0,,,band_0
s00866,William Wordsworth,Lines Written in Early Spring,"Through primrose-tufts, in that sweet bower, The periwinkle trail’d its wreathes; And ’tis my faith that every flower Enjoys the air it breathes.",4,air; flower; periwinkle; primrose,FAUNA; FLORA; WEATHER,band_3plus
s00867,William Wordsworth,Lines Written in Early Spring,"The birds around me hopp’d and play’d: Their thoughts I cannot measure, But the least motion which they made, It seem’d a thrill of pleasure.",1,bird,FAUNA,band_1
s00868,William Wordsworth,Lines Written in Early Spring,"The budding twigs spread out their fan, To catch the breezy air; And I must think, do all I can, That there was pleasure there.",1,air,WEATHER,band_1
s00869,William Wordsworth,Lines Written in Early Spring,"If I these thoughts may not prevent, If such be of my creed the plan, Have I not reason to lament What man has made of man?",0,,,band_0
s00870,William Wordsworth,The Tables Turned,"my friend, and clear your looks, Why all this toil and trouble?",0,,,band_0
s00871,William Wordsworth,The Tables Turned,"my friend, and quit your books, Or surely you’ll grow double.",0,,,band_0
s00872,William Wordsworth,The Tables Turned,"The sun above the mountain’s head, A freshening lustre mellow, Through all the long green fields has spread, His first sweet evening yellow.",2,mountain; sun,LANDSCAPE; WEATHER,band_2
s00873,William Wordsworth,The Tables Turned,"Books! ’tis a dull and endless strife, Come, hear the woodland linnet, How sweet his music; on my life There’s more of wisdom in it.",1,linnet,FAUNA,band_1
s00874,William Wordsworth,The Tables Turned,how blithe the throstle sings!,1,throstle,FAUNA,band_1
s00875,William Wordsworth,The Tables Turned,"And he is no mean preacher; Come forth into the light of things, Let Nature be your teacher.",0,,,band_0
s00876,William Wordsworth,The Tables Turned,"She has a world of ready wealth, Our minds and hearts to bless-- Spontaneous wisdom breathed by health, Truth breathed by chearfulness.",0,,,band_0
s00877,William Wordsworth,The Tables Turned,"One impulse from a vernal wood May teach you more of man; Of moral evil and of good, Than all the sages can.",2,sage; wood,FLORA,band_2
s00878,William Wordsworth,The Tables Turned,Sweet is the lore which nature brings; Our meddling intellect Misshapes the beauteous forms of things; --We murder to dissect.,0,,,band_0
s00879,William Wordsworth,The Tables Turned,"Enough of science and of art; Close up these barren leaves; Come forth, and bring with you a heart That watches and receives.",0,,,band_0
